Entity,Code,Year,Total energy supply
Afghanistan,AFG,1980,6.337187
Afghanistan,AFG,1981,7.2895555
Afghanistan,AFG,1982,7.8892436
Afghanistan,AFG,1983,9.882159
Afghanistan,AFG,1984,9.929878
Afghanistan,AFG,1985,9.629765
Afghanistan,AFG,1986,9.992568
Afghanistan,AFG,1987,16.930122
Afghanistan,AFG,1988,31.088501
Afghanistan,AFG,1989,30.508595
Afghanistan,AFG,1990,30.196873
Afghanistan,AFG,1991,12.496816
Afghanistan,AFG,1992,8.207146
Afghanistan,AFG,1993,8.15535
Afghanistan,AFG,1994,7.8710117
Afghanistan,AFG,1995,6.595779
Afghanistan,AFG,1996,6.552853
Afghanistan,AFG,1997,6.296196
Afghanistan,AFG,1998,6.1556935
Afghanistan,AFG,1999,6.149592
Afghanistan,AFG,2000,5.2878456
Afghanistan,AFG,2001,3.648982
Afghanistan,AFG,2002,3.3284762
Afghanistan,AFG,2003,3.9682345
Afghanistan,AFG,2004,3.7168705
Afghanistan,AFG,2005,5.0143623
Afghanistan,AFG,2006,6.530623
Afghanistan,AFG,2007,7.7582774
Afghanistan,AFG,2008,15.040055
Afghanistan,AFG,2009,25.258158
Afghanistan,AFG,2010,32.243504
Afghanistan,AFG,2011,41.391308
Afghanistan,AFG,2012,39.02113
Afghanistan,AFG,2013,31.869255
Afghanistan,AFG,2014,26.630217
Afghanistan,AFG,2015,30.95352
Afghanistan,AFG,2016,28.075348
Afghanistan,AFG,2017,36.517418
Afghanistan,AFG,2018,46.49251
Afghanistan,AFG,2019,47.11153
Afghanistan,AFG,2020,46.911743
Afghanistan,AFG,2021,47.569305
Afghanistan,AFG,2022,45.10633
Afghanistan,AFG,2023,40.281452
Afghanistan,AFG,2024,39.452576
Africa,OWID_AFR,1965,685.83185
Africa,OWID_AFR,1966,716.49835
Africa,OWID_AFR,1967,722.95166
Africa,OWID_AFR,1968,760.2566
Africa,OWID_AFR,1969,776.0744
Africa,OWID_AFR,1970,835.5776
Africa,OWID_AFR,1971,897.38074
Africa,OWID_AFR,1972,945.7526
Africa,OWID_AFR,1973,1027.0618
Africa,OWID_AFR,1974,1073.7666
Africa,OWID_AFR,1975,1137.9698
Africa,OWID_AFR,1976,1232.2246
Africa,OWID_AFR,1977,1296.5321
Africa,OWID_AFR,1978,1349.7837
Africa,OWID_AFR,1979,1472.6583
Africa,OWID_AFR,1980,1593.449
Africa,OWID_AFR,1981,1798.1638
Africa,OWID_AFR,1982,1924.5354
Africa,OWID_AFR,1983,1996.5093
Africa,OWID_AFR,1984,2059.174
Africa,OWID_AFR,1985,2136.9873
Africa,OWID_AFR,1986,2184.8489
Africa,OWID_AFR,1987,2265.7346
Africa,OWID_AFR,1988,2421.959
Africa,OWID_AFR,1989,2421.9705
Africa,OWID_AFR,1990,2504.7397
Africa,OWID_AFR,1991,2493.7039
Africa,OWID_AFR,1992,2532.1548
Africa,OWID_AFR,1993,2538.253
Africa,OWID_AFR,1994,2629.681
Africa,OWID_AFR,1995,2737.7454
Africa,OWID_AFR,1996,2806.0542
Africa,OWID_AFR,1997,2863.9507
Africa,OWID_AFR,1998,2902.1643
Africa,OWID_AFR,1999,2987.7224
Africa,OWID_AFR,2000,3051.6777
Africa,OWID_AFR,2001,3163.088
Africa,OWID_AFR,2002,3194.8982
Africa,OWID_AFR,2003,3301.0095
Africa,OWID_AFR,2004,3564.073
Africa,OWID_AFR,2005,3650.7651
Africa,OWID_AFR,2006,3739.8691
Africa,OWID_AFR,2007,3893.6492
Africa,OWID_AFR,2008,4079.2498
Africa,OWID_AFR,2009,4058.6372
Africa,OWID_AFR,2010,4223.0703
Africa,OWID_AFR,2011,4279.8584
Africa,OWID_AFR,2012,4559.4697
Africa,OWID_AFR,2013,4697.486
Africa,OWID_AFR,2014,4810.2163
Africa,OWID_AFR,2015,4966.579
Africa,OWID_AFR,2016,5025.662
Africa,OWID_AFR,2017,5085.65
Africa,OWID_AFR,2018,5274.0684
Africa,OWID_AFR,2019,5428.214
Africa,OWID_AFR,2020,5095.7363
Africa,OWID_AFR,2021,5506.982
Africa,OWID_AFR,2022,5621.656
Africa,OWID_AFR,2023,5689.595
Africa,OWID_AFR,2024,5880.385
Africa,OWID_AFR,2025,6070.5093
Africa (EI),,1965,685.83185
Africa (EI),,1966,716.49835
Africa (EI),,1967,722.95166
Africa (EI),,1968,760.2566
Africa (EI),,1969,776.0744
Africa (EI),,1970,835.5776
Africa (EI),,1971,897.38074
Africa (EI),,1972,945.7526
Africa (EI),,1973,1027.0618
Africa (EI),,1974,1073.7666
Africa (EI),,1975,1137.9698
Africa (EI),,1976,1232.2246
Africa (EI),,1977,1296.5321
Africa (EI),,1978,1349.7837
Africa (EI),,1979,1472.6583
Africa (EI),,1980,1593.449
Africa (EI),,1981,1798.1638
Africa (EI),,1982,1924.5354
Africa (EI),,1983,1996.5093
Africa (EI),,1984,2059.174
Africa (EI),,1985,2136.9873
Africa (EI),,1986,2184.8489
Africa (EI),,1987,2265.7346
Africa (EI),,1988,2421.959
Africa (EI),,1989,2421.9705
Africa (EI),,1990,2504.7397
Africa (EI),,1991,2493.7039
Africa (EI),,1992,2532.1548
Africa (EI),,1993,2538.253
Africa (EI),,1994,2629.681
Africa (EI),,1995,2737.7454
Africa (EI),,1996,2806.0542
Africa (EI),,1997,2863.9507
Africa (EI),,1998,2902.1643
Africa (EI),,1999,2987.7224
Africa (EI),,2000,3051.6777
Africa (EI),,2001,3163.088
Africa (EI),,2002,3194.8982
Africa (EI),,2003,3301.0095
Africa (EI),,2004,3564.073
Africa (EI),,2005,3650.7651
Africa (EI),,2006,3739.8691
Africa (EI),,2007,3893.6492
Africa (EI),,2008,4079.2498
Africa (EI),,2009,4058.6372
Africa (EI),,2010,4223.0703
Africa (EI),,2011,4279.8584
Africa (EI),,2012,4559.4697
Africa (EI),,2013,4697.486
Africa (EI),,2014,4810.2163
Africa (EI),,2015,4966.579
Africa (EI),,2016,5025.662
Africa (EI),,2017,5085.65
Africa (EI),,2018,5274.0684
Africa (EI),,2019,5428.214
Africa (EI),,2020,5095.7363
Africa (EI),,2021,5506.982
Africa (EI),,2022,5621.656
Africa (EI),,2023,5689.595
Africa (EI),,2024,5880.385
Africa (EI),,2025,6070.5093
Albania,ALB,1980,41.79759
Albania,ALB,1981,41.26299
Albania,ALB,1982,41.34226
Albania,ALB,1983,43.03022
Albania,ALB,1984,43.26562
Albania,ALB,1985,43.00399
Albania,ALB,1986,41.735207
Albania,ALB,1987,40.66661
Albania,ALB,1988,41.887814
Albania,ALB,1989,39.078743
Albania,ALB,1990,27.881
Albania,ALB,1991,21.059967
Albania,ALB,1992,18.201406
Albania,ALB,1993,15.006663
Albania,ALB,1994,13.014148
Albania,ALB,1995,14.311386
Albania,ALB,1996,13.501373
Albania,ALB,1997,12.92209
Albania,ALB,1998,14.884109
Albania,ALB,1999,11.668021
Albania,ALB,2000,19.68313
Albania,ALB,2001,20.095545
Albania,ALB,2002,22.608082
Albania,ALB,2003,23.203224
Albania,ALB,2004,25.014086
Albania,ALB,2005,24.745762
Albania,ALB,2006,23.525988
Albania,ALB,2007,23.1417
Albania,ALB,2008,23.89406
Albania,ALB,2009,24.09714
Albania,ALB,2010,22.207493
Albania,ALB,2011,23.968044
Albania,ALB,2012,22.487736
Albania,ALB,2013,26.35829
Albania,ALB,2014,25.74725
Albania,ALB,2015,24.037636
Albania,ALB,2016,26.761011
Albania,ALB,2017,29.29028
Albania,ALB,2018,27.993164
Albania,ALB,2019,24.897661
Albania,ALB,2020,21.119665
Albania,ALB,2021,25.492609
Albania,ALB,2022,25.869106
Albania,ALB,2023,24.381207
Albania,ALB,2024,25.593603
Algeria,DZA,1965,24.04985
Algeria,DZA,1966,29.137794
Algeria,DZA,1967,27.445042
Algeria,DZA,1968,29.243202
Algeria,DZA,1969,32.832718
Algeria,DZA,1970,35.623844
Algeria,DZA,1971,39.08704
Algeria,DZA,1972,43.679142
Algeria,DZA,1973,51.779022
Algeria,DZA,1974,57.93631
Algeria,DZA,1975,69.72779
Algeria,DZA,1976,81.34084
Algeria,DZA,1977,89.68617
Algeria,DZA,1978,112.87222
Algeria,DZA,1979,147.97073
Algeria,DZA,1980,176.64
Algeria,DZA,1981,214.46992
Algeria,DZA,1982,247.17471
Algeria,DZA,1983,270.50677
Algeria,DZA,1984,259.3116
Algeria,DZA,1985,261.03238
Algeria,DZA,1986,277.0013
Algeria,DZA,1987,284.19156
Algeria,DZA,1988,305.0637
Algeria,DZA,1989,296.62598
Algeria,DZA,1990,314.70953
Algeria,DZA,1991,311.5217
Algeria,DZA,1992,319.83743
Algeria,DZA,1993,297.30417
Algeria,DZA,1994,301.59625
Algeria,DZA,1995,312.76712
Algeria,DZA,1996,309.66052
Algeria,DZA,1997,297.71298
Algeria,DZA,1998,307.92822
Algeria,DZA,1999,311.0369
Algeria,DZA,2000,299.83997
Algeria,DZA,2001,310.67923
Algeria,DZA,2002,321.84113
Algeria,DZA,2003,336.41858
Algeria,DZA,2004,349.3055
Algeria,DZA,2005,365.23676
Algeria,DZA,2006,378.81848
Algeria,DZA,2007,399.2267
Algeria,DZA,2008,423.0447
Algeria,DZA,2009,448.24625
Algeria,DZA,2010,438.67157
Algeria,DZA,2011,463.79166
Algeria,DZA,2012,506.9477
Algeria,DZA,2013,536.75665
Algeria,DZA,2014,585.1792
Algeria,DZA,2015,617.1423
Algeria,DZA,2016,616.4323
Algeria,DZA,2017,622.83276
Algeria,DZA,2018,668.4184
Algeria,DZA,2019,693.0777
Algeria,DZA,2020,647.69165
Algeria,DZA,2021,706.5218
Algeria,DZA,2022,733.1534
Algeria,DZA,2023,752.4076
Algeria,DZA,2024,781.4517
Algeria,DZA,2025,796.19794
American Samoa,ASM,1980,1.7271007
American Samoa,ASM,1981,2.0299501
American Samoa,ASM,1982,2.8296273
American Samoa,ASM,1983,1.7838955
American Samoa,ASM,1984,2.0355115
American Samoa,ASM,1985,1.9069229
American Samoa,ASM,1986,1.9684364
American Samoa,ASM,1987,2.0435872
American Samoa,ASM,1988,1.9866744
American Samoa,ASM,1989,2.2877688
American Samoa,ASM,1990,2.4062712
American Samoa,ASM,1991,2.4062712
American Samoa,ASM,1992,2.4751372
American Samoa,ASM,1993,2.4079294
American Samoa,ASM,1994,2.3456187
American Samoa,ASM,1995,2.283308
American Samoa,ASM,1996,2.289356
American Samoa,ASM,1997,2.3456187
American Samoa,ASM,1998,2.3456187
American Samoa,ASM,1999,2.3456218
American Samoa,ASM,2000,2.296828
American Samoa,ASM,2001,2.296828
American Samoa,ASM,2002,2.3349886
American Samoa,ASM,2003,2.3349886
American Samoa,ASM,2004,2.3349886
American Samoa,ASM,2005,2.4804015
American Samoa,ASM,2006,2.5224495
American Samoa,ASM,2007,2.5224495
American Samoa,ASM,2008,2.5293603
American Samoa,ASM,2009,2.5224495
American Samoa,ASM,2010,2.370842
American Samoa,ASM,2011,1.9713249
American Samoa,ASM,2012,1.9827338
American Samoa,ASM,2013,1.9720514
American Samoa,ASM,2014,1.869285
American Samoa,ASM,2015,1.869285
American Samoa,ASM,2016,1.8754008
American Samoa,ASM,2017,1.872285
American Samoa,ASM,2018,1.8724091
American Samoa,ASM,2019,1.8800503
American Samoa,ASM,2020,1.823041
American Samoa,ASM,2021,1.8523487
American Samoa,ASM,2022,1.8523836
American Samoa,ASM,2023,1.8860208
American Samoa,ASM,2024,2.3183677
Angola,AGO,1980,16.021885
Angola,AGO,1981,15.864532
Angola,AGO,1982,16.934462
Angola,AGO,1983,18.179867
Angola,AGO,1984,16.317608
Angola,AGO,1985,20.381855
Angola,AGO,1986,19.990644
Angola,AGO,1987,20.66472
Angola,AGO,1988,21.374676
Angola,AGO,1989,20.603249
Angola,AGO,1990,21.860146
Angola,AGO,1991,22.982357
Angola,AGO,1992,23.12407
Angola,AGO,1993,22.580256
Angola,AGO,1994,21.975945
Angola,AGO,1995,23.693842
Angola,AGO,1996,22.644371
Angola,AGO,1997,25.798141
Angola,AGO,1998,22.686739
Angola,AGO,1999,25.883602
Angola,AGO,2000,30.66043
Angola,AGO,2001,33.201447
Angola,AGO,2002,35.314377
Angola,AGO,2003,39.26023
Angola,AGO,2004,42.743877
Angola,AGO,2005,35.013577
Angola,AGO,2006,44.338596
Angola,AGO,2007,52.182037
Angola,AGO,2008,60.822655
Angola,AGO,2009,70.33233
Angola,AGO,2010,76.38132
Angola,AGO,2011,79.88989
Angola,AGO,2012,86.099236
Angola,AGO,2013,93.415596
Angola,AGO,2014,103.22715
Angola,AGO,2015,108.4906
Angola,AGO,2016,97.2085
Angola,AGO,2017,83.8743
Angola,AGO,2018,94.02204
Angola,AGO,2019,97.73147
Angola,AGO,2020,77.82087
Angola,AGO,2021,87.36569
Angola,AGO,2022,97.61559
Angola,AGO,2023,98.86357
Angola,AGO,2024,100.76475
Antarctica,ATA,1980,0.6248129
Antarctica,ATA,1981,0.62310576
Antarctica,ATA,1982,0.62310576
Antarctica,ATA,1983,0.62310576
Antarctica,ATA,1984,0.81225675
Antarctica,ATA,1985,0.872348
Antarctica,ATA,1986,0.81003743
Antarctica,ATA,1987,0.81003743
Antarctica,ATA,1988,0.87473804
Antarctica,ATA,1989,0.81003743
Antarctica,ATA,1990,0.872348
Antarctica,ATA,1991,0.872348
Antarctica,ATA,1992,0.87473804
Antarctica,ATA,1993,0.872348
Antarctica,ATA,1994,0.872348
Antarctica,ATA,1995,0.9346586
Antarctica,ATA,1996,0.9372193
Antarctica,ATA,1997,0.9346586
Antarctica,ATA,1998,0.9346586
Antarctica,ATA,1999,0.9346586
Antarctica,ATA,2000,0.92967373
Antarctica,ATA,2001,0.9551442
Antarctica,ATA,2002,0.9551442
Antarctica,ATA,2003,0.9551442
Antarctica,ATA,2004,0.9678795
Antarctica,ATA,2005,0.9698795
Antarctica,ATA,2006,0.9698795
Antarctica,ATA,2007,0.98261476
Antarctica,ATA,2008,0.045494396
Antarctica,ATA,2009,0.05995284
Antarctica,ATA,2010,0.05995284
Antarctica,ATA,2011,0.05995284
Antarctica,ATA,2012,0.0566058
Antarctica,ATA,2013,0.05645284
Antarctica,ATA,2014,0.05645284
Antarctica,ATA,2015,0.05651072
Antarctica,ATA,2016,0.05646241
Antarctica,ATA,2017,0.054660268
Antarctica,ATA,2018,0.054660268
Antarctica,ATA,2019,0.054660305
Antarctica,ATA,2020,0.046015892
Antarctica,ATA,2021,0.048966072
Antarctica,ATA,2022,0.05156148
Antarctica,ATA,2023,0.057045743
Antarctica,ATA,2024,0.05081559
Antigua and Barbuda,ATG,1980,1.7012352
Antigua and Barbuda,ATG,1981,1.5148098
Antigua and Barbuda,ATG,1982,2.0601413
Antigua and Barbuda,ATG,1983,1.2118479
Antigua and Barbuda,ATG,1984,1.3366848
Antigua and Barbuda,ATG,1985,1.3330326
Antigua and Barbuda,ATG,1986,1.3552761
Antigua and Barbuda,ATG,1987,1.6868929
Antigua and Barbuda,ATG,1988,1.6914043
Antigua and Barbuda,ATG,1989,1.6868929
Antigua and Barbuda,ATG,1990,1.7492034
Antigua and Barbuda,ATG,1991,1.7430847
Antigua and Barbuda,ATG,1992,1.7477502
Antigua and Barbuda,ATG,1993,1.7430847
Antigua and Barbuda,ATG,1994,1.8660477
Antigua and Barbuda,ATG,1995,1.9894923
Antigua and Barbuda,ATG,1996,1.9948328
Antigua and Barbuda,ATG,1997,2.050145
Antigua and Barbuda,ATG,1998,2.050145
Antigua and Barbuda,ATG,1999,2.0501504
Antigua and Barbuda,ATG,2000,2.1362836
Antigua and Barbuda,ATG,2001,2.1362836
Antigua and Barbuda,ATG,2002,2.2902532
Antigua and Barbuda,ATG,2003,2.40722
Antigua and Barbuda,ATG,2004,2.4967196
Antigua and Barbuda,ATG,2005,2.5349038
Antigua and Barbuda,ATG,2006,2.6126006
Antigua and Barbuda,ATG,2007,2.7379866
Antigua and Barbuda,ATG,2008,2.8008583
Antigua and Barbuda,ATG,2009,2.934522
Antigua and Barbuda,ATG,2010,2.8370185
Antigua and Barbuda,ATG,2011,2.828489
Antigua and Barbuda,ATG,2012,2.9067843
Antigua and Barbuda,ATG,2013,2.9068844
Antigua and Barbuda,ATG,2014,2.9721794
Antigua and Barbuda,ATG,2015,3.0341225
Antigua and Barbuda,ATG,2016,3.0791197
Antigua and Barbuda,ATG,2017,2.9270098
Antigua and Barbuda,ATG,2018,2.917435
Antigua and Barbuda,ATG,2019,3.0267084
Antigua and Barbuda,ATG,2020,2.9243906
Antigua and Barbuda,ATG,2021,3.0405998
Antigua and Barbuda,ATG,2022,3.0544302
Antigua and Barbuda,ATG,2023,3.0864837
Antigua and Barbuda,ATG,2024,3.1175308
Argentina,ARG,1965,326.1301
Argentina,ARG,1966,336.74628
Argentina,ARG,1967,346.5455
Argentina,ARG,1968,357.9135
Argentina,ARG,1969,370.28198
Argentina,ARG,1970,350.43015
Argentina,ARG,1971,371.70633
Argentina,ARG,1972,376.49496
Argentina,ARG,1973,390.58212
Argentina,ARG,1974,402.6932
Argentina,ARG,1975,392.87997
Argentina,ARG,1976,413.3858
Argentina,ARG,1977,430.47806
Argentina,ARG,1978,429.87515
Argentina,ARG,1979,455.41562
Argentina,ARG,1980,444.0862
Argentina,ARG,1981,430.65997
Argentina,ARG,1982,436.26917
Argentina,ARG,1983,455.45477
Argentina,ARG,1984,454.3692
Argentina,ARG,1985,446.7667
Argentina,ARG,1986,469.63293
Argentina,ARG,1987,491.00717
Argentina,ARG,1988,512.6187
Argentina,ARG,1989,497.25995
Argentina,ARG,1990,480.34314
Argentina,ARG,1991,492.87674
Argentina,ARG,1992,524.17676
Argentina,ARG,1993,533.79486
Argentina,ARG,1994,559.34814
Argentina,ARG,1995,580.12714
Argentina,ARG,1996,616.5107
Argentina,ARG,1997,615.8106
Argentina,ARG,1998,643.7845
Argentina,ARG,1999,664.93427
Argentina,ARG,2000,648.7735
Argentina,ARG,2001,617.7926
Argentina,ARG,2002,590.60596
Argentina,ARG,2003,642.11316
Argentina,ARG,2004,695.6464
Argentina,ARG,2005,734.268
Argentina,ARG,2006,767.9227
Argentina,ARG,2007,814.0303
Argentina,ARG,2008,824.79504
Argentina,ARG,2009,792.7025
Argentina,ARG,2010,825.41156
Argentina,ARG,2011,854.70605
Argentina,ARG,2012,891.12976
Argentina,ARG,2013,907.39355
Argentina,ARG,2014,908.9932
Argentina,ARG,2015,921.7314
Argentina,ARG,2016,932.2912
Argentina,ARG,2017,916.9338
Argentina,ARG,2018,910.747
Argentina,ARG,2019,868.8558
Argentina,ARG,2020,812.284
Argentina,ARG,2021,893.49664
Argentina,ARG,2022,930.8273
Argentina,ARG,2023,917.88666
Argentina,ARG,2024,886.6813
Argentina,ARG,2025,876.13403
Armenia,ARM,1992,51.637573
Armenia,ARM,1993,35.368565
Armenia,ARM,1994,32.256992
Armenia,ARM,1995,34.702976
Armenia,ARM,1996,46.182487
Armenia,ARM,1997,38.83996
Armenia,ARM,1998,41.16438
Armenia,ARM,1999,24.93982
Armenia,ARM,2000,26.842886
Armenia,ARM,2001,26.944284
Armenia,ARM,2002,24.425701
Armenia,ARM,2003,26.56835
Armenia,ARM,2004,27.731493
Armenia,ARM,2005,33.203064
Armenia,ARM,2006,33.14623
Armenia,ARM,2007,37.60596
Armenia,ARM,2008,36.162075
Armenia,ARM,2009,31.598806
Armenia,ARM,2010,34.658035
Armenia,ARM,2011,36.70782
Armenia,ARM,2012,39.76565
Armenia,ARM,2013,39.18313
Armenia,ARM,2014,40.35307
Armenia,ARM,2015,36.87443
Armenia,ARM,2016,36.976322
Armenia,ARM,2017,39.814976
Armenia,ARM,2018,39.06568
Armenia,ARM,2019,41.378082
Armenia,ARM,2020,44.737442
Armenia,ARM,2021,45.857616
Armenia,ARM,2022,49.535213
Armenia,ARM,2023,48.383133
Armenia,ARM,2024,49.780125
Aruba,ABW,1986,0.42608666
Aruba,ABW,1987,0.42608666
Aruba,ABW,1988,1.6324506
Aruba,ABW,1989,2.1700447
Aruba,ABW,1990,2.2920136
Aruba,ABW,1991,2.5002792
Aruba,ABW,1992,2.746373
Aruba,ABW,1993,2.7903798
Aruba,ABW,1994,3.0615923
Aruba,ABW,1995,3.4651082
Aruba,ABW,1996,2.2837791
Aruba,ABW,1997,3.6933842
Aruba,ABW,1998,3.6933842
Aruba,ABW,1999,3.6933892
Aruba,ABW,2000,4.41737
Aruba,ABW,2001,4.5707107
Aruba,ABW,2002,4.72478
Aruba,ABW,2003,5.2614985
Aruba,ABW,2004,5.486875
Aruba,ABW,2005,5.9253016
Aruba,ABW,2006,5.914013
Aruba,ABW,2007,6.094255
Aruba,ABW,2008,5.724894
Aruba,ABW,2009,5.651724
Aruba,ABW,2010,5.1605988
Aruba,ABW,2011,4.0527987
Aruba,ABW,2012,5.0970907
Aruba,ABW,2013,4.896962
Aruba,ABW,2014,4.96135
Aruba,ABW,2015,5.0959563
Aruba,ABW,2016,4.999515
Aruba,ABW,2017,5.1875834
Aruba,ABW,2018,4.9051366
Aruba,ABW,2019,4.672748
Aruba,ABW,2020,4.568215
Aruba,ABW,2021,4.8276005
Aruba,ABW,2022,4.939797
Aruba,ABW,2023,4.8836246
Aruba,ABW,2024,4.925558
Asia,OWID_ASI,1965,5090.468
Asia,OWID_ASI,1966,5593.9014
Asia,OWID_ASI,1967,5848.9478
Asia,OWID_ASI,1968,6277.6045
Asia,OWID_ASI,1969,7234.2637
Asia,OWID_ASI,1970,8291.703
Asia,OWID_ASI,1971,9034.87
Asia,OWID_ASI,1972,9698.79
Asia,OWID_ASI,1973,10517.714
Asia,OWID_ASI,1974,10662.5205
Asia,OWID_ASI,1975,11175.62
Asia,OWID_ASI,1976,11853.135
Asia,OWID_ASI,1977,12614.39
Asia,OWID_ASI,1978,13425.267
Asia,OWID_ASI,1979,14084.159
Asia,OWID_ASI,1980,14062.471
Asia,OWID_ASI,1981,14249.985
Asia,OWID_ASI,1982,14623.223
Asia,OWID_ASI,1983,15487.345
Asia,OWID_ASI,1984,16557.398
Asia,OWID_ASI,1985,19446.271
Asia,OWID_ASI,1986,20266.447
Asia,OWID_ASI,1987,21543.889
Asia,OWID_ASI,1988,22944.332
Asia,OWID_ASI,1989,24057.16
Asia,OWID_ASI,1990,24987.38
Asia,OWID_ASI,1991,25995.244
Asia,OWID_ASI,1992,27202.973
Asia,OWID_ASI,1993,28285.44
Asia,OWID_ASI,1994,29824.213
Asia,OWID_ASI,1995,31006.26
Asia,OWID_ASI,1996,32421.914
Asia,OWID_ASI,1997,33416.242
Asia,OWID_ASI,1998,33437.71
Asia,OWID_ASI,1999,34584.34
Asia,OWID_ASI,2000,36014.26
Asia,OWID_ASI,2001,37203.223
Asia,OWID_ASI,2002,39072.723
Asia,OWID_ASI,2003,42159.27
Asia,OWID_ASI,2004,46163.52
Asia,OWID_ASI,2005,49751.47
Asia,OWID_ASI,2006,52582.477
Asia,OWID_ASI,2007,55771.91
Asia,OWID_ASI,2008,57400.7
Asia,OWID_ASI,2009,58791.953
Asia,OWID_ASI,2010,62496.945
Asia,OWID_ASI,2011,65725.54
Asia,OWID_ASI,2012,67738.82
Asia,OWID_ASI,2013,69203.46
Asia,OWID_ASI,2014,70839.36
Asia,OWID_ASI,2015,72075.44
Asia,OWID_ASI,2016,73291.36
Asia,OWID_ASI,2017,75684.81
Asia,OWID_ASI,2018,78310.59
Asia,OWID_ASI,2019,79903.76
Asia,OWID_ASI,2020,78965.52
Asia,OWID_ASI,2021,82958.7
Asia,OWID_ASI,2022,85145.055
Asia,OWID_ASI,2023,88809.49
Asia,OWID_ASI,2024,91506.586
Asia,OWID_ASI,2025,93049.555
Asia Pacific (EI),,1965,4955.057
Asia Pacific (EI),,1966,5449.124
Asia Pacific (EI),,1967,5694.072
Asia Pacific (EI),,1968,6103.9375
Asia Pacific (EI),,1969,7034.6406
Asia Pacific (EI),,1970,8091.6665
Asia Pacific (EI),,1971,8792.679
Asia Pacific (EI),,1972,9414.889
Asia Pacific (EI),,1973,10169.893
Asia Pacific (EI),,1974,10298.295
Asia Pacific (EI),,1975,10808.603
Asia Pacific (EI),,1976,11374.367
Asia Pacific (EI),,1977,12005.5625
Asia Pacific (EI),,1978,12753.049
Asia Pacific (EI),,1979,13237.817
Asia Pacific (EI),,1980,13263.71
Asia Pacific (EI),,1981,13336.319
Asia Pacific (EI),,1982,13523.456
Asia Pacific (EI),,1983,14192.164
Asia Pacific (EI),,1984,15034.266
Asia Pacific (EI),,1985,15835.247
Asia Pacific (EI),,1986,16480.547
Asia Pacific (EI),,1987,17552.855
Asia Pacific (EI),,1988,18762.822
Asia Pacific (EI),,1989,19769.066
Asia Pacific (EI),,1990,20567.152
Asia Pacific (EI),,1991,21545.176
Asia Pacific (EI),,1992,22578.703
Asia Pacific (EI),,1993,23759.89
Asia Pacific (EI),,1994,25099.086
Asia Pacific (EI),,1995,26244.664
Asia Pacific (EI),,1996,27549.137
Asia Pacific (EI),,1997,28436.674
Asia Pacific (EI),,1998,28352.35
Asia Pacific (EI),,1999,29454.15
Asia Pacific (EI),,2000,30641.723
Asia Pacific (EI),,2001,31588.36
Asia Pacific (EI),,2002,33144.668
Asia Pacific (EI),,2003,35940.53
Asia Pacific (EI),,2004,39431.832
Asia Pacific (EI),,2005,42605.098
Asia Pacific (EI),,2006,45060.543
Asia Pacific (EI),,2007,47809.68
Asia Pacific (EI),,2008,48946.07
Asia Pacific (EI),,2009,50183.805
Asia Pacific (EI),,2010,53234.53
Asia Pacific (EI),,2011,55904.945
Asia Pacific (EI),,2012,57467.27
Asia Pacific (EI),,2013,58726.617
Asia Pacific (EI),,2014,59961.684
Asia Pacific (EI),,2015,60931.65
Asia Pacific (EI),,2016,61633.242
Asia Pacific (EI),,2017,63691.348
Asia Pacific (EI),,2018,66168.85
Asia Pacific (EI),,2019,67662.1
Asia Pacific (EI),,2020,66888
Asia Pacific (EI),,2021,70296.21
Asia Pacific (EI),,2022,72034.28
Asia Pacific (EI),,2023,75319.93
Asia Pacific (EI),,2024,77665.4
Asia Pacific (EI),,2025,78844.73
Australia,AUS,1965,410.66336
Australia,AUS,1966,431.68137
Australia,AUS,1967,458.16162
Australia,AUS,1968,486.08905
Australia,AUS,1969,505.38806
Australia,AUS,1970,550.15546
Australia,AUS,1971,576.2451
Australia,AUS,1972,603.43994
Australia,AUS,1973,645.25793
Australia,AUS,1974,684.68054
Australia,AUS,1975,694.6858
Australia,AUS,1976,721.3109
Australia,AUS,1977,759.3937
Australia,AUS,1978,782.4358
Australia,AUS,1979,813.34436
Australia,AUS,1980,817.8306
Australia,AUS,1981,830.59216
Australia,AUS,1982,824.8445
Australia,AUS,1983,817.776
Australia,AUS,1984,845.5967
Australia,AUS,1985,868.9379
Australia,AUS,1986,884.8884
Australia,AUS,1987,910.81995
Australia,AUS,1988,953.14355
Australia,AUS,1989,1001.68744
Australia,AUS,1990,1022.07214
Australia,AUS,1991,1013.1789
Australia,AUS,1992,1029.0907
Australia,AUS,1993,1052.2325
Australia,AUS,1994,1093.7885
Australia,AUS,1995,1123.5205
Australia,AUS,1996,1156.6696
Australia,AUS,1997,1185.8331
Australia,AUS,1998,1215.1342
Australia,AUS,1999,1265.1375
Australia,AUS,2000,1272.537
Australia,AUS,2001,1283.3512
Australia,AUS,2002,1309.5206
Australia,AUS,2003,1328.3303
Australia,AUS,2004,1372.842
Australia,AUS,2005,1378.3309
Australia,AUS,2006,1438.4553
Australia,AUS,2007,1476.2097
Australia,AUS,2008,1503.2527
Australia,AUS,2009,1477.9575
Australia,AUS,2010,1473.4521
Australia,AUS,2011,1508.8617
Australia,AUS,2012,1488.2816
Australia,AUS,2013,1499.5
Australia,AUS,2014,1515.9603
Australia,AUS,2015,1546.4629
Australia,AUS,2016,1542.1884
Australia,AUS,2017,1542.0562
Australia,AUS,2018,1549.4937
Australia,AUS,2019,1594.7732
Australia,AUS,2020,1485.6993
Australia,AUS,2021,1469.1018
Australia,AUS,2022,1524.6498
Australia,AUS,2023,1510.3182
Australia,AUS,2024,1542.0748
Australia,AUS,2025,1535.537
Austria,AUT,1965,158.02402
Austria,AUT,1966,164.40848
Austria,AUT,1967,165.7287
Austria,AUT,1968,178.65372
Austria,AUT,1969,189.20955
Austria,AUT,1970,212.4855
Austria,AUT,1971,220.16739
Austria,AUT,1972,227.99411
Austria,AUT,1973,243.91794
Austria,AUT,1974,238.51462
Austria,AUT,1975,234.49663
Austria,AUT,1976,250.64705
Austria,AUT,1977,242.82794
Austria,AUT,1978,255.38095
Austria,AUT,1979,267.23206
Austria,AUT,1980,263.90607
Austria,AUT,1981,251.15228
Austria,AUT,1982,240.85791
Austria,AUT,1983,240.59898
Austria,AUT,1984,244.92432
Austria,AUT,1985,255.42624
Austria,AUT,1986,255.7475
Austria,AUT,1987,264.61847
Austria,AUT,1988,259.87277
Austria,AUT,1989,262.1385
Austria,AUT,1990,271.97632
Austria,AUT,1991,287.66727
Austria,AUT,1992,276.37897
Austria,AUT,1993,280.38855
Austria,AUT,1994,279.33093
Austria,AUT,1995,294.8167
Austria,AUT,1996,308.46686
Austria,AUT,1997,309.59076
Austria,AUT,1998,316.1287
Austria,AUT,1999,312.79373
Austria,AUT,2000,312.9144
Austria,AUT,2001,327.58633
Austria,AUT,2002,329.0083
Austria,AUT,2003,343.612
Austria,AUT,2004,351.1924
Austria,AUT,2005,359.32867
Austria,AUT,2006,356.2847
Austria,AUT,2007,347.93417
Austria,AUT,2008,350.82224
Austria,AUT,2009,332.18237
Austria,AUT,2010,348.90063
Austria,AUT,2011,331.21384
Austria,AUT,2012,332.39145
Austria,AUT,2013,331.07495
Austria,AUT,2014,316.15338
Austria,AUT,2015,322.9422
Austria,AUT,2016,331.22433
Austria,AUT,2017,340.12823
Austria,AUT,2018,333.34268
Austria,AUT,2019,345.44327
Austria,AUT,2020,315.7824
Austria,AUT,2021,327.35663
Austria,AUT,2022,307.6757
Austria,AUT,2023,306.39737
Austria,AUT,2024,309.88654
Austria,AUT,2025,304.74237
Azerbaijan,AZE,1985,232.38184
Azerbaijan,AZE,1986,251.26033
Azerbaijan,AZE,1987,243.44872
Azerbaijan,AZE,1988,243.83781
Azerbaijan,AZE,1989,248.68535
Azerbaijan,AZE,1990,257.30655
Azerbaijan,AZE,1991,246.90831
Azerbaijan,AZE,1992,210.97438
Azerbaijan,AZE,1993,181.23256
Azerbaijan,AZE,1994,167.2834
Azerbaijan,AZE,1995,157.60292
Azerbaijan,AZE,1996,128.73282
Azerbaijan,AZE,1997,122.804276
Azerbaijan,AZE,1998,122.82709
Azerbaijan,AZE,1999,123.40618
Azerbaijan,AZE,2000,129.0532
Azerbaijan,AZE,2001,124.70641
Azerbaijan,AZE,2002,121.7326
Azerbaijan,AZE,2003,131.3419
Azerbaijan,AZE,2004,148.71399
Azerbaijan,AZE,2005,161.22963
Azerbaijan,AZE,2006,159.44484
Azerbaijan,AZE,2007,146.75063
Azerbaijan,AZE,2008,147.12346
Azerbaijan,AZE,2009,126.02623
Azerbaijan,AZE,2010,122.319305
Azerbaijan,AZE,2011,141.03343
Azerbaijan,AZE,2012,146.91878
Azerbaijan,AZE,2013,151.62883
Azerbaijan,AZE,2014,154.99701
Azerbaijan,AZE,2015,169.0236
Azerbaijan,AZE,2016,166.79495
Azerbaijan,AZE,2017,163.94038
Azerbaijan,AZE,2018,173.04321
Azerbaijan,AZE,2019,183.07002
Azerbaijan,AZE,2020,182.94023
Azerbaijan,AZE,2021,195.23181
Azerbaijan,AZE,2022,207.4734
Azerbaijan,AZE,2023,214.3803
Azerbaijan,AZE,2024,202.35907
Azerbaijan,AZE,2025,198.0173
Bahamas,BHS,1980,17.676077
Bahamas,BHS,1981,18.257345
Bahamas,BHS,1982,15.739092
Bahamas,BHS,1983,11.961709
Bahamas,BHS,1984,10.731904
Bahamas,BHS,1985,9.443455
Bahamas,BHS,1986,9.506412
Bahamas,BHS,1987,10.607506
Bahamas,BHS,1988,9.873427
Bahamas,BHS,1989,11.2905655
Bahamas,BHS,1990,12.011941
Bahamas,BHS,1991,10.654455
Bahamas,BHS,1992,9.014254
Bahamas,BHS,1993,9.518383
Bahamas,BHS,1994,10.574259
Bahamas,BHS,1995,12.637075
Bahamas,BHS,1996,14.246269
Bahamas,BHS,1997,13.885385
Bahamas,BHS,1998,15.768511
Bahamas,BHS,1999,13.869434
Bahamas,BHS,2000,16.462982
Bahamas,BHS,2001,16.77847
Bahamas,BHS,2002,17.401781
Bahamas,BHS,2003,12.155077
Bahamas,BHS,2004,13.472551
Bahamas,BHS,2005,12.954244
Bahamas,BHS,2006,15.046232
Bahamas,BHS,2007,17.3275
Bahamas,BHS,2008,16.932302
Bahamas,BHS,2009,12.729477
Bahamas,BHS,2010,13.261997
Bahamas,BHS,2011,11.708908
Bahamas,BHS,2012,13.532392
Bahamas,BHS,2013,12.590741
Bahamas,BHS,2014,12.360112
Bahamas,BHS,2015,11.815636
Bahamas,BHS,2016,12.37
Bahamas,BHS,2017,14.7514515
Bahamas,BHS,2018,12.15481
Bahamas,BHS,2019,12.596218
Bahamas,BHS,2020,10.4798
Bahamas,BHS,2021,13.323683
Bahamas,BHS,2022,12.39735
Bahamas,BHS,2023,13.874553
Bahamas,BHS,2024,13.901744
Bahrain,BHR,1980,40.17396
Bahrain,BHR,1981,46.284943
Bahrain,BHR,1982,49.353394
Bahrain,BHR,1983,51.830383
Bahrain,BHR,1984,50.299862
Bahrain,BHR,1985,59.78614
Bahrain,BHR,1986,64.76512
Bahrain,BHR,1987,77.9039
Bahrain,BHR,1988,67.099655
Bahrain,BHR,1989,68.61094
Bahrain,BHR,1990,75.09364
Bahrain,BHR,1991,84.05013
Bahrain,BHR,1992,70.512344
Bahrain,BHR,1993,84.20873
Bahrain,BHR,1994,82.96671
Bahrain,BHR,1995,83.11347
Bahrain,BHR,1996,83.315956
Bahrain,BHR,1997,98.160706
Bahrain,BHR,1998,103.04096
Bahrain,BHR,1999,105.71972
Bahrain,BHR,2000,111.87704
Bahrain,BHR,2001,115.79027
Bahrain,BHR,2002,123.54703
Bahrain,BHR,2003,129.08144
Bahrain,BHR,2004,133.71312
Bahrain,BHR,2005,150.00444
Bahrain,BHR,2006,160.05092
Bahrain,BHR,2007,164.32753
Bahrain,BHR,2008,172.0815
Bahrain,BHR,2009,170.37105
Bahrain,BHR,2010,172.23476
Bahrain,BHR,2011,170.415
Bahrain,BHR,2012,183.06873
Bahrain,BHR,2013,203.5907
Bahrain,BHR,2014,201.80885
Bahrain,BHR,2015,203.59119
Bahrain,BHR,2016,203.13878
Bahrain,BHR,2017,208.11104
Bahrain,BHR,2018,211.51804
Bahrain,BHR,2019,231.25887
Bahrain,BHR,2020,228.86316
Bahrain,BHR,2021,239.12514
Bahrain,BHR,2022,236.92613
Bahrain,BHR,2023,241.8725
Bahrain,BHR,2024,244.3345
Bangladesh,BGD,1965,0
Bangladesh,BGD,1966,0
Bangladesh,BGD,1967,0
Bangladesh,BGD,1968,0
Bangladesh,BGD,1969,0
Bangladesh,BGD,1970,0
Bangladesh,BGD,1971,13.064406
Bangladesh,BGD,1972,14.848129
Bangladesh,BGD,1973,18.832489
Bangladesh,BGD,1974,20.271002
Bangladesh,BGD,1975,20.477861
Bangladesh,BGD,1976,23.926258
Bangladesh,BGD,1977,24.583006
Bangladesh,BGD,1978,26.033688
Bangladesh,BGD,1979,28.646145
Bangladesh,BGD,1980,33.60946
Bangladesh,BGD,1981,35.616577
Bangladesh,BGD,1982,39.61784
Bangladesh,BGD,1983,38.894665
Bangladesh,BGD,1984,41.687103
Bangladesh,BGD,1985,46.82789
Bangladesh,BGD,1986,51.65593
Bangladesh,BGD,1987,56.972786
Bangladesh,BGD,1988,63.255405
Bangladesh,BGD,1989,67.81382
Bangladesh,BGD,1990,72.12642
Bangladesh,BGD,1991,69.61465
Bangladesh,BGD,1992,76.15279
Bangladesh,BGD,1993,84.24591
Bangladesh,BGD,1994,89.0325
Bangladesh,BGD,1995,106.38062
Bangladesh,BGD,1996,110.75625
Bangladesh,BGD,1997,116.483734
Bangladesh,BGD,1998,123.86638
Bangladesh,BGD,1999,125.3552
Bangladesh,BGD,2000,134.78218
Bangladesh,BGD,2001,153.76138
Bangladesh,BGD,2002,154.79608
Bangladesh,BGD,2003,163.67351
Bangladesh,BGD,2004,174.0771
Bangladesh,BGD,2005,188.83925
Bangladesh,BGD,2006,204.48167
Bangladesh,BGD,2007,210.35654
Bangladesh,BGD,2008,221.1898
Bangladesh,BGD,2009,244.53764
Bangladesh,BGD,2010,249.68886
Bangladesh,BGD,2011,269.8635
Bangladesh,BGD,2012,293.3895
Bangladesh,BGD,2013,304.9698
Bangladesh,BGD,2014,317.1786
Bangladesh,BGD,2015,383.11758
Bangladesh,BGD,2016,384.94806
Bangladesh,BGD,2017,400.85565
Bangladesh,BGD,2018,428.56647
Bangladesh,BGD,2019,480.59933
Bangladesh,BGD,2020,455.21133
Bangladesh,BGD,2021,490.46405
Bangladesh,BGD,2022,509.95468
Bangladesh,BGD,2023,520.8856
Bangladesh,BGD,2024,510.28766
Bangladesh,BGD,2025,563.1426
Barbados,BRB,1980,4.281008
Barbados,BRB,1981,4.455329
Barbados,BRB,1982,4.517223
Barbados,BRB,1983,4.764799
Barbados,BRB,1984,4.5913267
Barbados,BRB,1985,5.0742702
Barbados,BRB,1986,5.321847
Barbados,BRB,1987,5.0671625
Barbados,BRB,1988,4.7713943
Barbados,BRB,1989,5.19316
Barbados,BRB,1990,5.5016
Barbados,BRB,1991,5.5629416
Barbados,BRB,1992,5.876422
Barbados,BRB,1993,5.7268553
Barbados,BRB,1994,5.431283
Barbados,BRB,1995,5.6368046
Barbados,BRB,1996,5.061051
Barbados,BRB,1997,6.0930796
Barbados,BRB,1998,6.1887774
Barbados,BRB,1999,6.4791017
Barbados,BRB,2000,6.965418
Barbados,BRB,2001,6.9695697
Barbados,BRB,2002,7.0164757
Barbados,BRB,2003,7.091297
Barbados,BRB,2004,7.1441464
Barbados,BRB,2005,7.199415
Barbados,BRB,2006,7.2157617
Barbados,BRB,2007,6.884477
Barbados,BRB,2008,8.117643
Barbados,BRB,2009,7.6505103
Barbados,BRB,2010,7.3695602
Barbados,BRB,2011,7.7444863
Barbados,BRB,2012,7.278812
Barbados,BRB,2013,7.386364
Barbados,BRB,2014,6.4129906
Barbados,BRB,2015,6.815625
Barbados,BRB,2016,6.939232
Barbados,BRB,2017,6.5626364
Barbados,BRB,2018,7.310255
Barbados,BRB,2019,7.0941176
Barbados,BRB,2020,5.741399
Barbados,BRB,2021,5.4896216
Barbados,BRB,2022,5.932274
Barbados,BRB,2023,6.688269
Barbados,BRB,2024,6.76963
Belarus,BLR,1985,408.00455
Belarus,BLR,1986,465.7992
Belarus,BLR,1987,472.58023
Belarus,BLR,1988,479.3658
Belarus,BLR,1989,463.62152
Belarus,BLR,1990,465.93335
Belarus,BLR,1991,464.871
Belarus,BLR,1992,404.91995
Belarus,BLR,1993,337.8342
Belarus,BLR,1994,282.16714
Belarus,BLR,1995,250.66695
Belarus,BLR,1996,257.10687
Belarus,BLR,1997,260.06
Belarus,BLR,1998,254.29594
Belarus,BLR,1999,247.37946
Belarus,BLR,2000,254.94623
Belarus,BLR,2001,247.85336
Belarus,BLR,2002,256.4205
Belarus,BLR,2003,254.49863
Belarus,BLR,2004,284.96948
Belarus,BLR,2005,284.03705
Belarus,BLR,2006,302.04514
Belarus,BLR,2007,294.65863
Belarus,BLR,2008,298.53644
Belarus,BLR,2009,282.4232
Belarus,BLR,2010,306.10593
Belarus,BLR,2011,300.58798
Belarus,BLR,2012,325.08505
Belarus,BLR,2013,293.93954
Belarus,BLR,2014,294.62436
Belarus,BLR,2015,266.67722
Belarus,BLR,2016,272.3782
Belarus,BLR,2017,276.83926
Belarus,BLR,2018,306.27066
Belarus,BLR,2019,307.63394
Belarus,BLR,2020,285.44562
Belarus,BLR,2021,314.73026
Belarus,BLR,2022,304.933
Belarus,BLR,2023,308.94083
Belarus,BLR,2024,319.09485
Belarus,BLR,2025,314.46857
Belgium,BEL,1965,412.4089
Belgium,BEL,1966,397.275
Belgium,BEL,1967,417.20724
Belgium,BEL,1968,464.95123
Belgium,BEL,1969,510.32898
Belgium,BEL,1970,539.1206
Belgium,BEL,1971,529.07214
Belgium,BEL,1972,562.38275
Belgium,BEL,1973,569.9872
Belgium,BEL,1974,550.324
Belgium,BEL,1975,518.9555
Belgium,BEL,1976,551.2916
Belgium,BEL,1977,552.4258
Belgium,BEL,1978,576.64813
Belgium,BEL,1979,593.0131
Belgium,BEL,1980,567.93304
Belgium,BEL,1981,539.9835
Belgium,BEL,1982,517.2407
Belgium,BEL,1983,502.95554
Belgium,BEL,1984,526.1345
Belgium,BEL,1985,550.4687
Belgium,BEL,1986,568.62805
Belgium,BEL,1987,585.89606
Belgium,BEL,1988,597.7662
Belgium,BEL,1989,601.8751
Belgium,BEL,1990,623.64404
Belgium,BEL,1991,644.74457
Belgium,BEL,1992,643.24774
Belgium,BEL,1993,633.0117
Belgium,BEL,1994,665.15326
Belgium,BEL,1995,673.75165
Belgium,BEL,1996,714.83325
Belgium,BEL,1997,722.1839
Belgium,BEL,1998,737.0274
Belgium,BEL,1999,733.4152
Belgium,BEL,2000,746.04675
Belgium,BEL,2001,740.5571
Belgium,BEL,2002,739.1064
Belgium,BEL,2003,767.91144
Belgium,BEL,2004,771.50916
Belgium,BEL,2005,765.0575
Belgium,BEL,2006,767.4087
Belgium,BEL,2007,773.4224
Belgium,BEL,2008,785.7201
Belgium,BEL,2009,727.932
Belgium,BEL,2010,777.27075
Belgium,BEL,2011,724.60724
Belgium,BEL,2012,691.5
Belgium,BEL,2013,707.2885
Belgium,BEL,2014,651.6381
Belgium,BEL,2015,653.429
Belgium,BEL,2016,714.34625
Belgium,BEL,2017,719.2301
Belgium,BEL,2018,708.5587
Belgium,BEL,2019,735.218
Belgium,BEL,2020,651.1627
Belgium,BEL,2021,734.498
Belgium,BEL,2022,685.50934
Belgium,BEL,2023,629.8013
Belgium,BEL,2024,627.17926
Belgium,BEL,2025,611.6769
Belize,BLZ,1980,1.0527627
Belize,BLZ,1981,0.99295384
Belize,BLZ,1982,0.9349383
Belize,BLZ,1983,0.93571216
Belize,BLZ,1984,0.9951861
Belize,BLZ,1985,0.99288344
Belize,BLZ,1986,1.2087045
Belize,BLZ,1987,0.9892486
Belize,BLZ,1988,0.75722873
Belize,BLZ,1989,1.0893984
Belize,BLZ,1990,1.4332347
Belize,BLZ,1991,1.6237203
Belize,BLZ,1992,1.3610418
Belize,BLZ,1993,1.3575215
Belize,BLZ,1994,1.295293
Belize,BLZ,1995,1.5210333
Belize,BLZ,1996,1.3089889
Belize,BLZ,1997,2.074529
Belize,BLZ,1998,2.0438108
Belize,BLZ,1999,2.1103473
Belize,BLZ,2000,2.1772125
Belize,BLZ,2001,2.4255233
Belize,BLZ,2002,2.3449051
Belize,BLZ,2003,2.3540387
Belize,BLZ,2004,2.254401
Belize,BLZ,2005,2.4282012
Belize,BLZ,2006,2.6016908
Belize,BLZ,2007,2.4353533
Belize,BLZ,2008,2.3017504
Belize,BLZ,2009,2.4536624
Belize,BLZ,2010,2.9689152
Belize,BLZ,2011,2.4059174
Belize,BLZ,2012,2.808727
Belize,BLZ,2013,2.9019098
Belize,BLZ,2014,2.7748415
Belize,BLZ,2015,3.187165
Belize,BLZ,2016,3.1915267
Belize,BLZ,2017,3.5948057
Belize,BLZ,2018,3.5753198
Belize,BLZ,2019,4.3318124
Belize,BLZ,2020,3.4634116
Belize,BLZ,2021,3.5200236
Belize,BLZ,2022,3.727039
Belize,BLZ,2023,4.088975
Belize,BLZ,2024,4.2175317
Benin,BEN,1980,1.9127358
Benin,BEN,1981,1.9268286
Benin,BEN,1982,1.3598827
Benin,BEN,1983,1.9728267
Benin,BEN,1984,1.955734
Benin,BEN,1985,2.2562997
Benin,BEN,1986,2.198342
Benin,BEN,1987,1.7415354
Benin,BEN,1988,2.1593754
Benin,BEN,1989,2.2251747
Benin,BEN,1990,2.5567832
Benin,BEN,1991,2.988314
Benin,BEN,1992,3.3202646
Benin,BEN,1993,3.6509938
Benin,BEN,1994,3.8199112
Benin,BEN,1995,4.1227913
Benin,BEN,1996,4.497108
Benin,BEN,1997,4.865176
Benin,BEN,1998,5.2450013
Benin,BEN,1999,2.5731514
Benin,BEN,2000,6.864827
Benin,BEN,2001,7.84508
Benin,BEN,2002,9.043963
Benin,BEN,2003,10.382646
Benin,BEN,2004,10.956926
Benin,BEN,2005,10.285843
Benin,BEN,2006,14.058088
Benin,BEN,2007,16.596504
Benin,BEN,2008,16.972622
Benin,BEN,2009,18.843319
Benin,BEN,2010,21.539623
Benin,BEN,2011,20.136322
Benin,BEN,2012,19.092752
Benin,BEN,2013,19.485167
Benin,BEN,2014,20.727034
Benin,BEN,2015,22.768076
Benin,BEN,2016,27.761688
Benin,BEN,2017,29.448225
Benin,BEN,2018,32.401535
Benin,BEN,2019,30.183758
Benin,BEN,2020,31.731928
Benin,BEN,2021,24.651176
Benin,BEN,2022,25.343874
Benin,BEN,2023,30.691362
Benin,BEN,2024,31.410461
Bermuda,BMU,1980,2.3379111
Bermuda,BMU,1981,2.024744
Bermuda,BMU,1982,2.147456
Bermuda,BMU,1983,2.2701676
Bermuda,BMU,1984,2.2148633
Bermuda,BMU,1985,2.147456
Bermuda,BMU,1986,2.021885
Bermuda,BMU,1987,2.9152234
Bermuda,BMU,1988,3.1815977
Bermuda,BMU,1989,3.8446274
Bermuda,BMU,1990,2.728658
Bermuda,BMU,1991,2.3905973
Bermuda,BMU,1992,1.8676964
Bermuda,BMU,1993,2.1701834
Bermuda,BMU,1994,2.0913994
Bermuda,BMU,1995,2.145094
Bermuda,BMU,1996,2.213328
Bermuda,BMU,1997,2.2074046
Bermuda,BMU,1998,2.2074046
Bermuda,BMU,1999,2.207409
Bermuda,BMU,2000,2.43193
Bermuda,BMU,2001,2.4697042
Bermuda,BMU,2002,2.597477
Bermuda,BMU,2003,2.5915184
Bermuda,BMU,2004,2.6823728
Bermuda,BMU,2005,2.8233912
Bermuda,BMU,2006,3.185761
Bermuda,BMU,2007,3.698018
Bermuda,BMU,2008,3.5356352
Bermuda,BMU,2009,2.784723
Bermuda,BMU,2010,3.2746859
Bermuda,BMU,2011,2.1219835
Bermuda,BMU,2012,2.2931452
Bermuda,BMU,2013,2.3033888
Bermuda,BMU,2014,2.9780939
Bermuda,BMU,2015,2.5066783
Bermuda,BMU,2016,3.1858068
Bermuda,BMU,2017,3.1440365
Bermuda,BMU,2018,3.082279
Bermuda,BMU,2019,2.6816046
Bermuda,BMU,2020,1.9766589
Bermuda,BMU,2021,2.3121316
Bermuda,BMU,2022,2.3609836
Bermuda,BMU,2023,2.3808064
Bermuda,BMU,2024,2.4105418
Bhutan,BTN,1980,0.027304849
Bhutan,BTN,1981,0.1305753
Bhutan,BTN,1982,0.13287202
Bhutan,BTN,1983,0.13013531
Bhutan,BTN,1984,0.13528597
Bhutan,BTN,1985,0.14733508
Bhutan,BTN,1986,0.18047895
Bhutan,BTN,1987,0.35520068
Bhutan,BTN,1988,0.3801429
Bhutan,BTN,1989,0.39187253
Bhutan,BTN,1990,0.57369965
Bhutan,BTN,1991,0.59342474
Bhutan,BTN,1992,0.60023284
Bhutan,BTN,1993,0.63080037
Bhutan,BTN,1994,0.78495383
Bhutan,BTN,1995,0.9527125
Bhutan,BTN,1996,1.0863255
Bhutan,BTN,1997,1.2560323
Bhutan,BTN,1998,1.2301127
Bhutan,BTN,1999,1.265971
Bhutan,BTN,2000,1.4077158
Bhutan,BTN,2001,1.5935937
Bhutan,BTN,2002,1.757477
Bhutan,BTN,2003,1.8417838
Bhutan,BTN,2004,2.0019546
Bhutan,BTN,2005,2.3184474
Bhutan,BTN,2006,3.4166346
Bhutan,BTN,2007,2.6127164
Bhutan,BTN,2008,2.4200196
Bhutan,BTN,2009,3.1127293
Bhutan,BTN,2010,3.6445231
Bhutan,BTN,2011,3.7842689
Bhutan,BTN,2012,4.1313124
Bhutan,BTN,2013,4.4147635
Bhutan,BTN,2014,4.400392
Bhutan,BTN,2015,4.60522
Bhutan,BTN,2016,5.073199
Bhutan,BTN,2017,5.387447
Bhutan,BTN,2018,6.1508636
Bhutan,BTN,2019,6.2747827
Bhutan,BTN,2020,9.084891
Bhutan,BTN,2021,14.648405
Bhutan,BTN,2022,15.743993
Bhutan,BTN,2023,15.743916
Bhutan,BTN,2024,17.795631
Bolivia,BOL,1980,19.662418
Bolivia,BOL,1981,22.70859
Bolivia,BOL,1982,19.365643
Bolivia,BOL,1983,20.265799
Bolivia,BOL,1984,19.43967
Bolivia,BOL,1985,17.314268
Bolivia,BOL,1986,17.654594
Bolivia,BOL,1987,17.353514
Bolivia,BOL,1988,20.041721
Bolivia,BOL,1989,23.02007
Bolivia,BOL,1990,24.497864
Bolivia,BOL,1991,23.783123
Bolivia,BOL,1992,26.012287
Bolivia,BOL,1993,25.591587
Bolivia,BOL,1994,28.952385
Bolivia,BOL,1995,33.710735
Bolivia,BOL,1996,32.60292
Bolivia,BOL,1997,36.75228
Bolivia,BOL,1998,33.99051
Bolivia,BOL,1999,37.983738
Bolivia,BOL,2000,39.701847
Bolivia,BOL,2001,33.025402
Bolivia,BOL,2002,36.36469
Bolivia,BOL,2003,50.82632
Bolivia,BOL,2004,52.60991
Bolivia,BOL,2005,51.817646
Bolivia,BOL,2006,57.042202
Bolivia,BOL,2007,61.3293
Bolivia,BOL,2008,63.049168
Bolivia,BOL,2009,62.140953
Bolivia,BOL,2010,63.441788
Bolivia,BOL,2011,65.52861
Bolivia,BOL,2012,78.593124
Bolivia,BOL,2013,79.468765
Bolivia,BOL,2014,80.711464
Bolivia,BOL,2015,84.677734
Bolivia,BOL,2016,89.12122
Bolivia,BOL,2017,93.71713
Bolivia,BOL,2018,95.832245
Bolivia,BOL,2019,95.626816
Bolivia,BOL,2020,79.27413
Bolivia,BOL,2021,94.914116
Bolivia,BOL,2022,103.50829
Bolivia,BOL,2023,109.504425
Bolivia,BOL,2024,116.44231
Bosnia and Herzegovina,BIH,1992,36.74438
Bosnia and Herzegovina,BIH,1993,26.756462
Bosnia and Herzegovina,BIH,1994,26.201143
Bosnia and Herzegovina,BIH,1995,47.63681
Bosnia and Herzegovina,BIH,1996,23.80592
Bosnia and Herzegovina,BIH,1997,39.556793
Bosnia and Herzegovina,BIH,1998,48.59335
Bosnia and Herzegovina,BIH,1999,47.454918
Bosnia and Herzegovina,BIH,2000,54.545185
Bosnia and Herzegovina,BIH,2001,53.93728
Bosnia and Herzegovina,BIH,2002,54.334217
Bosnia and Herzegovina,BIH,2003,47.72055
Bosnia and Herzegovina,BIH,2004,46.814716
Bosnia and Herzegovina,BIH,2005,42.383102
Bosnia and Herzegovina,BIH,2006,43.979076
Bosnia and Herzegovina,BIH,2007,45.058887
Bosnia and Herzegovina,BIH,2008,50.342793
Bosnia and Herzegovina,BIH,2009,59.976753
Bosnia and Herzegovina,BIH,2010,61.73222
Bosnia and Herzegovina,BIH,2011,66.100716
Bosnia and Herzegovina,BIH,2012,64.64186
Bosnia and Herzegovina,BIH,2013,60.354153
Bosnia and Herzegovina,BIH,2014,60.388885
Bosnia and Herzegovina,BIH,2015,61.48488
Bosnia and Herzegovina,BIH,2016,63.0175
Bosnia and Herzegovina,BIH,2017,65.8527
Bosnia and Herzegovina,BIH,2018,62.60678
Bosnia and Herzegovina,BIH,2019,59.073524
Bosnia and Herzegovina,BIH,2020,56.88214
Bosnia and Herzegovina,BIH,2021,65.29848
Bosnia and Herzegovina,BIH,2022,90.62911
Bosnia and Herzegovina,BIH,2023,85.033806
Bosnia and Herzegovina,BIH,2024,87.512596
Botswana,BWA,1980,4.3224354
Botswana,BWA,1981,4.531564
Botswana,BWA,1982,4.228201
Botswana,BWA,1983,4.2380495
Botswana,BWA,1984,4.2333035
Botswana,BWA,1985,5.529076
Botswana,BWA,1986,5.8792415
Botswana,BWA,1987,6.1967664
Botswana,BWA,1988,7.1722426
Botswana,BWA,1989,8.102708
Botswana,BWA,1990,8.951391
Botswana,BWA,1991,9.369421
Botswana,BWA,1992,11.365281
Botswana,BWA,1993,11.027908
Botswana,BWA,1994,10.977663
Botswana,BWA,1995,11.10999
Botswana,BWA,1996,10.526141
Botswana,BWA,1997,10.848769
Botswana,BWA,1998,11.630592
Botswana,BWA,1999,11.003659
Botswana,BWA,2000,14.330992
Botswana,BWA,2001,15.024145
Botswana,BWA,2002,15.597898
Botswana,BWA,2003,15.911693
Botswana,BWA,2004,15.940164
Botswana,BWA,2005,16.860142
Botswana,BWA,2006,17.936172
Botswana,BWA,2007,18.453276
Botswana,BWA,2008,19.182804
Botswana,BWA,2009,18.028198
Botswana,BWA,2010,18.618477
Botswana,BWA,2011,19.529171
Botswana,BWA,2012,19.29905
Botswana,BWA,2013,19.156143
Botswana,BWA,2014,19.23817
Botswana,BWA,2015,23.442917
Botswana,BWA,2016,25.807226
Botswana,BWA,2017,23.652176
Botswana,BWA,2018,23.446424
Botswana,BWA,2019,22.81504
Botswana,BWA,2020,21.985153
Botswana,BWA,2021,23.19807
Botswana,BWA,2022,29.28378
Botswana,BWA,2023,23.321188
Botswana,BWA,2024,24.734337
Brazil,BRA,1965,223.93706
Brazil,BRA,1966,244.16841
Brazil,BRA,1967,252.45653
Brazil,BRA,1968,293.7
Brazil,BRA,1969,321.83408
Brazil,BRA,1970,388.14334
Brazil,BRA,1971,421.33948
Brazil,BRA,1972,483.33694
Brazil,BRA,1973,574.4174
Brazil,BRA,1974,633.6803
Brazil,BRA,1975,660.9452
Brazil,BRA,1976,715.4948
Brazil,BRA,1977,757.1321
Brazil,BRA,1978,835.8957
Brazil,BRA,1979,893.2387
Brazil,BRA,1980,905.47504
Brazil,BRA,1981,864.5885
Brazil,BRA,1982,904.00525
Brazil,BRA,1983,897.4914
Brazil,BRA,1984,950.6809
Brazil,BRA,1985,1019.7809
Brazil,BRA,1986,1085.0713
Brazil,BRA,1987,1117.9083
Brazil,BRA,1988,1155.0516
Brazil,BRA,1989,1180.7621
Brazil,BRA,1990,1158.2537
Brazil,BRA,1991,1197.4751
Brazil,BRA,1992,1214.565
Brazil,BRA,1993,1269.5143
Brazil,BRA,1994,1331.0709
Brazil,BRA,1995,1415.7211
Brazil,BRA,1996,1509.96
Brazil,BRA,1997,1602.6666
Brazil,BRA,1998,1668.4347
Brazil,BRA,1999,1695.9799
Brazil,BRA,2000,1768.433
Brazil,BRA,2001,1786.4518
Brazil,BRA,2002,1803.9658
Brazil,BRA,2003,1806.8807
Brazil,BRA,2004,1900.6812
Brazil,BRA,2005,1940.6439
Brazil,BRA,2006,1999.1787
Brazil,BRA,2007,2126.764
Brazil,BRA,2008,2266.7527
Brazil,BRA,2009,2223.2083
Brazil,BRA,2010,2468.9536
Brazil,BRA,2011,2558.9932
Brazil,BRA,2012,2676.6472
Brazil,BRA,2013,2814.7544
Brazil,BRA,2014,2915.496
Brazil,BRA,2015,2888.19
Brazil,BRA,2016,2755.3564
Brazil,BRA,2017,2788.6033
Brazil,BRA,2018,2759.663
Brazil,BRA,2019,2812.8118
Brazil,BRA,2020,2654.1106
Brazil,BRA,2021,2849.2612
Brazil,BRA,2022,2864.765
Brazil,BRA,2023,2937.8506
Brazil,BRA,2024,3048.163
Brazil,BRA,2025,3108.8765
British Virgin Islands,VGB,1980,0.124381624
British Virgin Islands,VGB,1981,0.18606268
British Virgin Islands,VGB,1982,0.18606268
British Virgin Islands,VGB,1983,0.18606268
British Virgin Islands,VGB,1984,0.124381624
British Virgin Islands,VGB,1985,0.12404178
British Virgin Islands,VGB,1986,0.07515071
British Virgin Islands,VGB,1987,0.19365312
British Virgin Islands,VGB,1988,0.19415328
British Virgin Islands,VGB,1989,0.19365312
British Virgin Islands,VGB,1990,0.19365312
British Virgin Islands,VGB,1991,0.19365312
British Virgin Islands,VGB,1992,0.19415328
British Virgin Islands,VGB,1993,0.19365312
British Virgin Islands,VGB,1994,0.19365312
British Virgin Islands,VGB,1995,0.19365312
British Virgin Islands,VGB,1996,0.25049904
British Virgin Islands,VGB,1997,0.24984495
British Virgin Islands,VGB,1998,0.24984495
British Virgin Islands,VGB,1999,0.24984986
British Virgin Islands,VGB,2000,0.43747738
British Virgin Islands,VGB,2001,0.44774383
British Virgin Islands,VGB,2002,0.47361106
British Virgin Islands,VGB,2003,0.5059557
British Virgin Islands,VGB,2004,0.53182286
British Virgin Islands,VGB,2005,0.5471052
British Virgin Islands,VGB,2006,0.5960057
British Virgin Islands,VGB,2007,0.61785394
British Virgin Islands,VGB,2008,0.6638748
British Virgin Islands,VGB,2009,0.6958252
British Virgin Islands,VGB,2010,0.7149748
British Virgin Islands,VGB,2011,0.732029
British Virgin Islands,VGB,2012,0.72948194
British Virgin Islands,VGB,2013,0.72948194
British Virgin Islands,VGB,2014,0.741164
British Virgin Islands,VGB,2015,0.7439111
British Virgin Islands,VGB,2016,0.7538882
British Virgin Islands,VGB,2017,0.70896566
British Virgin Islands,VGB,2018,0.66937685
British Virgin Islands,VGB,2019,0.76386
British Virgin Islands,VGB,2020,0.749608
British Virgin Islands,VGB,2021,0.76508796
British Virgin Islands,VGB,2022,0.7766291
British Virgin Islands,VGB,2023,0.7881732
British Virgin Islands,VGB,2024,0.7881732
Brunei,BRN,1980,24.126871
Brunei,BRN,1981,24.946352
Brunei,BRN,1982,27.215162
Brunei,BRN,1983,21.38847
Brunei,BRN,1984,18.897522
Brunei,BRN,1985,22.552752
Brunei,BRN,1986,14.943522
Brunei,BRN,1987,23.86564
Brunei,BRN,1988,20.673744
Brunei,BRN,1989,24.288843
Brunei,BRN,1990,20.552052
Brunei,BRN,1991,16.424734
Brunei,BRN,1992,16.060816
Brunei,BRN,1993,15.26527
Brunei,BRN,1994,14.671357
Brunei,BRN,1995,18.145622
Brunei,BRN,1996,16.899364
Brunei,BRN,1997,18.07261
Brunei,BRN,1998,16.34575
Brunei,BRN,1999,19.285837
Brunei,BRN,2000,19.663832
Brunei,BRN,2001,22.35729
Brunei,BRN,2002,26.106573
Brunei,BRN,2003,27.008535
Brunei,BRN,2004,29.992191
Brunei,BRN,2005,33.786713
Brunei,BRN,2006,52.069736
Brunei,BRN,2007,54.662086
Brunei,BRN,2008,56.141193
Brunei,BRN,2009,37.24468
Brunei,BRN,2010,42.422886
Brunei,BRN,2011,43.576885
Brunei,BRN,2012,42.35732
Brunei,BRN,2013,39.393856
Brunei,BRN,2014,44.304802
Brunei,BRN,2015,48.95813
Brunei,BRN,2016,51.140396
Brunei,BRN,2017,51.34614
Brunei,BRN,2018,53.279446
Brunei,BRN,2019,53.85089
Brunei,BRN,2020,58.718773
Brunei,BRN,2021,55.753845
Brunei,BRN,2022,53.75579
Brunei,BRN,2023,52.47195
Brunei,BRN,2024,56.44421
Bulgaria,BGR,1965,116.01167
Bulgaria,BGR,1966,124.631874
Bulgaria,BGR,1967,145.38359
Bulgaria,BGR,1968,164.38373
Bulgaria,BGR,1969,182.46881
Bulgaria,BGR,1970,205.14702
Bulgaria,BGR,1971,213.75034
Bulgaria,BGR,1972,220.21838
Bulgaria,BGR,1973,228.04413
Bulgaria,BGR,1974,236.13893
Bulgaria,BGR,1975,261.00467
Bulgaria,BGR,1976,276.18472
Bulgaria,BGR,1977,290.35474
Bulgaria,BGR,1978,302.06863
Bulgaria,BGR,1979,312.96558
Bulgaria,BGR,1980,329.91418
Bulgaria,BGR,1981,325.712
Bulgaria,BGR,1982,335.22864
Bulgaria,BGR,1983,337.24063
Bulgaria,BGR,1984,335.5241
Bulgaria,BGR,1985,335.03238
Bulgaria,BGR,1986,341.40942
Bulgaria,BGR,1987,343.7273
Bulgaria,BGR,1988,352.3786
Bulgaria,BGR,1989,348.82993
Bulgaria,BGR,1990,324.04553
Bulgaria,BGR,1991,260.70108
Bulgaria,BGR,1992,245.59392
Bulgaria,BGR,1993,262.79794
Bulgaria,BGR,1994,253.9601
Bulgaria,BGR,1995,271.73273
Bulgaria,BGR,1996,269.7405
Bulgaria,BGR,1997,255.23602
Bulgaria,BGR,1998,244.51422
Bulgaria,BGR,1999,214.95879
Bulgaria,BGR,2000,215.73286
Bulgaria,BGR,2001,225.4979
Bulgaria,BGR,2002,218.41708
Bulgaria,BGR,2003,223.936
Bulgaria,BGR,2004,216.46436
Bulgaria,BGR,2005,233.34015
Bulgaria,BGR,2006,238.73457
Bulgaria,BGR,2007,232.02293
Bulgaria,BGR,2008,230.20761
Bulgaria,BGR,2009,200.8686
Bulgaria,BGR,2010,206.89003
Bulgaria,BGR,2011,224.10583
Bulgaria,BGR,2012,210.69977
Bulgaria,BGR,2013,192.23557
Bulgaria,BGR,2014,206.06471
Bulgaria,BGR,2015,217.13016
Bulgaria,BGR,2016,209.11555
Bulgaria,BGR,2017,215.99069
Bulgaria,BGR,2018,213.63568
Bulgaria,BGR,2019,210.28229
Bulgaria,BGR,2020,194.2067
Bulgaria,BGR,2021,217.55064
Bulgaria,BGR,2022,225.84435
Bulgaria,BGR,2023,192.48705
Bulgaria,BGR,2024,189.53185
Bulgaria,BGR,2025,193.40791
Burkina Faso,BFA,1980,1.7690649
Burkina Faso,BFA,1981,1.7642313
Burkina Faso,BFA,1982,1.7642313
Burkina Faso,BFA,1983,1.7642313
Burkina Faso,BFA,1984,1.7690649
Burkina Faso,BFA,1985,1.7054237
Burkina Faso,BFA,1986,2.0181513
Burkina Faso,BFA,1987,2.107595
Burkina Faso,BFA,1988,2.210252
Burkina Faso,BFA,1989,1.9808724
Burkina Faso,BFA,1990,2.020478
Burkina Faso,BFA,1991,2.3320968
Burkina Faso,BFA,1992,2.3450313
Burkina Faso,BFA,1993,2.552115
Burkina Faso,BFA,1994,2.8063433
Burkina Faso,BFA,1995,2.8283432
Burkina Faso,BFA,1996,2.9790947
Burkina Faso,BFA,1997,4.8388104
Burkina Faso,BFA,1998,4.397567
Burkina Faso,BFA,1999,4.4425673
Burkina Faso,BFA,2000,4.0661216
Burkina Faso,BFA,2001,4.625993
Burkina Faso,BFA,2002,4.8321657
Burkina Faso,BFA,2003,5.298366
Burkina Faso,BFA,2004,4.7481327
Burkina Faso,BFA,2005,5.0567837
Burkina Faso,BFA,2006,5.0231423
Burkina Faso,BFA,2007,7.1222434
Burkina Faso,BFA,2008,7.7524877
Burkina Faso,BFA,2009,7.2783904
Burkina Faso,BFA,2010,8.093958
Burkina Faso,BFA,2011,9.206466
Burkina Faso,BFA,2012,10.854738
Burkina Faso,BFA,2013,13.013279
Burkina Faso,BFA,2014,12.132243
Burkina Faso,BFA,2015,15.465323
Burkina Faso,BFA,2016,14.777416
Burkina Faso,BFA,2017,17.163137
Burkina Faso,BFA,2018,19.285503
Burkina Faso,BFA,2019,19.986788
Burkina Faso,BFA,2020,20.108685
Burkina Faso,BFA,2021,22.950933
Burkina Faso,BFA,2022,22.775553
Burkina Faso,BFA,2023,24.554754
Burkina Faso,BFA,2024,25.020699
Burundi,BDI,1980,0.46311295
Burundi,BDI,1981,0.5240969
Burundi,BDI,1982,0.45995972
Burundi,BDI,1983,0.54009706
Burundi,BDI,1984,0.67701936
Burundi,BDI,1985,0.68937147
Burundi,BDI,1986,0.69582313
Burundi,BDI,1987,0.7549133
Burundi,BDI,1988,1.1523094
Burundi,BDI,1989,1.3010718
Burundi,BDI,1990,1.3716942
Burundi,BDI,1991,1.5674489
Burundi,BDI,1992,1.4461803
Burundi,BDI,1993,1.639224
Burundi,BDI,1994,1.7155344
Burundi,BDI,1995,1.6422244
Burundi,BDI,1996,1.7196568
Burundi,BDI,1997,1.7184767
Burundi,BDI,1998,1.7637876
Burundi,BDI,1999,1.7577899
Burundi,BDI,2000,1.4573637
Burundi,BDI,2001,1.1757725
Burundi,BDI,2002,1.0814129
Burundi,BDI,2003,0.88198954
Burundi,BDI,2004,1.0694405
Burundi,BDI,2005,0.8952878
Burundi,BDI,2006,1.0744629
Burundi,BDI,2007,1.7359478
Burundi,BDI,2008,1.0770817
Burundi,BDI,2009,1.0761565
Burundi,BDI,2010,1.5629495
Burundi,BDI,2011,1.9096457
Burundi,BDI,2012,1.7708187
Burundi,BDI,2013,1.9479859
Burundi,BDI,2014,1.8010014
Burundi,BDI,2015,1.8343445
Burundi,BDI,2016,2.0470617
Burundi,BDI,2017,2.4194205
Burundi,BDI,2018,3.1276479
Burundi,BDI,2019,3.189261
Burundi,BDI,2020,3.6040988
Burundi,BDI,2021,3.534188
Burundi,BDI,2022,4.090886
Burundi,BDI,2023,3.8734937
Burundi,BDI,2024,3.9100757
CIS (EI),,1965,6757.868
CIS (EI),,1966,7176.918
CIS (EI),,1967,7558.09
CIS (EI),,1968,7817.2256
CIS (EI),,1969,8166.6016
CIS (EI),,1970,8567.358
CIS (EI),,1971,8996.617
CIS (EI),,1972,9473.863
CIS (EI),,1973,9973.353
CIS (EI),,1974,10520.377
CIS (EI),,1975,11065.325
CIS (EI),,1976,11488.989
CIS (EI),,1977,11996.486
CIS (EI),,1978,12483.901
CIS (EI),,1979,12831.363
CIS (EI),,1980,13105.914
CIS (EI),,1981,13389.586
CIS (EI),,1982,13757.74
CIS (EI),,1983,14045.622
CIS (EI),,1984,14550.961
CIS (EI),,1985,11624.47
CIS (EI),,1986,11894.441
CIS (EI),,1987,12262.874
CIS (EI),,1988,12510.722
CIS (EI),,1989,12539.196
CIS (EI),,1990,12360.4
CIS (EI),,1991,12119.53
CIS (EI),,1992,11562.687
CIS (EI),,1993,10642.655
CIS (EI),,1994,9664.701
CIS (EI),,1995,9084.024
CIS (EI),,1996,8816.9
CIS (EI),,1997,8301.557
CIS (EI),,1998,8282.813
CIS (EI),,1999,8381.306
CIS (EI),,2000,8462.042
CIS (EI),,2001,8632.324
CIS (EI),,2002,8633.301
CIS (EI),,2003,8863.257
CIS (EI),,2004,8978.645
CIS (EI),,2005,9011.248
CIS (EI),,2006,9375.043
CIS (EI),,2007,9491.752
CIS (EI),,2008,9536.194
CIS (EI),,2009,9115.936
CIS (EI),,2010,9504.68
CIS (EI),,2011,9943.766
CIS (EI),,2012,10074.132
CIS (EI),,2013,9888.746
CIS (EI),,2014,9962.104
CIS (EI),,2015,9743.215
CIS (EI),,2016,9971.86
CIS (EI),,2017,10112.469
CIS (EI),,2018,10549.528
CIS (EI),,2019,10508.532
CIS (EI),,2020,10140.446
CIS (EI),,2021,10595.324
CIS (EI),,2022,10929.956
CIS (EI),,2023,11071.937
CIS (EI),,2024,11248.118
CIS (EI),,2025,11292.178
Cambodia,KHM,1980,1.2226425
Cambodia,KHM,1981,1.2850379
Cambodia,KHM,1982,1.4102416
Cambodia,KHM,1983,1.5800472
Cambodia,KHM,1984,1.7595786
Cambodia,KHM,1985,1.759853
Cambodia,KHM,1986,1.764853
Cambodia,KHM,1987,1.769853
Cambodia,KHM,1988,1.9078342
Cambodia,KHM,1989,1.9067581
Cambodia,KHM,1990,1.9147581
Cambodia,KHM,1991,2.0352604
Cambodia,KHM,1992,2.043661
Cambodia,KHM,1993,2.0402606
Cambodia,KHM,1994,2.0422604
Cambodia,KHM,1995,6.0603237
Cambodia,KHM,1996,6.6665606
Cambodia,KHM,1997,7.922541
Cambodia,KHM,1998,9.2935095
Cambodia,KHM,1999,9.581946
Cambodia,KHM,2000,8.867834
Cambodia,KHM,2001,9.430252
Cambodia,KHM,2002,9.4139595
Cambodia,KHM,2003,10.21504
Cambodia,KHM,2004,10.567881
Cambodia,KHM,2005,11.965161
Cambodia,KHM,2006,12.951088
Cambodia,KHM,2007,15.214898
Cambodia,KHM,2008,15.981219
Cambodia,KHM,2009,19.78117
Cambodia,KHM,2010,22.831375
Cambodia,KHM,2011,23.589268
Cambodia,KHM,2012,25.465836
Cambodia,KHM,2013,26.173126
Cambodia,KHM,2014,27.599434
Cambodia,KHM,2015,31.964842
Cambodia,KHM,2016,39.69893
Cambodia,KHM,2017,41.997105
Cambodia,KHM,2018,49.36971
Cambodia,KHM,2019,59.820023
Cambodia,KHM,2020,60.59958
Cambodia,KHM,2021,64.145935
Cambodia,KHM,2022,63.08423
Cambodia,KHM,2023,75.20316
Cambodia,KHM,2024,87.62909
Cameroon,CMR,1980,11.038607
Cameroon,CMR,1981,11.452135
Cameroon,CMR,1982,13.501786
Cameroon,CMR,1983,13.476786
Cameroon,CMR,1984,13.61122
Cameroon,CMR,1985,14.372669
Cameroon,CMR,1986,15.729657
Cameroon,CMR,1987,14.700045
Cameroon,CMR,1988,14.406397
Cameroon,CMR,1989,17.220125
Cameroon,CMR,1990,17.431278
Cameroon,CMR,1991,17.545235
Cameroon,CMR,1992,17.755766
Cameroon,CMR,1993,15.116355
Cameroon,CMR,1994,16.419956
Cameroon,CMR,1995,16.817951
Cameroon,CMR,1996,16.470764
Cameroon,CMR,1997,17.254236
Cameroon,CMR,1998,17.222527
Cameroon,CMR,1999,16.298857
Cameroon,CMR,2000,16.997343
Cameroon,CMR,2001,16.7264
Cameroon,CMR,2002,17.11194
Cameroon,CMR,2003,18.144691
Cameroon,CMR,2004,18.566826
Cameroon,CMR,2005,17.95998
Cameroon,CMR,2006,23.04069
Cameroon,CMR,2007,23.063366
Cameroon,CMR,2008,22.8337
Cameroon,CMR,2009,25.56696
Cameroon,CMR,2010,29.818832
Cameroon,CMR,2011,31.61709
Cameroon,CMR,2012,32.035297
Cameroon,CMR,2013,27.008953
Cameroon,CMR,2014,35.728138
Cameroon,CMR,2015,36.064667
Cameroon,CMR,2016,35.076103
Cameroon,CMR,2017,34.567154
Cameroon,CMR,2018,37.51973
Cameroon,CMR,2019,36.3775
Cameroon,CMR,2020,37.855507
Cameroon,CMR,2021,35.881493
Cameroon,CMR,2022,36.181343
Cameroon,CMR,2023,33.748226
Cameroon,CMR,2024,35.028564
Canada,CAN,1965,1157.964
Canada,CAN,1966,1222.4587
Canada,CAN,1967,1284.2332
Canada,CAN,1968,1379.2252
Canada,CAN,1969,1450.653
Canada,CAN,1970,1559.2909
Canada,CAN,1971,1610.0337
Canada,CAN,1972,1720.1965
Canada,CAN,1973,1874.5485
Canada,CAN,1974,1913.9594
Canada,CAN,1975,1895.1292
Canada,CAN,1976,1984.002
Canada,CAN,1977,2109.6226
Canada,CAN,1978,2129.659
Canada,CAN,1979,2189.045
Canada,CAN,1980,2227.3213
Canada,CAN,1981,2182.5989
Canada,CAN,1982,2117.1704
Canada,CAN,1983,2088.8735
Canada,CAN,1984,2215.9102
Canada,CAN,1985,2274.4395
Canada,CAN,1986,2290.4502
Canada,CAN,1987,2373.3203
Canada,CAN,1988,2510.7705
Canada,CAN,1989,2573.7117
Canada,CAN,1990,2443.2585
Canada,CAN,1991,2435.1028
Canada,CAN,1992,2499.5168
Canada,CAN,1993,2566.5222
Canada,CAN,1994,2679.143
Canada,CAN,1995,2745.589
Canada,CAN,1996,2796.5115
Canada,CAN,1997,2823.2256
Canada,CAN,1998,2805.751
Canada,CAN,1999,2888.025
Canada,CAN,2000,2961.2588
Canada,CAN,2001,2943.5256
Canada,CAN,2002,3037.9504
Canada,CAN,2003,3087.8318
Canada,CAN,2004,3151.7205
Canada,CAN,2005,3143.755
Canada,CAN,2006,3145.758
Canada,CAN,2007,3269.3801
Canada,CAN,2008,3212.402
Canada,CAN,2009,3077.5354
Canada,CAN,2010,3152.2515
Canada,CAN,2011,3254.584
Canada,CAN,2012,3252.1616
Canada,CAN,2013,3345.3472
Canada,CAN,2014,3372.3718
Canada,CAN,2015,3366.0627
Canada,CAN,2016,3326.4792
Canada,CAN,2017,3371.621
Canada,CAN,2018,3438.9817
Canada,CAN,2019,3428.0684
Canada,CAN,2020,3188.4045
Canada,CAN,2021,3226.5034
Canada,CAN,2022,3299.905
Canada,CAN,2023,3283.9954
Canada,CAN,2024,3299.8901
Canada,CAN,2025,3348.667
Cape Verde,CPV,1980,1.199933
Cape Verde,CPV,1981,1.1966546
Cape Verde,CPV,1982,0.51285195
Cape Verde,CPV,1983,0.51285195
Cape Verde,CPV,1984,0.6285364
Cape Verde,CPV,1985,0.6268191
Cape Verde,CPV,1986,0.19242774
Cape Verde,CPV,1987,0.20432143
Cape Verde,CPV,1988,0.28217375
Cape Verde,CPV,1989,0.3438475
Cape Verde,CPV,1990,0.3438475
Cape Verde,CPV,1991,0.3438475
Cape Verde,CPV,1992,0.40713632
Cape Verde,CPV,1993,0.4081581
Cape Verde,CPV,1994,0.48019612
Cape Verde,CPV,1995,0.46821576
Cape Verde,CPV,1996,0.5276271
Cape Verde,CPV,1997,0.5263751
Cape Verde,CPV,1998,0.5273751
Cape Verde,CPV,1999,0.52738154
Cape Verde,CPV,2000,1.3503746
Cape Verde,CPV,2001,1.5087535
Cape Verde,CPV,2002,1.6409872
Cape Verde,CPV,2003,1.6330297
Cape Verde,CPV,2004,1.7848824
Cape Verde,CPV,2005,2.7903652
Cape Verde,CPV,2006,2.963906
Cape Verde,CPV,2007,3.3048532
Cape Verde,CPV,2008,3.3514304
Cape Verde,CPV,2009,3.1721838
Cape Verde,CPV,2010,3.402767
Cape Verde,CPV,2011,4.0120287
Cape Verde,CPV,2012,3.5140605
Cape Verde,CPV,2013,3.434298
Cape Verde,CPV,2014,3.70393
Cape Verde,CPV,2015,3.671325
Cape Verde,CPV,2016,3.8465981
Cape Verde,CPV,2017,4.103631
Cape Verde,CPV,2018,3.3885083
Cape Verde,CPV,2019,3.6076133
Cape Verde,CPV,2020,2.6889787
Cape Verde,CPV,2021,2.987255
Cape Verde,CPV,2022,3.059399
Cape Verde,CPV,2023,3.0065026
Cape Verde,CPV,2024,3.1133187
Cayman Islands,CYM,1980,0.41338104
Cayman Islands,CYM,1981,0.47114468
Cayman Islands,CYM,1982,0.47114468
Cayman Islands,CYM,1983,0.4122516
Cayman Islands,CYM,1984,0.47243547
Cayman Islands,CYM,1985,0.47114468
Cayman Islands,CYM,1986,0.44532597
Cayman Islands,CYM,1987,0.4703389
Cayman Islands,CYM,1988,1.1454084
Cayman Islands,CYM,1989,1.1424204
Cayman Islands,CYM,1990,1.2143104
Cayman Islands,CYM,1991,1.2019283
Cayman Islands,CYM,1992,1.2191224
Cayman Islands,CYM,1993,1.1553159
Cayman Islands,CYM,1994,1.3328128
Cayman Islands,CYM,1995,1.4279207
Cayman Islands,CYM,1996,1.4318328
Cayman Islands,CYM,1997,1.4281783
Cayman Islands,CYM,1998,1.4281783
Cayman Islands,CYM,1999,1.4281843
Cayman Islands,CYM,2000,2.0827904
Cayman Islands,CYM,2001,2.1090996
Cayman Islands,CYM,2002,2.1863046
Cayman Islands,CYM,2003,2.2145648
Cayman Islands,CYM,2004,2.0931861
Cayman Islands,CYM,2005,2.1548247
Cayman Islands,CYM,2006,2.1855607
Cayman Islands,CYM,2007,2.6120863
Cayman Islands,CYM,2008,2.68237
Cayman Islands,CYM,2009,2.4890695
Cayman Islands,CYM,2010,2.5006146
Cayman Islands,CYM,2011,2.6326065
Cayman Islands,CYM,2012,2.4322448
Cayman Islands,CYM,2013,2.4009464
Cayman Islands,CYM,2014,2.4414272
Cayman Islands,CYM,2015,2.5824666
Cayman Islands,CYM,2016,2.5443296
Cayman Islands,CYM,2017,2.9399824
Cayman Islands,CYM,2018,3.0857224
Cayman Islands,CYM,2019,3.3889709
Cayman Islands,CYM,2020,2.9310427
Cayman Islands,CYM,2021,2.8244393
Cayman Islands,CYM,2022,3.1123853
Cayman Islands,CYM,2023,3.514766
Cayman Islands,CYM,2024,3.5545845
Central African Republic,CAF,1980,0.6694042
Central African Republic,CAF,1981,0.84728223
Central African Republic,CAF,1982,0.91045785
Central African Republic,CAF,1983,0.9666334
Central African Republic,CAF,1984,0.9137659
Central African Republic,CAF,1985,0.90245783
Central African Republic,CAF,1986,1.0989845
Central African Republic,CAF,1987,1.0128453
Central African Republic,CAF,1988,1.016332
Central African Republic,CAF,1989,1.0138453
Central African Republic,CAF,1990,1.0843108
Central African Republic,CAF,1991,1.1456213
Central African Republic,CAF,1992,1.0940739
Central African Republic,CAF,1993,1.2082739
Central African Republic,CAF,1994,1.2709264
Central African Republic,CAF,1995,1.2717918
Central African Republic,CAF,1996,1.3385384
Central African Republic,CAF,1997,1.337237
Central African Republic,CAF,1998,1.3352369
Central African Republic,CAF,1999,1.3352412
Central African Republic,CAF,2000,1.2810928
Central African Republic,CAF,2001,1.3190919
Central African Republic,CAF,2002,1.30596
Central African Republic,CAF,2003,1.2172186
Central African Republic,CAF,2004,1.2387191
Central African Republic,CAF,2005,1.2252303
Central African Republic,CAF,2006,1.2725059
Central African Republic,CAF,2007,1.270447
Central African Republic,CAF,2008,0.9788777
Central African Republic,CAF,2009,0.93834555
Central African Republic,CAF,2010,0.96238303
Central African Republic,CAF,2011,1.0522301
Central African Republic,CAF,2012,1.081267
Central African Republic,CAF,2013,0.7463159
Central African Republic,CAF,2014,0.842295
Central African Republic,CAF,2015,1.1398422
Central African Republic,CAF,2016,1.2181472
Central African Republic,CAF,2017,1.2516617
Central African Republic,CAF,2018,1.3272108
Central African Republic,CAF,2019,1.5665745
Central African Republic,CAF,2020,1.6155869
Central African Republic,CAF,2021,1.7559328
Central African Republic,CAF,2022,1.7896479
Central African Republic,CAF,2023,1.7988855
Central African Republic,CAF,2024,1.9011937
Chad,TCD,1980,1.2080185
Chad,TCD,1981,1.1444821
Chad,TCD,1982,1.1444821
Chad,TCD,1983,1.1444821
Chad,TCD,1984,0.54360837
Chad,TCD,1985,0.66259485
Chad,TCD,1986,1.1444821
Chad,TCD,1987,1.0165235
Chad,TCD,1988,0.61752826
Chad,TCD,1989,0.6771561
Chad,TCD,1990,1.4191221
Chad,TCD,1991,1.3876057
Chad,TCD,1992,1.3914074
Chad,TCD,1993,0.66766983
Chad,TCD,1994,0.7299804
Chad,TCD,1995,0.7299804
Chad,TCD,1996,0.7319803
Chad,TCD,1997,0.79063296
Chad,TCD,1998,0.79063296
Chad,TCD,1999,0.79063296
Chad,TCD,2000,1.0321127
Chad,TCD,2001,0.99062955
Chad,TCD,2002,0.9778943
Chad,TCD,2003,0.966632
Chad,TCD,2004,1.0184119
Chad,TCD,2005,1.0961044
Chad,TCD,2006,1.1126602
Chad,TCD,2007,1.2279041
Chad,TCD,2008,1.2876309
Chad,TCD,2009,1.403835
Chad,TCD,2010,1.5571327
Chad,TCD,2011,2.2286994
Chad,TCD,2012,3.8592706
Chad,TCD,2013,4.0026665
Chad,TCD,2014,4.160168
Chad,TCD,2015,4.2181745
Chad,TCD,2016,4.1662374
Chad,TCD,2017,6.4157047
Chad,TCD,2018,6.8681674
Chad,TCD,2019,7.029396
Chad,TCD,2020,7.401151
Chad,TCD,2021,8.2471075
Chad,TCD,2022,8.269258
Chad,TCD,2023,7.572659
Chad,TCD,2024,7.7652364
Chile,CHL,1965,64.69489
Chile,CHL,1966,69.518456
Chile,CHL,1967,70.86129
Chile,CHL,1968,71.88223
Chile,CHL,1969,77.12148
Chile,CHL,1970,81.315125
Chile,CHL,1971,87.68748
Chile,CHL,1972,87.7223
Chile,CHL,1973,84.784294
Chile,CHL,1974,83.46552
Chile,CHL,1975,74.31858
Chile,CHL,1976,77.23782
Chile,CHL,1977,80.72681
Chile,CHL,1978,83.89824
Chile,CHL,1979,88.98561
Chile,CHL,1980,91.55601
Chile,CHL,1981,91.61544
Chile,CHL,1982,83.16439
Chile,CHL,1983,85.69525
Chile,CHL,1984,88.97107
Chile,CHL,1985,88.20444
Chile,CHL,1986,90.968666
Chile,CHL,1987,94.69437
Chile,CHL,1988,109.08796
Chile,CHL,1989,127.13787
Chile,CHL,1990,138.02641
Chile,CHL,1991,149.09062
Chile,CHL,1992,161.15149
Chile,CHL,1993,171.25066
Chile,CHL,1994,181.9517
Chile,CHL,1995,195.89584
Chile,CHL,1996,212.54242
Chile,CHL,1997,243.70499
Chile,CHL,1998,250.09882
Chile,CHL,1999,266.31042
Chile,CHL,2000,269.8273
Chile,CHL,2001,271.0476
Chile,CHL,2002,276.00763
Chile,CHL,2003,279.2535
Chile,CHL,2004,304.50378
Chile,CHL,2005,309.36633
Chile,CHL,2006,317.36954
Chile,CHL,2007,328.02197
Chile,CHL,2008,324.7326
Chile,CHL,2009,308.5424
Chile,CHL,2010,324.1819
Chile,CHL,2011,348.34958
Chile,CHL,2012,365.94498
Chile,CHL,2013,377.34244
Chile,CHL,2014,366.0894
Chile,CHL,2015,367.45544
Chile,CHL,2016,391.40424
Chile,CHL,2017,401.7025
Chile,CHL,2018,415.6404
Chile,CHL,2019,420.84244
Chile,CHL,2020,386.3869
Chile,CHL,2021,419.35446
Chile,CHL,2022,433.78326
Chile,CHL,2023,417.80698
Chile,CHL,2024,417.70776
Chile,CHL,2025,421.76755
China,CHN,1965,1492.9507
China,CHN,1966,1625.3032
China,CHN,1967,1463.1353
China,CHN,1968,1471.9388
China,CHN,1969,1799.668
China,CHN,1970,2314.658
China,CHN,1971,2743.2244
China,CHN,1972,2954.3516
China,CHN,1973,3114.8232
China,CHN,1974,3205.2043
China,CHN,1975,3595.096
China,CHN,1976,3788.3394
China,CHN,1977,4134.868
China,CHN,1978,4547.4395
China,CHN,1979,4676.8022
China,CHN,1980,4713.5957
China,CHN,1981,4635.641
China,CHN,1982,4831.243
China,CHN,1983,5128.581
China,CHN,1984,5515.249
China,CHN,1985,5969.5693
China,CHN,1986,6259.075
China,CHN,1987,6754.4927
China,CHN,1988,7253.4717
China,CHN,1989,7604.7114
China,CHN,1990,7690.612
China,CHN,1991,8093.9814
China,CHN,1992,8518.453
China,CHN,1993,9161.1455
China,CHN,1994,9723.971
China,CHN,1995,9981.268
China,CHN,1996,10542.707
China,CHN,1997,10600.332
China,CHN,1998,10613.732
China,CHN,1999,11003.676
China,CHN,2000,11367.447
China,CHN,2001,11935.087
China,CHN,2002,13032.379
China,CHN,2003,15288.828
China,CHN,2004,17855.117
China,CHN,2005,20298.568
China,CHN,2006,22253.334
China,CHN,2007,24171.432
China,CHN,2008,24865.04
China,CHN,2009,26027.531
China,CHN,2010,27706.678
China,CHN,2011,29999.307
China,CHN,2012,30949.838
China,CHN,2013,32042.885
China,CHN,2014,32615.762
China,CHN,2015,32891.176
China,CHN,2016,32871.766
China,CHN,2017,34050.16
China,CHN,2018,35588.63
China,CHN,2019,36677.137
China,CHN,2020,37624.37
China,CHN,2021,39654.57
China,CHN,2022,40304.047
China,CHN,2023,42800.863
China,CHN,2024,44106.516
China,CHN,2025,45053.71
Colombia,COL,1965,90.7379
Colombia,COL,1966,102.22214
Colombia,COL,1967,107.27132
Colombia,COL,1968,110.71366
Colombia,COL,1969,111.14049
Colombia,COL,1970,121.587776
Colombia,COL,1971,119.44227
Colombia,COL,1972,138.26932
Colombia,COL,1973,132.04285
Colombia,COL,1974,147.45436
Colombia,COL,1975,136.55826
Colombia,COL,1976,142.21193
Colombia,COL,1977,147.16847
Colombia,COL,1978,152.52977
Colombia,COL,1979,157.34521
Colombia,COL,1980,162.42499
Colombia,COL,1981,165.49463
Colombia,COL,1982,169.17924
Colombia,COL,1983,179.5111
Colombia,COL,1984,178.79408
Colombia,COL,1985,183.32162
Colombia,COL,1986,188.17194
Colombia,COL,1987,205.73228
Colombia,COL,1988,203.06369
Colombia,COL,1989,212.02855
Colombia,COL,1990,198.6277
Colombia,COL,1991,204.8657
Colombia,COL,1992,224.848
Colombia,COL,1993,237.60869
Colombia,COL,1994,253.57986
Colombia,COL,1995,261.04462
Colombia,COL,1996,267.46106
Colombia,COL,1997,280.49387
Colombia,COL,1998,286.1956
Colombia,COL,1999,256.84875
Colombia,COL,2000,253.79442
Colombia,COL,2001,255.48183
Colombia,COL,2002,251.66866
Colombia,COL,2003,254.03152
Colombia,COL,2004,267.2184
Colombia,COL,2005,261.02542
Colombia,COL,2006,307.24982
Colombia,COL,2007,311.24033
Colombia,COL,2008,324.74603
Colombia,COL,2009,330.30673
Colombia,COL,2010,352.33987
Colombia,COL,2011,358.33365
Colombia,COL,2012,388.71426
Colombia,COL,2013,408.17783
Colombia,COL,2014,433.71753
Colombia,COL,2015,428.34573
Colombia,COL,2016,469.9556
Colombia,COL,2017,454.53287
Colombia,COL,2018,470.378
Colombia,COL,2019,481.47174
Colombia,COL,2020,437.1407
Colombia,COL,2021,467.51337
Colombia,COL,2022,513.5803
Colombia,COL,2023,515.244
Colombia,COL,2024,516.08154
Colombia,COL,2025,495.17206
Comoros,COM,1980,0.18750615
Comoros,COM,1981,0.1869993
Comoros,COM,1982,0.1869993
Comoros,COM,1983,0.1869993
Comoros,COM,1984,0.18750615
Comoros,COM,1985,0.1869993
Comoros,COM,1986,0.10284312
Comoros,COM,1987,0.22127792
Comoros,COM,1988,0.22161976
Comoros,COM,1989,0.22127792
Comoros,COM,1990,0.26249054
Comoros,COM,1991,0.25321677
Comoros,COM,1992,0.25372866
Comoros,COM,1993,0.25321677
Comoros,COM,1994,0.25321677
Comoros,COM,1995,0.25304088
Comoros,COM,1996,0.25372866
Comoros,COM,1997,0.25321677
Comoros,COM,1998,0.3094086
Comoros,COM,1999,0.3094137
Comoros,COM,2000,0.4343954
Comoros,COM,2001,0.4534983
Comoros,COM,2002,0.4544983
Comoros,COM,2003,0.58059514
Comoros,COM,2004,0.6363568
Comoros,COM,2005,0.6108862
Comoros,COM,2006,0.7126586
Comoros,COM,2007,0.4677449
Comoros,COM,2008,0.47705626
Comoros,COM,2009,0.5840325
Comoros,COM,2010,0.69541115
Comoros,COM,2011,0.62383914
Comoros,COM,2012,0.6527596
Comoros,COM,2013,0.78171283
Comoros,COM,2014,0.69788736
Comoros,COM,2015,0.7533229
Comoros,COM,2016,0.8839073
Comoros,COM,2017,1.1361032
Comoros,COM,2018,0.82426965
Comoros,COM,2019,0.90792096
Comoros,COM,2020,1.0705446
Comoros,COM,2021,1.6089895
Comoros,COM,2022,1.7252566
Comoros,COM,2023,1.497013
Comoros,COM,2024,1.5783402
Congo,COG,1980,3.1261065
Congo,COG,1981,3.7724493
Congo,COG,1982,3.2735584
Congo,COG,1983,2.8123512
Congo,COG,1984,2.8606834
Congo,COG,1985,4.279663
Congo,COG,1986,3.9282632
Congo,COG,1987,4.8533044
Congo,COG,1988,3.804361
Congo,COG,1989,4.2706175
Congo,COG,1990,4.650746
Congo,COG,1991,4.1873794
Congo,COG,1992,4.0836067
Congo,COG,1993,3.7328398
Congo,COG,1994,3.5744863
Congo,COG,1995,3.6100373
Congo,COG,1996,3.6705816
Congo,COG,1997,3.584918
Congo,COG,1998,3.4940696
Congo,COG,1999,2.988658
Congo,COG,2000,3.2680323
Congo,COG,2001,4.097975
Congo,COG,2002,3.557524
Congo,COG,2003,4.3302255
Congo,COG,2004,4.6679654
Congo,COG,2005,6.488023
Congo,COG,2006,7.843192
Congo,COG,2007,9.884984
Congo,COG,2008,11.267832
Congo,COG,2009,13.916905
Congo,COG,2010,19.089233
Congo,COG,2011,22.419271
Congo,COG,2012,22.727968
Congo,COG,2013,29.192888
Congo,COG,2014,27.734049
Congo,COG,2015,27.782839
Congo,COG,2016,26.44837
Congo,COG,2017,19.230007
Congo,COG,2018,18.474567
Congo,COG,2019,19.38571
Congo,COG,2020,21.417744
Congo,COG,2021,21.812857
Congo,COG,2022,23.519249
Congo,COG,2023,23.463173
Congo,COG,2024,24.432226
Cook Islands,COK,1980,0.12274578
Cook Islands,COK,1981,0.24482083
Cook Islands,COK,1982,0.24482083
Cook Islands,COK,1983,0.24482083
Cook Islands,COK,1984,0.24549156
Cook Islands,COK,1985,0.24482083
Cook Islands,COK,1986,0.18361562
Cook Islands,COK,1987,0.18361562
Cook Islands,COK,1988,0.18411867
Cook Islands,COK,1989,0.18361562
Cook Islands,COK,1990,0.18361562
Cook Islands,COK,1991,0.12627813
Cook Islands,COK,1992,0.18421867
Cook Islands,COK,1993,0.18371561
Cook Islands,COK,1994,0.18371561
Cook Islands,COK,1995,0.18371561
Cook Islands,COK,1996,0.18421867
Cook Islands,COK,1997,0.18371561
Cook Islands,COK,1998,0.18371561
Cook Islands,COK,1999,0.18371561
Cook Islands,COK,2000,0.2736492
Cook Islands,COK,2001,0.26101318
Cook Islands,COK,2002,0.141337
Cook Islands,COK,2003,0.13034695
Cook Islands,COK,2004,0.22123009
Cook Islands,COK,2005,0.35426825
Cook Islands,COK,2006,0.3774819
Cook Islands,COK,2007,0.3184724
Cook Islands,COK,2008,0.32720524
Cook Islands,COK,2009,0.30144325
Cook Islands,COK,2010,0.35809883
Cook Islands,COK,2011,0.40184906
Cook Islands,COK,2012,0.42605957
Cook Islands,COK,2013,0.42444628
Cook Islands,COK,2014,0.448217
Cook Islands,COK,2015,0.4163601
Cook Islands,COK,2016,0.4322685
Cook Islands,COK,2017,0.46200678
Cook Islands,COK,2018,0.47133282
Cook Islands,COK,2019,0.47252205
Cook Islands,COK,2020,0.3291592
Cook Islands,COK,2021,0.34708497
Cook Islands,COK,2022,0.414377
Cook Islands,COK,2023,0.47256416
Cook Islands,COK,2024,0.50405
Costa Rica,CRI,1980,11.889443
Costa Rica,CRI,1981,12.025937
Costa Rica,CRI,1982,11.410926
Costa Rica,CRI,1983,12.085155
Costa Rica,CRI,1984,11.10824
Costa Rica,CRI,1985,11.845903
Costa Rica,CRI,1986,11.185367
Costa Rica,CRI,1987,12.802782
Costa Rica,CRI,1988,14.335554
Costa Rica,CRI,1989,15.474933
Costa Rica,CRI,1990,14.922963
Costa Rica,CRI,1991,15.799587
Costa Rica,CRI,1992,19.30162
Costa Rica,CRI,1993,21.008257
Costa Rica,CRI,1994,21.415926
Costa Rica,CRI,1995,22.702526
Costa Rica,CRI,1996,22.323198
Costa Rica,CRI,1997,24.13809
Costa Rica,CRI,1998,26.031044
Costa Rica,CRI,1999,29.119295
Costa Rica,CRI,2000,29.092924
Costa Rica,CRI,2001,29.61213
Costa Rica,CRI,2002,30.776705
Costa Rica,CRI,2003,32.18396
Costa Rica,CRI,2004,32.226795
Costa Rica,CRI,2005,34.243923
Costa Rica,CRI,2006,36.226425
Costa Rica,CRI,2007,38.915665
Costa Rica,CRI,2008,38.794865
Costa Rica,CRI,2009,37.487244
Costa Rica,CRI,2010,38.259407
Costa Rica,CRI,2011,38.587563
Costa Rica,CRI,2012,39.02943
Costa Rica,CRI,2013,39.866753
Costa Rica,CRI,2014,40.82762
Costa Rica,CRI,2015,41.158142
Costa Rica,CRI,2016,43.51238
Costa Rica,CRI,2017,44.913975
Costa Rica,CRI,2018,46.811714
Costa Rica,CRI,2019,46.713722
Costa Rica,CRI,2020,40.79432
Costa Rica,CRI,2021,45.41064
Costa Rica,CRI,2022,46.82969
Costa Rica,CRI,2023,50.68968
Costa Rica,CRI,2024,49.38663
Cote d'Ivoire,CIV,1980,18.67955
Cote d'Ivoire,CIV,1981,20.247988
Cote d'Ivoire,CIV,1982,19.018188
Cote d'Ivoire,CIV,1983,19.58899
Cote d'Ivoire,CIV,1984,18.322641
Cote d'Ivoire,CIV,1985,19.865988
Cote d'Ivoire,CIV,1986,20.627089
Cote d'Ivoire,CIV,1987,22.815615
Cote d'Ivoire,CIV,1988,23.780685
Cote d'Ivoire,CIV,1989,23.776636
Cote d'Ivoire,CIV,1990,20.02489
Cote d'Ivoire,CIV,1991,16.641783
Cote d'Ivoire,CIV,1992,16.532995
Cote d'Ivoire,CIV,1993,18.759562
Cote d'Ivoire,CIV,1994,19.269474
Cote d'Ivoire,CIV,1995,20.018848
Cote d'Ivoire,CIV,1996,23.860836
Cote d'Ivoire,CIV,1997,24.303682
Cote d'Ivoire,CIV,1998,25.564655
Cote d'Ivoire,CIV,1999,33.080284
Cote d'Ivoire,CIV,2000,33.284916
Cote d'Ivoire,CIV,2001,32.803337
Cote d'Ivoire,CIV,2002,32.005833
Cote d'Ivoire,CIV,2003,28.34436
Cote d'Ivoire,CIV,2004,31.102839
Cote d'Ivoire,CIV,2005,35.49587
Cote d'Ivoire,CIV,2006,29.810516
Cote d'Ivoire,CIV,2007,31.60802
Cote d'Ivoire,CIV,2008,34.909946
Cote d'Ivoire,CIV,2009,33.49037
Cote d'Ivoire,CIV,2010,35.271774
Cote d'Ivoire,CIV,2011,32.348873
Cote d'Ivoire,CIV,2012,40.218838
Cote d'Ivoire,CIV,2013,45.178055
Cote d'Ivoire,CIV,2014,47.355488
Cote d'Ivoire,CIV,2015,48.213608
Cote d'Ivoire,CIV,2016,54.957275
Cote d'Ivoire,CIV,2017,53.68422
Cote d'Ivoire,CIV,2018,53.910587
Cote d'Ivoire,CIV,2019,57.435932
Cote d'Ivoire,CIV,2020,55.828445
Cote d'Ivoire,CIV,2021,66.36246
Cote d'Ivoire,CIV,2022,78.41207
Cote d'Ivoire,CIV,2023,83.86776
Cote d'Ivoire,CIV,2024,83.41477
Croatia,HRV,1990,93.15232
Croatia,HRV,1991,72.97497
Croatia,HRV,1992,72.01136
Croatia,HRV,1993,75.09903
Croatia,HRV,1994,74.22628
Croatia,HRV,1995,76.72701
Croatia,HRV,1996,78.852356
Croatia,HRV,1997,81.90349
Croatia,HRV,1998,86.94607
Croatia,HRV,1999,87.77375
Croatia,HRV,2000,83.9214
Croatia,HRV,2001,87.60186
Croatia,HRV,2002,90.39424
Croatia,HRV,2003,95.949104
Croatia,HRV,2004,96.18605
Croatia,HRV,2005,96.15396
Croatia,HRV,2006,95.70192
Croatia,HRV,2007,99.800476
Croatia,HRV,2008,97.326706
Croatia,HRV,2009,93.10709
Croatia,HRV,2010,91.807396
Croatia,HRV,2011,85.23641
Croatia,HRV,2012,78.577095
Croatia,HRV,2013,80.26461
Croatia,HRV,2014,79.28205
Croatia,HRV,2015,78.71273
Croatia,HRV,2016,81.35864
Croatia,HRV,2017,83.75024
Croatia,HRV,2018,83.07264
Croatia,HRV,2019,84.289764
Croatia,HRV,2020,79.758575
Croatia,HRV,2021,83.70861
Croatia,HRV,2022,81.075356
Croatia,HRV,2023,87.30637
Croatia,HRV,2024,86.21296
Croatia,HRV,2025,90.5554
Cuba,CUB,1980,133.1983
Cuba,CUB,1981,135.45055
Cuba,CUB,1982,146.65692
Cuba,CUB,1983,134.95145
Cuba,CUB,1984,139.82304
Cuba,CUB,1985,142.19994
Cuba,CUB,1986,145.92781
Cuba,CUB,1987,143.76543
Cuba,CUB,1988,145.78746
Cuba,CUB,1989,148.64626
Cuba,CUB,1990,145.49197
Cuba,CUB,1991,135.36658
Cuba,CUB,1992,120.47898
Cuba,CUB,1993,117.73993
Cuba,CUB,1994,119.08896
Cuba,CUB,1995,121.365
Cuba,CUB,1996,125.11389
Cuba,CUB,1997,137.64354
Cuba,CUB,1998,130.9926
Cuba,CUB,1999,113.2984
Cuba,CUB,2000,109.59248
Cuba,CUB,2001,100.93812
Cuba,CUB,2002,102.08974
Cuba,CUB,2003,103.586494
Cuba,CUB,2004,104.96604
Cuba,CUB,2005,103.3213
Cuba,CUB,2006,100.6557
Cuba,CUB,2007,101.60977
Cuba,CUB,2008,116.22484
Cuba,CUB,2009,117.08955
Cuba,CUB,2010,133.16882
Cuba,CUB,2011,119.583435
Cuba,CUB,2012,130.12894
Cuba,CUB,2013,124.85697
Cuba,CUB,2014,127.18252
Cuba,CUB,2015,127.57657
Cuba,CUB,2016,99.42601
Cuba,CUB,2017,105.783844
Cuba,CUB,2018,110.46983
Cuba,CUB,2019,101.21441
Cuba,CUB,2020,93.37293
Cuba,CUB,2021,92.463295
Cuba,CUB,2022,93.06445
Cuba,CUB,2023,84.17055
Cuba,CUB,2024,84.25683
Cyprus,CYP,1965,4.68025
Cyprus,CYP,1966,5.338632
Cyprus,CYP,1967,5.7872543
Cyprus,CYP,1968,6.427252
Cyprus,CYP,1969,7.5897937
Cyprus,CYP,1970,8.004829
Cyprus,CYP,1971,9.548514
Cyprus,CYP,1972,10.737023
Cyprus,CYP,1973,11.51917
Cyprus,CYP,1974,10.213084
Cyprus,CYP,1975,8.53023
Cyprus,CYP,1976,8.673059
Cyprus,CYP,1977,9.796984
Cyprus,CYP,1978,10.044486
Cyprus,CYP,1979,10.192833
Cyprus,CYP,1980,10.278665
Cyprus,CYP,1981,9.8561945
Cyprus,CYP,1982,11.813791
Cyprus,CYP,1983,12.43068
Cyprus,CYP,1984,12.612489
Cyprus,CYP,1985,13.56538
Cyprus,CYP,1986,14.143438
Cyprus,CYP,1987,17.280825
Cyprus,CYP,1988,17.845005
Cyprus,CYP,1989,18.312033
Cyprus,CYP,1990,18.695765
Cyprus,CYP,1991,20.756586
Cyprus,CYP,1992,23.182232
Cyprus,CYP,1993,23.193417
Cyprus,CYP,1994,24.540941
Cyprus,CYP,1995,24.665243
Cyprus,CYP,1996,25.833519
Cyprus,CYP,1997,26.130684
Cyprus,CYP,1998,26.899767
Cyprus,CYP,1999,28.778387
Cyprus,CYP,2000,30.07824
Cyprus,CYP,2001,30.43281
Cyprus,CYP,2002,30.162676
Cyprus,CYP,2003,32.626675
Cyprus,CYP,2004,30.88118
Cyprus,CYP,2005,34.12791
Cyprus,CYP,2006,34.420567
Cyprus,CYP,2007,35.040413
Cyprus,CYP,2008,35.65097
Cyprus,CYP,2009,34.957508
Cyprus,CYP,2010,33.98402
Cyprus,CYP,2011,33.63521
Cyprus,CYP,2012,31.239218
Cyprus,CYP,2013,27.813446
Cyprus,CYP,2014,27.841228
Cyprus,CYP,2015,28.588837
Cyprus,CYP,2016,31.08664
Cyprus,CYP,2017,31.525692
Cyprus,CYP,2018,31.64886
Cyprus,CYP,2019,31.77405
Cyprus,CYP,2020,27.396698
Cyprus,CYP,2021,28.680517
Cyprus,CYP,2022,30.45897
Cyprus,CYP,2023,30.495905
Cyprus,CYP,2024,31.527328
Cyprus,CYP,2025,32.505688
Czechia,CZE,1965,464.41055
Czechia,CZE,1966,468.16772
Czechia,CZE,1967,461.22986
Czechia,CZE,1968,482.0208
Czechia,CZE,1969,503.1892
Czechia,CZE,1970,523.5245
Czechia,CZE,1971,551.3371
Czechia,CZE,1972,554.37177
Czechia,CZE,1973,558.0491
Czechia,CZE,1974,562.6117
Czechia,CZE,1975,585.74963
Czechia,CZE,1976,602.89886
Czechia,CZE,1977,621.7991
Czechia,CZE,1978,630.82135
Czechia,CZE,1979,636.62195
Czechia,CZE,1980,616.14087
Czechia,CZE,1981,612.1919
Czechia,CZE,1982,605.7364
Czechia,CZE,1983,606.7772
Czechia,CZE,1984,628.00085
Czechia,CZE,1985,628.70184
Czechia,CZE,1986,636.0675
Czechia,CZE,1987,650.49414
Czechia,CZE,1988,654.2838
Czechia,CZE,1989,635.1788
Czechia,CZE,1990,553.9549
Czechia,CZE,1991,502.88892
Czechia,CZE,1992,497.76428
Czechia,CZE,1993,487.36377
Czechia,CZE,1994,474.28885
Czechia,CZE,1995,484.8801
Czechia,CZE,1996,500.01367
Czechia,CZE,1997,481.77966
Czechia,CZE,1998,469.43307
Czechia,CZE,1999,448.92612
Czechia,CZE,2000,474.43777
Czechia,CZE,2001,484.7014
Czechia,CZE,2002,487.42252
Czechia,CZE,2003,519.1205
Czechia,CZE,2004,532.0963
Czechia,CZE,2005,522.40515
Czechia,CZE,2006,533.49445
Czechia,CZE,2007,529.69336
Czechia,CZE,2008,520.3172
Czechia,CZE,2009,496.822
Czechia,CZE,2010,520.3347
Czechia,CZE,2011,503.29175
Czechia,CZE,2012,501.78406
Czechia,CZE,2013,492.49744
Czechia,CZE,2014,484.50983
Czechia,CZE,2015,475.02197
Czechia,CZE,2016,466.93054
Czechia,CZE,2017,495.48282
Czechia,CZE,2018,495.36426
Czechia,CZE,2019,484.06476
Czechia,CZE,2020,448.84412
Czechia,CZE,2021,473.2369
Czechia,CZE,2022,463.16315
Czechia,CZE,2023,424.4716
Czechia,CZE,2024,409.2131
Czechia,CZE,2025,420.85928
Czechoslovakia,OWID_CZS,1980,904.7053
Czechoslovakia,OWID_CZS,1981,899.7466
Czechoslovakia,OWID_CZS,1982,907.8476
Czechoslovakia,OWID_CZS,1983,913.9432
Czechoslovakia,OWID_CZS,1984,922.75696
Czechoslovakia,OWID_CZS,1985,929.0634
Czechoslovakia,OWID_CZS,1986,942.18866
Czechoslovakia,OWID_CZS,1987,966.3246
Czechoslovakia,OWID_CZS,1988,945.94714
Czechoslovakia,OWID_CZS,1989,941.4384
Czechoslovakia,OWID_CZS,1990,940.9103
Czechoslovakia,OWID_CZS,1991,851.4021
Czechoslovakia,OWID_CZS,1992,766.147
Democratic Republic of Congo,COD,1980,17.671707
Democratic Republic of Congo,COD,1981,18.178074
Democratic Republic of Congo,COD,1982,18.658539
Democratic Republic of Congo,COD,1983,18.938417
Democratic Republic of Congo,COD,1984,18.467468
Democratic Republic of Congo,COD,1985,18.235703
Democratic Republic of Congo,COD,1986,19.381512
Democratic Republic of Congo,COD,1987,18.021292
Democratic Republic of Congo,COD,1988,20.924635
Democratic Republic of Congo,COD,1989,20.577053
Democratic Republic of Congo,COD,1990,19.777628
Democratic Republic of Congo,COD,1991,18.22732
Democratic Republic of Congo,COD,1992,19.75643
Democratic Republic of Congo,COD,1993,19.649088
Democratic Republic of Congo,COD,1994,16.281717
Democratic Republic of Congo,COD,1995,17.081652
Democratic Republic of Congo,COD,1996,17.846241
Democratic Republic of Congo,COD,1997,17.158424
Democratic Republic of Congo,COD,1998,16.253603
Democratic Republic of Congo,COD,1999,17.247278
Democratic Republic of Congo,COD,2000,9.466567
Democratic Republic of Congo,COD,2001,8.980806
Democratic Republic of Congo,COD,2002,9.574306
Democratic Republic of Congo,COD,2003,10.439659
Democratic Republic of Congo,COD,2004,11.869053
Democratic Republic of Congo,COD,2005,13.463633
Democratic Republic of Congo,COD,2006,14.915553
Democratic Republic of Congo,COD,2007,15.312274
Democratic Republic of Congo,COD,2008,14.401965
Democratic Republic of Congo,COD,2009,13.409016
Democratic Republic of Congo,COD,2010,16.327885
Democratic Republic of Congo,COD,2011,18.957361
Democratic Republic of Congo,COD,2012,19.27919
Democratic Republic of Congo,COD,2013,24.895065
Democratic Republic of Congo,COD,2014,31.753267
Democratic Republic of Congo,COD,2015,22.703568
Democratic Republic of Congo,COD,2016,19.420776
Democratic Republic of Congo,COD,2017,20.750175
Democratic Republic of Congo,COD,2018,25.156828
Democratic Republic of Congo,COD,2019,23.576908
Democratic Republic of Congo,COD,2020,27.373993
Democratic Republic of Congo,COD,2021,30.742472
Democratic Republic of Congo,COD,2022,32.118507
Democratic Republic of Congo,COD,2023,33.99638
Democratic Republic of Congo,COD,2024,34.144688
Denmark,DNK,1965,166.15935
Denmark,DNK,1966,189.00853
Denmark,DNK,1967,190.07455
Denmark,DNK,1968,198.62576
Denmark,DNK,1969,228.00354
Denmark,DNK,1970,242.94246
Denmark,DNK,1971,229.58818
Denmark,DNK,1972,242.29532
Denmark,DNK,1973,234.4226
Denmark,DNK,1974,213.26694
Denmark,DNK,1975,210.19838
Denmark,DNK,1976,231.40599
Denmark,DNK,1977,236.13838
Denmark,DNK,1978,239.55988
Denmark,DNK,1979,239.07014
Denmark,DNK,1980,232.87363
Denmark,DNK,1981,209.15735
Denmark,DNK,1982,199.89888
Denmark,DNK,1983,189.98965
Denmark,DNK,1984,193.16327
Denmark,DNK,1985,217.65118
Denmark,DNK,1986,222.33347
Denmark,DNK,1987,214.2332
Denmark,DNK,1988,211.65825
Denmark,DNK,1989,194.91095
Denmark,DNK,1990,200.9364
Denmark,DNK,1991,231.6963
Denmark,DNK,1992,216.08018
Denmark,DNK,1993,229.89674
Denmark,DNK,1994,245.63606
Denmark,DNK,1995,242.54814
Denmark,DNK,1996,287.91666
Denmark,DNK,1997,258.38675
Denmark,DNK,1998,248.17867
Denmark,DNK,1999,239.9623
Denmark,DNK,2000,228.21056
Denmark,DNK,2001,231.5174
Denmark,DNK,2002,227.3921
Denmark,DNK,2003,244.10255
Denmark,DNK,2004,228.65762
Denmark,DNK,2005,220.25151
Denmark,DNK,2006,245.0688
Denmark,DNK,2007,231.41197
Denmark,DNK,2008,222.7021
Denmark,DNK,2009,208.49403
Denmark,DNK,2010,219.63779
Denmark,DNK,2011,202.92079
Denmark,DNK,2012,186.64445
Denmark,DNK,2013,192.36136
Denmark,DNK,2014,181.51848
Denmark,DNK,2015,174.7874
Denmark,DNK,2016,178.22798
Denmark,DNK,2017,175.91716
Denmark,DNK,2018,174.86244
Denmark,DNK,2019,167.2631
Denmark,DNK,2020,146.24603
Denmark,DNK,2021,159.99173
Denmark,DNK,2022,157.39964
Denmark,DNK,2023,148.56674
Denmark,DNK,2024,152.82742
Denmark,DNK,2025,143.38657
Djibouti,DJI,1980,6.3453336
Djibouti,DJI,1981,5.0623975
Djibouti,DJI,1982,5.0623975
Djibouti,DJI,1983,3.796798
Djibouti,DJI,1984,3.1726668
Djibouti,DJI,1985,3.1639984
Djibouti,DJI,1986,2.8475986
Djibouti,DJI,1987,2.9096417
Djibouti,DJI,1988,2.8501763
Djibouti,DJI,1989,6.698371
Djibouti,DJI,1990,6.881986
Djibouti,DJI,1991,6.881986
Djibouti,DJI,1992,6.968278
Djibouti,DJI,1993,7.011282
Djibouti,DJI,1994,7.2014976
Djibouti,DJI,1995,7.134245
Djibouti,DJI,1996,7.1537905
Djibouti,DJI,1997,7.2014976
Djibouti,DJI,1998,7.2014976
Djibouti,DJI,1999,7.2014976
Djibouti,DJI,2000,3.5337489
Djibouti,DJI,2001,3.5206168
Djibouti,DJI,2002,3.5309176
Djibouti,DJI,2003,3.6626916
Djibouti,DJI,2004,3.562442
Djibouti,DJI,2005,3.3687809
Djibouti,DJI,2006,3.1481004
Djibouti,DJI,2007,3.2768266
Djibouti,DJI,2008,3.6643205
Djibouti,DJI,2009,3.1819422
Djibouti,DJI,2010,3.6236532
Djibouti,DJI,2011,2.737275
Djibouti,DJI,2012,3.6109946
Djibouti,DJI,2013,3.7274644
Djibouti,DJI,2014,4.1374354
Djibouti,DJI,2015,3.6488256
Djibouti,DJI,2016,3.4881968
Djibouti,DJI,2017,3.1574674
Djibouti,DJI,2018,3.106927
Djibouti,DJI,2019,3.522855
Djibouti,DJI,2020,3.1362257
Djibouti,DJI,2021,3.5850463
Djibouti,DJI,2022,3.406152
Djibouti,DJI,2023,3.458469
Djibouti,DJI,2024,3.5083714
Dominica,DMA,1980,0.12908919
Dominica,DMA,1981,0.18964162
Dominica,DMA,1982,0.18864161
Dominica,DMA,1983,0.19464162
Dominica,DMA,1984,0.19613378
Dominica,DMA,1985,0.19364162
Dominica,DMA,1986,0.16047378
Dominica,DMA,1987,0.21766563
Dominica,DMA,1988,0.23032321
Dominica,DMA,1989,0.22984134
Dominica,DMA,1990,0.22984134
Dominica,DMA,1991,0.22984134
Dominica,DMA,1992,0.23032321
Dominica,DMA,1993,0.22984134
Dominica,DMA,1994,0.2998794
Dominica,DMA,1995,0.37685966
Dominica,DMA,1996,0.3778401
Dominica,DMA,1997,0.37803617
Dominica,DMA,1998,0.38503617
Dominica,DMA,1999,0.39004353
Dominica,DMA,2000,0.46561348
Dominica,DMA,2001,0.511884
Dominica,DMA,2002,0.47456014
Dominica,DMA,2003,0.5386887
Dominica,DMA,2004,0.6399731
Dominica,DMA,2005,0.6238153
Dominica,DMA,2006,0.6225396
Dominica,DMA,2007,0.77439564
Dominica,DMA,2008,0.69525576
Dominica,DMA,2009,0.70045155
Dominica,DMA,2010,0.7346293
Dominica,DMA,2011,0.72292036
Dominica,DMA,2012,0.7104169
Dominica,DMA,2013,0.6914456
Dominica,DMA,2014,0.7267973
Dominica,DMA,2015,0.7692144
Dominica,DMA,2016,0.78648967
Dominica,DMA,2017,0.7458202
Dominica,DMA,2018,0.7254289
Dominica,DMA,2019,0.7562105
Dominica,DMA,2020,0.68856615
Dominica,DMA,2021,0.69773114
Dominica,DMA,2022,0.7199884
Dominica,DMA,2023,0.755057
Dominica,DMA,2024,0.77437085
Dominican Republic,DOM,1980,24.111942
Dominican Republic,DOM,1981,23.674784
Dominican Republic,DOM,1982,24.86305
Dominican Republic,DOM,1983,29.858215
Dominican Republic,DOM,1984,26.150993
Dominican Republic,DOM,1985,27.026703
Dominican Republic,DOM,1986,29.990341
Dominican Republic,DOM,1987,33.03013
Dominican Republic,DOM,1988,37.03766
Dominican Republic,DOM,1989,36.467342
Dominican Republic,DOM,1990,39.85786
Dominican Republic,DOM,1991,38.16439
Dominican Republic,DOM,1992,40.954227
Dominican Republic,DOM,1993,37.15076
Dominican Republic,DOM,1994,41.806103
Dominican Republic,DOM,1995,45.06972
Dominican Republic,DOM,1996,48.562145
Dominican Republic,DOM,1997,51.885906
Dominican Republic,DOM,1998,53.62223
Dominican Republic,DOM,1999,60.369167
Dominican Republic,DOM,2000,84.96388
Dominican Republic,DOM,2001,82.66127
Dominican Republic,DOM,2002,87.07056
Dominican Republic,DOM,2003,79.13421
Dominican Republic,DOM,2004,72.70306
Dominican Republic,DOM,2005,79.63476
Dominican Republic,DOM,2006,79.83706
Dominican Republic,DOM,2007,82.26917
Dominican Republic,DOM,2008,82.39631
Dominican Republic,DOM,2009,81.25514
Dominican Republic,DOM,2010,85.384056
Dominican Republic,DOM,2011,83.79875
Dominican Republic,DOM,2012,92.79849
Dominican Republic,DOM,2013,87.87299
Dominican Republic,DOM,2014,85.22289
Dominican Republic,DOM,2015,95.44138
Dominican Republic,DOM,2016,100.575806
Dominican Republic,DOM,2017,98.01782
Dominican Republic,DOM,2018,108.6511
Dominican Republic,DOM,2019,121.40139
Dominican Republic,DOM,2020,99.70087
Dominican Republic,DOM,2021,118.86251
Dominican Republic,DOM,2022,132.78247
Dominican Republic,DOM,2023,132.12498
Dominican Republic,DOM,2024,140.02026
East Germany,OWID_GDR,1980,1731.1578
East Germany,OWID_GDR,1981,1741.7211
East Germany,OWID_GDR,1982,1747.9099
East Germany,OWID_GDR,1983,1731.5043
East Germany,OWID_GDR,1984,1804.8239
East Germany,OWID_GDR,1985,1809.8982
East Germany,OWID_GDR,1986,1801.5739
East Germany,OWID_GDR,1987,1748.3687
East Germany,OWID_GDR,1988,1719.71
East Germany,OWID_GDR,1989,1681.8822
East Germany,OWID_GDR,1990,1523.8456
East Timor,TLS,2003,0.6991211
East Timor,TLS,2004,0.7570248
East Timor,TLS,2005,0.75966024
East Timor,TLS,2006,0.775031
East Timor,TLS,2007,0.80221593
East Timor,TLS,2008,0.8816597
East Timor,TLS,2009,0.9865739
East Timor,TLS,2010,1.0268908
East Timor,TLS,2011,1.0654932
East Timor,TLS,2012,1.2609509
East Timor,TLS,2013,1.898904
East Timor,TLS,2014,2.1790795
East Timor,TLS,2015,2.1366088
East Timor,TLS,2016,2.0895452
East Timor,TLS,2017,2.1312716
East Timor,TLS,2018,2.2446494
East Timor,TLS,2019,2.7141316
East Timor,TLS,2020,2.6006868
East Timor,TLS,2021,2.5470695
East Timor,TLS,2022,2.7063656
East Timor,TLS,2023,2.6856687
East Timor,TLS,2024,2.7770963
Ecuador,ECU,1965,8.169638
Ecuador,ECU,1966,8.5547495
Ecuador,ECU,1967,9.245145
Ecuador,ECU,1968,11.000142
Ecuador,ECU,1969,11.657051
Ecuador,ECU,1970,13.980444
Ecuador,ECU,1971,15.370281
Ecuador,ECU,1972,17.077324
Ecuador,ECU,1973,18.421724
Ecuador,ECU,1974,21.421888
Ecuador,ECU,1975,26.333319
Ecuador,ECU,1976,28.809793
Ecuador,ECU,1977,32.38355
Ecuador,ECU,1978,36.803078
Ecuador,ECU,1979,41.39705
Ecuador,ECU,1980,45.27098
Ecuador,ECU,1981,49.501633
Ecuador,ECU,1982,50.81128
Ecuador,ECU,1983,47.47749
Ecuador,ECU,1984,51.41497
Ecuador,ECU,1985,53.41346
Ecuador,ECU,1986,54.558987
Ecuador,ECU,1987,52.804993
Ecuador,ECU,1988,58.260693
Ecuador,ECU,1989,55.84945
Ecuador,ECU,1990,59.622334
Ecuador,ECU,1991,64.46848
Ecuador,ECU,1992,68.21805
Ecuador,ECU,1993,67.27647
Ecuador,ECU,1994,71.38898
Ecuador,ECU,1995,74.958206
Ecuador,ECU,1996,81.864204
Ecuador,ECU,1997,86.08912
Ecuador,ECU,1998,85.68602
Ecuador,ECU,1999,77.94917
Ecuador,ECU,2000,85.00706
Ecuador,ECU,2001,89.238144
Ecuador,ECU,2002,91.60402
Ecuador,ECU,2003,92.76958
Ecuador,ECU,2004,100.30587
Ecuador,ECU,2005,108.1117
Ecuador,ECU,2006,114.73954
Ecuador,ECU,2007,117.78436
Ecuador,ECU,2008,123.518616
Ecuador,ECU,2009,133.01581
Ecuador,ECU,2010,139.81508
Ecuador,ECU,2011,145.0034
Ecuador,ECU,2012,152.85536
Ecuador,ECU,2013,161.01625
Ecuador,ECU,2014,168.92169
Ecuador,ECU,2015,165.8942
Ecuador,ECU,2016,161.22295
Ecuador,ECU,2017,162.00833
Ecuador,ECU,2018,172.58748
Ecuador,ECU,2019,171.14378
Ecuador,ECU,2020,143.32596
Ecuador,ECU,2021,171.42662
Ecuador,ECU,2022,183.41216
Ecuador,ECU,2023,191.72337
Ecuador,ECU,2024,194.29445
Ecuador,ECU,2025,197.71338
Egypt,EGY,1965,88.28471
Egypt,EGY,1966,92.89082
Egypt,EGY,1967,78.73613
Egypt,EGY,1968,83.245094
Egypt,EGY,1969,65.56538
Egypt,EGY,1970,82.25534
Egypt,EGY,1971,84.11355
Egypt,EGY,1972,94.18831
Egypt,EGY,1973,88.488335
Egypt,EGY,1974,100.06749
Egypt,EGY,1975,110.99514
Egypt,EGY,1976,132.96121
Egypt,EGY,1977,143.58481
Egypt,EGY,1978,150.92014
Egypt,EGY,1979,167.27939
Egypt,EGY,1980,192.47935
Egypt,EGY,1981,221.10815
Egypt,EGY,1982,248.46657
Egypt,EGY,1983,271.60364
Egypt,EGY,1984,298.26678
Egypt,EGY,1985,310.9469
Egypt,EGY,1986,318.75845
Egypt,EGY,1987,339.077
Egypt,EGY,1988,344.59857
Egypt,EGY,1989,362.9018
Egypt,EGY,1990,371.84555
Egypt,EGY,1991,377.02716
Egypt,EGY,1992,373.44757
Egypt,EGY,1993,373.16193
Egypt,EGY,1994,392.23294
Egypt,EGY,1995,415.918
Egypt,EGY,1996,438.80273
Egypt,EGY,1997,457.46466
Egypt,EGY,1998,476.6189
Egypt,EGY,1999,510.5624
Egypt,EGY,2000,540.62933
Egypt,EGY,2001,565.035
Egypt,EGY,2002,582.981
Egypt,EGY,2003,620.8606
Egypt,EGY,2004,656.9591
Egypt,EGY,2005,674.9032
Egypt,EGY,2006,711.9333
Egypt,EGY,2007,757.3823
Egypt,EGY,2008,802.82776
Egypt,EGY,2009,835.1179
Egypt,EGY,2010,868.7947
Egypt,EGY,2011,915.7796
Egypt,EGY,2012,953.92035
Egypt,EGY,2013,947.64166
Egypt,EGY,2014,936.77875
Egypt,EGY,2015,948.54144
Egypt,EGY,2016,1003.69257
Egypt,EGY,2017,1045.0195
Egypt,EGY,2018,1044.3115
Egypt,EGY,2019,1016.6777
Egypt,EGY,2020,948.2449
Egypt,EGY,2021,1020.5342
Egypt,EGY,2022,1069.1461
Egypt,EGY,2023,1055.0586
Egypt,EGY,2024,1077.4917
Egypt,EGY,2025,1101.9269
El Salvador,SLV,1980,10.101924
El Salvador,SLV,1981,8.900344
El Salvador,SLV,1982,9.008968
El Salvador,SLV,1983,9.446662
El Salvador,SLV,1984,9.697617
El Salvador,SLV,1985,10.167789
El Salvador,SLV,1986,10.824828
El Salvador,SLV,1987,10.5599785
El Salvador,SLV,1988,11.524489
El Salvador,SLV,1989,11.366005
El Salvador,SLV,1990,11.938231
El Salvador,SLV,1991,12.937004
El Salvador,SLV,1992,14.810729
El Salvador,SLV,1993,15.113468
El Salvador,SLV,1994,16.71545
El Salvador,SLV,1995,20.996532
El Salvador,SLV,1996,20.745264
El Salvador,SLV,1997,21.427408
El Salvador,SLV,1998,24.76906
El Salvador,SLV,1999,25.677914
El Salvador,SLV,2000,26.401382
El Salvador,SLV,2001,26.424099
El Salvador,SLV,2002,27.614302
El Salvador,SLV,2003,28.992094
El Salvador,SLV,2004,29.120878
El Salvador,SLV,2005,29.581102
El Salvador,SLV,2006,30.821018
El Salvador,SLV,2007,32.110146
El Salvador,SLV,2008,30.528294
El Salvador,SLV,2009,30.275375
El Salvador,SLV,2010,30.49004
El Salvador,SLV,2011,30.646893
El Salvador,SLV,2012,31.426409
El Salvador,SLV,2013,30.522186
El Salvador,SLV,2014,31.531786
El Salvador,SLV,2015,33.656982
El Salvador,SLV,2016,34.1255
El Salvador,SLV,2017,33.040977
El Salvador,SLV,2018,36.13758
El Salvador,SLV,2019,40.302074
El Salvador,SLV,2020,33.576447
El Salvador,SLV,2021,39.18109
El Salvador,SLV,2022,43.162003
El Salvador,SLV,2023,48.695972
El Salvador,SLV,2024,46.812283
Equatorial Guinea,GNQ,1980,0.24568668
Equatorial Guinea,GNQ,1981,0.24502085
Equatorial Guinea,GNQ,1982,0.30577606
Equatorial Guinea,GNQ,1983,0.30577606
Equatorial Guinea,GNQ,1984,0.30660835
Equatorial Guinea,GNQ,1985,0.3665313
Equatorial Guinea,GNQ,1986,0.30577606
Equatorial Guinea,GNQ,1987,0.31766975
Equatorial Guinea,GNQ,1988,0.3185035
Equatorial Guinea,GNQ,1989,0.5046015
Equatorial Guinea,GNQ,1990,0.5046015
Equatorial Guinea,GNQ,1991,0.5046015
Equatorial Guinea,GNQ,1992,0.50594735
Equatorial Guinea,GNQ,1993,0.5046015
Equatorial Guinea,GNQ,1994,0.5046015
Equatorial Guinea,GNQ,1995,0.5045704
Equatorial Guinea,GNQ,1996,0.50594735
Equatorial Guinea,GNQ,1997,0.56791204
Equatorial Guinea,GNQ,1998,0.784637
Equatorial Guinea,GNQ,1999,0.784642
Equatorial Guinea,GNQ,2000,3.226699
Equatorial Guinea,GNQ,2001,1.8233776
Equatorial Guinea,GNQ,2002,28.230333
Equatorial Guinea,GNQ,2003,30.589874
Equatorial Guinea,GNQ,2004,6.190212
Equatorial Guinea,GNQ,2005,22.59021
Equatorial Guinea,GNQ,2006,27.605057
Equatorial Guinea,GNQ,2007,30.537521
Equatorial Guinea,GNQ,2008,30.180944
Equatorial Guinea,GNQ,2009,31.985376
Equatorial Guinea,GNQ,2010,30.762344
Equatorial Guinea,GNQ,2011,33.076622
Equatorial Guinea,GNQ,2012,32.073353
Equatorial Guinea,GNQ,2013,32.788414
Equatorial Guinea,GNQ,2014,30.611979
Equatorial Guinea,GNQ,2015,27.135147
Equatorial Guinea,GNQ,2016,26.795557
Equatorial Guinea,GNQ,2017,37.153397
Equatorial Guinea,GNQ,2018,26.916105
Equatorial Guinea,GNQ,2019,26.697186
Equatorial Guinea,GNQ,2020,30.358444
Equatorial Guinea,GNQ,2021,35.010727
Equatorial Guinea,GNQ,2022,36.92069
Equatorial Guinea,GNQ,2023,36.04889
Equatorial Guinea,GNQ,2024,31.06807
Eritrea,ERI,1994,3.8837404
Eritrea,ERI,1995,4.4491568
Eritrea,ERI,1996,4.5475116
Eritrea,ERI,1997,4.5953875
Eritrea,ERI,1998,4.880089
Eritrea,ERI,1999,5.065363
Eritrea,ERI,2000,2.5972502
Eritrea,ERI,2001,2.8453827
Eritrea,ERI,2002,2.594277
Eritrea,ERI,2003,3.1098452
Eritrea,ERI,2004,3.386927
Eritrea,ERI,2005,3.3890822
Eritrea,ERI,2006,2.3284929
Eritrea,ERI,2007,2.391225
Eritrea,ERI,2008,1.7037936
Eritrea,ERI,2009,2.0603268
Eritrea,ERI,2010,2.0539815
Eritrea,ERI,2011,2.0928564
Eritrea,ERI,2012,2.224815
Eritrea,ERI,2013,2.269763
Eritrea,ERI,2014,2.37065
Eritrea,ERI,2015,2.3520808
Eritrea,ERI,2016,2.3943567
Eritrea,ERI,2017,2.6301863
Eritrea,ERI,2018,2.6168737
Eritrea,ERI,2019,2.5862288
Eritrea,ERI,2020,2.5252995
Eritrea,ERI,2021,2.6612744
Eritrea,ERI,2022,2.8824134
Eritrea,ERI,2023,3.0219328
Eritrea,ERI,2024,3.1374002
Estonia,EST,1985,118.45261
Estonia,EST,1986,117.88285
Estonia,EST,1987,119.66635
Estonia,EST,1988,117.632866
Estonia,EST,1989,121.22506
Estonia,EST,1990,124.45048
Estonia,EST,1991,115.28747
Estonia,EST,1992,81.36298
Estonia,EST,1993,67.51957
Estonia,EST,1994,68.83931
Estonia,EST,1995,62.316746
Estonia,EST,1996,66.146614
Estonia,EST,1997,65.19208
Estonia,EST,1998,58.34432
Estonia,EST,1999,53.7075
Estonia,EST,2000,54.709747
Estonia,EST,2001,56.561943
Estonia,EST,2002,55.02468
Estonia,EST,2003,60.89449
Estonia,EST,2004,62.55243
Estonia,EST,2005,62.903202
Estonia,EST,2006,62.70277
Estonia,EST,2007,72.43857
Estonia,EST,2008,66.80434
Estonia,EST,2009,57.525883
Estonia,EST,2010,71.59867
Estonia,EST,2011,71.46992
Estonia,EST,2012,71.75594
Estonia,EST,2013,75.731255
Estonia,EST,2014,72.601295
Estonia,EST,2015,66.887726
Estonia,EST,2016,69.479294
Estonia,EST,2017,77.13466
Estonia,EST,2018,76.50693
Estonia,EST,2019,61.215366
Estonia,EST,2020,56.662857
Estonia,EST,2021,59.419353
Estonia,EST,2022,61.062042
Estonia,EST,2023,53.851166
Estonia,EST,2024,52.95242
Estonia,EST,2025,49.998405
Eswatini,SWZ,1980,2.5304568
Eswatini,SWZ,1981,2.4474087
Eswatini,SWZ,1982,2.1985176
Eswatini,SWZ,1983,1.9556267
Eswatini,SWZ,1984,2.1815717
Eswatini,SWZ,1985,2.6952364
Eswatini,SWZ,1986,2.6458704
Eswatini,SWZ,1987,2.9003625
Eswatini,SWZ,1988,2.918388
Eswatini,SWZ,1989,3.108477
Eswatini,SWZ,1990,3.137354
Eswatini,SWZ,1991,3.112106
Eswatini,SWZ,1992,3.0442843
Eswatini,SWZ,1993,3.0343301
Eswatini,SWZ,1994,4.048979
Eswatini,SWZ,1995,3.9441836
Eswatini,SWZ,1996,3.751035
Eswatini,SWZ,1997,3.8708727
Eswatini,SWZ,1998,4.8960834
Eswatini,SWZ,1999,5.0064487
Eswatini,SWZ,2000,6.777856
Eswatini,SWZ,2001,6.905166
Eswatini,SWZ,2002,6.981281
Eswatini,SWZ,2003,6.640324
Eswatini,SWZ,2004,6.349622
Eswatini,SWZ,2005,6.4099073
Eswatini,SWZ,2006,6.7806406
Eswatini,SWZ,2007,6.9869657
Eswatini,SWZ,2008,6.7971115
Eswatini,SWZ,2009,6.421744
Eswatini,SWZ,2010,6.2018723
Eswatini,SWZ,2011,5.695249
Eswatini,SWZ,2012,5.496033
Eswatini,SWZ,2013,5.3085217
Eswatini,SWZ,2014,5.4922442
Eswatini,SWZ,2015,5.644117
Eswatini,SWZ,2016,5.8745155
Eswatini,SWZ,2017,6.091822
Eswatini,SWZ,2018,6.384699
Eswatini,SWZ,2019,6.899388
Eswatini,SWZ,2020,6.843439
Eswatini,SWZ,2021,6.659613
Eswatini,SWZ,2022,6.2469993
Eswatini,SWZ,2023,6.872704
Eswatini,SWZ,2024,6.9682617
Ethiopia,ETH,1980,7.864862
Ethiopia,ETH,1981,7.873666
Ethiopia,ETH,1982,8.559972
Ethiopia,ETH,1983,9.837583
Ethiopia,ETH,1984,9.922828
Ethiopia,ETH,1985,11.804499
Ethiopia,ETH,1986,11.387055
Ethiopia,ETH,1987,12.877496
Ethiopia,ETH,1988,12.48848
Ethiopia,ETH,1989,13.123456
Ethiopia,ETH,1990,13.24759
Ethiopia,ETH,1991,11.159831
Ethiopia,ETH,1992,15.761748
Ethiopia,ETH,1993,14.742175
Ethiopia,ETH,1994,10.225786
Ethiopia,ETH,1995,11.0199795
Ethiopia,ETH,1996,8.61806
Ethiopia,ETH,1997,8.653598
Ethiopia,ETH,1998,12.113395
Ethiopia,ETH,1999,14.900156
Ethiopia,ETH,2000,16.042603
Ethiopia,ETH,2001,17.022505
Ethiopia,ETH,2002,17.623617
Ethiopia,ETH,2003,18.928595
Ethiopia,ETH,2004,20.149263
Ethiopia,ETH,2005,23.295902
Ethiopia,ETH,2006,25.333729
Ethiopia,ETH,2007,28.480453
Ethiopia,ETH,2008,30.282385
Ethiopia,ETH,2009,31.171251
Ethiopia,ETH,2010,32.675858
Ethiopia,ETH,2011,35.69457
Ethiopia,ETH,2012,39.17404
Ethiopia,ETH,2013,45.91848
Ethiopia,ETH,2014,52.71938
Ethiopia,ETH,2015,55.386646
Ethiopia,ETH,2016,63.782063
Ethiopia,ETH,2017,63.728283
Ethiopia,ETH,2018,69.21568
Ethiopia,ETH,2019,79.65423
Ethiopia,ETH,2020,68.73543
Ethiopia,ETH,2021,77.74119
Ethiopia,ETH,2022,81.665085
Ethiopia,ETH,2023,88.31214
Ethiopia,ETH,2024,90.55439
Europe,OWID_EUR,1965,18551.664
Europe,OWID_EUR,1966,19289.494
Europe,OWID_EUR,1967,20042.898
Europe,OWID_EUR,1968,21139.78
Europe,OWID_EUR,1969,22505.676
Europe,OWID_EUR,1970,23843.148
Europe,OWID_EUR,1971,24674.562
Europe,OWID_EUR,1972,25889.393
Europe,OWID_EUR,1973,27346.334
Europe,OWID_EUR,1974,27587.684
Europe,OWID_EUR,1975,27931.852
Europe,OWID_EUR,1976,29391.857
Europe,OWID_EUR,1977,30066.816
Europe,OWID_EUR,1978,31259.889
Europe,OWID_EUR,1979,32325.7
Europe,OWID_EUR,1980,32126.86
Europe,OWID_EUR,1981,31891.873
Europe,OWID_EUR,1982,31886.043
Europe,OWID_EUR,1983,32318.537
Europe,OWID_EUR,1984,33333.47
Europe,OWID_EUR,1985,32313.186
Europe,OWID_EUR,1986,32933.31
Europe,OWID_EUR,1987,33649.395
Europe,OWID_EUR,1988,34019.742
Europe,OWID_EUR,1989,34084.176
Europe,OWID_EUR,1990,34020.684
Europe,OWID_EUR,1991,33608.07
Europe,OWID_EUR,1992,32320.041
Europe,OWID_EUR,1993,31150.754
Europe,OWID_EUR,1994,29844.047
Europe,OWID_EUR,1995,29770.527
Europe,OWID_EUR,1996,30121.693
Europe,OWID_EUR,1997,29539.783
Europe,OWID_EUR,1998,29599.354
Europe,OWID_EUR,1999,29524.717
Europe,OWID_EUR,2000,29854.1
Europe,OWID_EUR,2001,30315.787
Europe,OWID_EUR,2002,30319.775
Europe,OWID_EUR,2003,30968.486
Europe,OWID_EUR,2004,31297.941
Europe,OWID_EUR,2005,31359.562
Europe,OWID_EUR,2006,31878.85
Europe,OWID_EUR,2007,31591.115
Europe,OWID_EUR,2008,31472.31
Europe,OWID_EUR,2009,29471.129
Europe,OWID_EUR,2010,30589.168
Europe,OWID_EUR,2011,30259.803
Europe,OWID_EUR,2012,30040.475
Europe,OWID_EUR,2013,29586.686
Europe,OWID_EUR,2014,28713.28
Europe,OWID_EUR,2015,28589.451
Europe,OWID_EUR,2016,28906.242
Europe,OWID_EUR,2017,29225.535
Europe,OWID_EUR,2018,29437.607
Europe,OWID_EUR,2019,28965.15
Europe,OWID_EUR,2020,26854.701
Europe,OWID_EUR,2021,28103.146
Europe,OWID_EUR,2022,27372.11
Europe,OWID_EUR,2023,26707.715
Europe,OWID_EUR,2024,27032.48
Europe,OWID_EUR,2025,26982.283
Europe (EI),,1965,11880.947
Europe (EI),,1966,12212.897
Europe (EI),,1967,12588.663
Europe (EI),,1968,13442.737
Europe (EI),,1969,14470.33
Europe (EI),,1970,15416.512
Europe (EI),,1971,15835.194
Europe (EI),,1972,16590.656
Europe (EI),,1973,17573.457
Europe (EI),,1974,17270.385
Europe (EI),,1975,17088.576
Europe (EI),,1976,18149.646
Europe (EI),,1977,18341.604
Europe (EI),,1978,19062.725
Europe (EI),,1979,19761.44
Europe (EI),,1980,19297.215
Europe (EI),,1981,18778.768
Europe (EI),,1982,18429.258
Europe (EI),,1983,18590.43
Europe (EI),,1984,19114.094
Europe (EI),,1985,23006.041
Europe (EI),,1986,23442.143
Europe (EI),,1987,23871.79
Europe (EI),,1988,24082.469
Europe (EI),,1989,24133.975
Europe (EI),,1990,24298.738
Europe (EI),,1991,24039.492
Europe (EI),,1992,23214.285
Europe (EI),,1993,22801.033
Europe (EI),,1994,22323.87
Europe (EI),,1995,22784.492
Europe (EI),,1996,23428.15
Europe (EI),,1997,23288.602
Europe (EI),,1998,23385.684
Europe (EI),,1999,23222.762
Europe (EI),,2000,23484.115
Europe (EI),,2001,23785.516
Europe (EI),,2002,23837.672
Europe (EI),,2003,24364.61
Europe (EI),,2004,24675.84
Europe (EI),,2005,24771.049
Europe (EI),,2006,25033.207
Europe (EI),,2007,24796.262
Europe (EI),,2008,24615.688
Europe (EI),,2009,23046.84
Europe (EI),,2010,23859.117
Europe (EI),,2011,23337.064
Europe (EI),,2012,23114.1
Europe (EI),,2013,22804.48
Europe (EI),,2014,21963.594
Europe (EI),,2015,22067.38
Europe (EI),,2016,22328.9
Europe (EI),,2017,22723.031
Europe (EI),,2018,22609.105
Europe (EI),,2019,22219.178
Europe (EI),,2020,20441.598
Europe (EI),,2021,21560.182
Europe (EI),,2022,20507.621
Europe (EI),,2023,19708.98
Europe (EI),,2024,19942.645
Europe (EI),,2025,20037.219
European Union (27),OWID_EU27,1965,9058.865
European Union (27),OWID_EU27,1966,9343.875
European Union (27),OWID_EU27,1967,9698.444
European Union (27),OWID_EU27,1968,10406.152
European Union (27),OWID_EU27,1969,11309.523
European Union (27),OWID_EU27,1970,12141.69
European Union (27),OWID_EU27,1971,12537.115
European Union (27),OWID_EU27,1972,13213.143
European Union (27),OWID_EU27,1973,13996.01
European Union (27),OWID_EU27,1974,13816.058
European Union (27),OWID_EU27,1975,13750.611
European Union (27),OWID_EU27,1976,14702.498
European Union (27),OWID_EU27,1977,14798.91
European Union (27),OWID_EU27,1978,15430.414
European Union (27),OWID_EU27,1979,15983
European Union (27),OWID_EU27,1980,15755.726
European Union (27),OWID_EU27,1981,15300.028
European Union (27),OWID_EU27,1982,14944.321
European Union (27),OWID_EU27,1983,15008.718
European Union (27),OWID_EU27,1984,15495.696
European Union (27),OWID_EU27,1985,16321.68
European Union (27),OWID_EU27,1986,16604.842
European Union (27),OWID_EU27,1987,16920.367
European Union (27),OWID_EU27,1988,17041.219
European Union (27),OWID_EU27,1989,17213.252
European Union (27),OWID_EU27,1990,17015.203
European Union (27),OWID_EU27,1991,16978.268
European Union (27),OWID_EU27,1992,16642.148
European Union (27),OWID_EU27,1993,16526.79
European Union (27),OWID_EU27,1994,16469.947
European Union (27),OWID_EU27,1995,16886.842
European Union (27),OWID_EU27,1996,17449.816
European Union (27),OWID_EU27,1997,17333.31
European Union (27),OWID_EU27,1998,17440.781
European Union (27),OWID_EU27,1999,17343.443
European Union (27),OWID_EU27,2000,17473.408
European Union (27),OWID_EU27,2001,17812.742
European Union (27),OWID_EU27,2002,17861.463
European Union (27),OWID_EU27,2003,18250.652
European Union (27),OWID_EU27,2004,18474.984
European Union (27),OWID_EU27,2005,18481.182
European Union (27),OWID_EU27,2006,18635.572
European Union (27),OWID_EU27,2007,18372.547
European Union (27),OWID_EU27,2008,18270.607
European Union (27),OWID_EU27,2009,17085.531
European Union (27),OWID_EU27,2010,17706.307
European Union (27),OWID_EU27,2011,17197.045
European Union (27),OWID_EU27,2012,16883.693
European Union (27),OWID_EU27,2013,16655.14
European Union (27),OWID_EU27,2014,16077.402
European Union (27),OWID_EU27,2015,16256.419
European Union (27),OWID_EU27,2016,16411.121
European Union (27),OWID_EU27,2017,16743.385
European Union (27),OWID_EU27,2018,16607.025
European Union (27),OWID_EU27,2019,16317.836
European Union (27),OWID_EU27,2020,14849.453
European Union (27),OWID_EU27,2021,15751.109
European Union (27),OWID_EU27,2022,15016.403
European Union (27),OWID_EU27,2023,14325.33
European Union (27),OWID_EU27,2024,14471.568
European Union (27),OWID_EU27,2025,14497.933
Falkland Islands,FLK,1980,0.051855035
Falkland Islands,FLK,1981,0.05171336
Falkland Islands,FLK,1982,0.05171336
Falkland Islands,FLK,1983,0.05171336
Falkland Islands,FLK,1984,0.051855035
Falkland Islands,FLK,1985,0.06464169
Falkland Islands,FLK,1986,0.050006814
Falkland Islands,FLK,1987,0.050006814
Falkland Islands,FLK,1988,0.08702157
Falkland Islands,FLK,1989,0.12462115
Falkland Islands,FLK,1990,0.062310576
Falkland Islands,FLK,1991,0.062310576
Falkland Islands,FLK,1992,0.062481288
Falkland Islands,FLK,1993,0.062310576
Falkland Islands,FLK,1994,0.062310576
Falkland Islands,FLK,1995,0.12462115
Falkland Islands,FLK,1996,0.0753262
Falkland Islands,FLK,1997,0.13746129
Falkland Islands,FLK,1998,0.07515071
Falkland Islands,FLK,1999,0.075155616
Falkland Islands,FLK,2000,0.11532379
Falkland Islands,FLK,2001,0.12805904
Falkland Islands,FLK,2002,0.1409041
Falkland Islands,FLK,2003,0.15373935
Falkland Islands,FLK,2004,0.16658439
Falkland Islands,FLK,2005,0.16658439
Falkland Islands,FLK,2006,0.19216467
Falkland Islands,FLK,2007,0.19216467
Falkland Islands,FLK,2008,0.19386469
Falkland Islands,FLK,2009,0.19386469
Falkland Islands,FLK,2010,0.18027592
Falkland Islands,FLK,2011,0.17619279
Falkland Islands,FLK,2012,0.18103532
Falkland Islands,FLK,2013,0.18103532
Falkland Islands,FLK,2014,0.18103532
Falkland Islands,FLK,2015,0.18781099
Falkland Islands,FLK,2016,0.1957447
Falkland Islands,FLK,2017,0.18760274
Falkland Islands,FLK,2018,0.14922614
Falkland Islands,FLK,2019,0.15485603
Falkland Islands,FLK,2020,0.16153742
Falkland Islands,FLK,2021,0.15669297
Falkland Islands,FLK,2022,0.15889455
Falkland Islands,FLK,2023,0.40199408
Falkland Islands,FLK,2024,0.4940501
Faroe Islands,FRO,1980,0.049
Faroe Islands,FRO,1981,0.049
Faroe Islands,FRO,1982,0.049
Faroe Islands,FRO,1983,0.049
Faroe Islands,FRO,1984,0.049
Faroe Islands,FRO,1985,2.2355409
Faroe Islands,FRO,1986,2.130347
Faroe Islands,FRO,1987,2.2098022
Faroe Islands,FRO,1988,2.3049567
Faroe Islands,FRO,1989,2.522021
Faroe Islands,FRO,1990,2.7617583
Faroe Islands,FRO,1991,2.5363863
Faroe Islands,FRO,1992,2.5412755
Faroe Islands,FRO,1993,2.498049
Faroe Islands,FRO,1994,2.5625415
Faroe Islands,FRO,1995,2.755087
Faroe Islands,FRO,1996,2.7645173
Faroe Islands,FRO,1997,2.7626278
Faroe Islands,FRO,1998,2.7641313
Faroe Islands,FRO,1999,2.7571006
Faroe Islands,FRO,2000,3.060644
Faroe Islands,FRO,2001,3.3824625
Faroe Islands,FRO,2002,3.271118
Faroe Islands,FRO,2003,3.276175
Faroe Islands,FRO,2004,3.3473387
Faroe Islands,FRO,2005,3.2623632
Faroe Islands,FRO,2006,3.2193372
Faroe Islands,FRO,2007,3.35733
Faroe Islands,FRO,2008,3.1116767
Faroe Islands,FRO,2009,2.8787608
Faroe Islands,FRO,2010,3.0441465
Faroe Islands,FRO,2011,2.8559086
Faroe Islands,FRO,2012,2.9214694
Faroe Islands,FRO,2013,3.196123
Faroe Islands,FRO,2014,2.908738
Faroe Islands,FRO,2015,3.084901
Faroe Islands,FRO,2016,3.1290338
Faroe Islands,FRO,2017,3.5334587
Faroe Islands,FRO,2018,3.6409144
Faroe Islands,FRO,2019,3.3843267
Faroe Islands,FRO,2020,3.5884821
Faroe Islands,FRO,2021,3.7246943
Faroe Islands,FRO,2022,3.485846
Faroe Islands,FRO,2023,3.5823817
Faroe Islands,FRO,2024,3.5823817
Fiji,FJI,1980,4.428926
Fiji,FJI,1981,4.5221562
Fiji,FJI,1982,4.4885564
Fiji,FJI,1983,3.7225451
Fiji,FJI,1984,3.6881092
Fiji,FJI,1985,3.7133403
Fiji,FJI,1986,4.4718723
Fiji,FJI,1987,3.7068555
Fiji,FJI,1988,3.7204764
Fiji,FJI,1989,4.3218913
Fiji,FJI,1990,4.647737
Fiji,FJI,1991,3.9598594
Fiji,FJI,1992,4.1198096
Fiji,FJI,1993,4.3775983
Fiji,FJI,1994,4.4804487
Fiji,FJI,1995,4.843629
Fiji,FJI,1996,4.9764743
Fiji,FJI,1997,4.9662566
Fiji,FJI,1998,4.821786
Fiji,FJI,1999,5.2409244
Fiji,FJI,2000,7.036586
Fiji,FJI,2001,7.267798
Fiji,FJI,2002,5.999497
Fiji,FJI,2003,6.9120727
Fiji,FJI,2004,9.275625
Fiji,FJI,2005,7.9099884
Fiji,FJI,2006,8.69645
Fiji,FJI,2007,8.0000305
Fiji,FJI,2008,5.9965215
Fiji,FJI,2009,5.139314
Fiji,FJI,2010,7.435579
Fiji,FJI,2011,5.487805
Fiji,FJI,2012,5.4754105
Fiji,FJI,2013,5.988571
Fiji,FJI,2014,6.5998077
Fiji,FJI,2015,7.712883
Fiji,FJI,2016,7.87456
Fiji,FJI,2017,8.036531
Fiji,FJI,2018,8.803972
Fiji,FJI,2019,9.002262
Fiji,FJI,2020,6.745569
Fiji,FJI,2021,5.9133835
Fiji,FJI,2022,7.8247056
Fiji,FJI,2023,9.919561
Fiji,FJI,2024,10.170617
Finland,FIN,1965,97.09884
Finland,FIN,1966,111.05001
Finland,FIN,1967,115.49378
Finland,FIN,1968,129.50421
Finland,FIN,1969,147.80571
Finland,FIN,1970,163.06969
Finland,FIN,1971,165.67915
Finland,FIN,1972,176.39749
Finland,FIN,1973,196.074
Finland,FIN,1974,183.07962
Finland,FIN,1975,187.35825
Finland,FIN,1976,205.48407
Finland,FIN,1977,213.61177
Finland,FIN,1978,227.36952
Finland,FIN,1979,245.86311
Finland,FIN,1980,246.01231
Finland,FIN,1981,243.31615
Finland,FIN,1982,241.49036
Finland,FIN,1983,238.18146
Finland,FIN,1984,250.02693
Finland,FIN,1985,265.25174
Finland,FIN,1986,268.43213
Finland,FIN,1987,281.0625
Finland,FIN,1988,279.90164
Finland,FIN,1989,281.76834
Finland,FIN,1990,304.98895
Finland,FIN,1991,307.99506
Finland,FIN,1992,304.24622
Finland,FIN,1993,308.81238
Finland,FIN,1994,328.66812
Finland,FIN,1995,314.55374
Finland,FIN,1996,325.42032
Finland,FIN,1997,330.06467
Finland,FIN,1998,336.92627
Finland,FIN,1999,333.88354
Finland,FIN,2000,333.65567
Finland,FIN,2001,349.25818
Finland,FIN,2002,356.05722
Finland,FIN,2003,382.77512
Finland,FIN,2004,379.4682
Finland,FIN,2005,340.16348
Finland,FIN,2006,377.7979
Finland,FIN,2007,371.8849
Finland,FIN,2008,349.34912
Finland,FIN,2009,330.48965
Finland,FIN,2010,360.79138
Finland,FIN,2011,338.1174
Finland,FIN,2012,319.51212
Finland,FIN,2013,325.94748
Finland,FIN,2014,316.04526
Finland,FIN,2015,307.94223
Finland,FIN,2016,313.93478
Finland,FIN,2017,305.07495
Finland,FIN,2018,311.83493
Finland,FIN,2019,308.96783
Finland,FIN,2020,285.93213
Finland,FIN,2021,295.69913
Finland,FIN,2022,291.24326
Finland,FIN,2023,301.26602
Finland,FIN,2024,298.0327
Finland,FIN,2025,296.76938
France,FRA,1965,1255.5996
France,FRA,1966,1274.6879
France,FRA,1967,1373.3818
France,FRA,1968,1440.3234
France,FRA,1969,1588.5786
France,FRA,1970,1721.5675
France,FRA,1971,1801.3634
France,FRA,1972,1924.9893
France,FRA,1973,2100.9175
France,FRA,1974,2043.919
France,FRA,1975,1919.78
France,FRA,1976,2062.0857
France,FRA,1977,2051.496
France,FRA,1978,2150.1396
France,FRA,1979,2220.1643
France,FRA,1980,2202.8623
France,FRA,1981,2171.9553
France,FRA,1982,2093.1401
France,FRA,1983,2151.559
France,FRA,1984,2246.6238
France,FRA,1985,2337.213
France,FRA,1986,2398.6143
France,FRA,1987,2440.9744
France,FRA,1988,2464.549
France,FRA,1989,2560.3186
France,FRA,1990,2604.6492
France,FRA,1991,2784.9866
France,FRA,1992,2787.8936
France,FRA,1993,2797.544
France,FRA,1994,2739.5984
France,FRA,1995,2833.44
France,FRA,1996,2959.2915
France,FRA,1997,2916.677
France,FRA,1998,2990.0308
France,FRA,1999,3011.5693
France,FRA,2000,3067.488
France,FRA,2001,3087.2622
France,FRA,2002,3102.1262
France,FRA,2003,3148.7903
France,FRA,2004,3185.1409
France,FRA,2005,3183.306
France,FRA,2006,3155.3547
France,FRA,2007,3101.7207
France,FRA,2008,3105.2065
France,FRA,2009,2935.0823
France,FRA,2010,3027.533
France,FRA,2011,2962.012
France,FRA,2012,2927.8252
France,FRA,2013,2941.5925
France,FRA,2014,2837.3647
France,FRA,2015,2875.4172
France,FRA,2016,2801.2373
France,FRA,2017,2806.6467
France,FRA,2018,2821.5288
France,FRA,2019,2760.2415
France,FRA,2020,2435.697
France,FRA,2021,2613.2073
France,FRA,2022,2295.7078
France,FRA,2023,2381.5483
France,FRA,2024,2500.6116
France,FRA,2025,2506.9133
French Guiana,GUF,1980,1.5149702
French Guiana,GUF,1981,1.3295311
French Guiana,GUF,1982,1.6316973
French Guiana,GUF,1983,1.6921306
French Guiana,GUF,1984,1.3331738
French Guiana,GUF,1985,1.3295311
French Guiana,GUF,1986,1.5578902
French Guiana,GUF,1987,1.7793993
French Guiana,GUF,1988,2.0447025
French Guiana,GUF,1989,2.3514535
French Guiana,GUF,1990,2.8083107
French Guiana,GUF,1991,3.0847182
French Guiana,GUF,1992,2.5445678
French Guiana,GUF,1993,3.3932683
French Guiana,GUF,1994,3.3932683
French Guiana,GUF,1995,3.956866
French Guiana,GUF,1996,3.90019
French Guiana,GUF,1997,3.956866
French Guiana,GUF,1998,3.956866
French Guiana,GUF,1999,3.956867
French Guiana,GUF,2000,2.2505774
French Guiana,GUF,2001,3.0485272
French Guiana,GUF,2002,2.7459207
French Guiana,GUF,2003,3.3443573
French Guiana,GUF,2004,3.3151317
French Guiana,GUF,2005,3.2780612
French Guiana,GUF,2006,2.9696426
French Guiana,GUF,2007,3.2961872
French Guiana,GUF,2008,3.3445742
French Guiana,GUF,2009,4.1420884
French Guiana,GUF,2010,3.8369987
French Guiana,GUF,2011,3.3590043
French Guiana,GUF,2012,0
French Guiana,GUF,2013,0
French Guiana,GUF,2014,0
French Guiana,GUF,2015,0
French Guiana,GUF,2016,0
French Guiana,GUF,2017,0
French Guiana,GUF,2018,0
French Guiana,GUF,2019,0
French Guiana,GUF,2020,0
French Guiana,GUF,2021,0
French Guiana,GUF,2022,0
French Guiana,GUF,2023,0
French Guiana,GUF,2024,0
French Polynesia,PYF,1980,0.90892714
French Polynesia,PYF,1981,1.3898804
French Polynesia,PYF,1982,1.8128875
French Polynesia,PYF,1983,2.4331834
French Polynesia,PYF,1984,3.6597087
French Polynesia,PYF,1985,3.1743383
French Polynesia,PYF,1986,4.0363626
French Polynesia,PYF,1987,4.079289
French Polynesia,PYF,1988,4.0470057
French Polynesia,PYF,1989,4.0872326
French Polynesia,PYF,1990,3.8521154
French Polynesia,PYF,1991,3.8752577
French Polynesia,PYF,1992,3.644236
French Polynesia,PYF,1993,3.6385915
French Polynesia,PYF,1994,2.8987815
French Polynesia,PYF,1995,3.0446258
French Polynesia,PYF,1996,3.0042486
French Polynesia,PYF,1997,3.0526257
French Polynesia,PYF,1998,3.0706258
French Polynesia,PYF,1999,3.0066307
French Polynesia,PYF,2000,3.3332965
French Polynesia,PYF,2001,3.697778
French Polynesia,PYF,2002,3.8961084
French Polynesia,PYF,2003,4.193488
French Polynesia,PYF,2004,4.1251097
French Polynesia,PYF,2005,4.309448
French Polynesia,PYF,2006,4.222418
French Polynesia,PYF,2007,4.455604
French Polynesia,PYF,2008,4.5658145
French Polynesia,PYF,2009,4.543748
French Polynesia,PYF,2010,4.6160545
French Polynesia,PYF,2011,4.40235
French Polynesia,PYF,2012,4.276028
French Polynesia,PYF,2013,4.2857685
French Polynesia,PYF,2014,4.217208
French Polynesia,PYF,2015,4.4054494
French Polynesia,PYF,2016,4.350171
French Polynesia,PYF,2017,4.236953
French Polynesia,PYF,2018,3.8948421
French Polynesia,PYF,2019,3.9352849
French Polynesia,PYF,2020,3.6919441
French Polynesia,PYF,2021,3.8730767
French Polynesia,PYF,2022,5.3260016
French Polynesia,PYF,2023,5.5072775
French Polynesia,PYF,2024,5.724629
Gabon,GAB,1980,7.809897
Gabon,GAB,1981,8.434823
Gabon,GAB,1982,7.862934
Gabon,GAB,1983,10.780136
Gabon,GAB,1984,9.632954
Gabon,GAB,1985,8.040935
Gabon,GAB,1986,7.0623646
Gabon,GAB,1987,8.386544
Gabon,GAB,1988,8.944203
Gabon,GAB,1989,11.414598
Gabon,GAB,1990,11.2138405
Gabon,GAB,1991,11.558124
Gabon,GAB,1992,11.917397
Gabon,GAB,1993,11.227897
Gabon,GAB,1994,11.48873
Gabon,GAB,1995,10.5817585
Gabon,GAB,1996,11.136368
Gabon,GAB,1997,11.714941
Gabon,GAB,1998,11.401146
Gabon,GAB,1999,13.368691
Gabon,GAB,2000,9.895668
Gabon,GAB,2001,10.622412
Gabon,GAB,2002,10.577129
Gabon,GAB,2003,10.300348
Gabon,GAB,2004,10.572082
Gabon,GAB,2005,11.598213
Gabon,GAB,2006,11.70285
Gabon,GAB,2007,11.899287
Gabon,GAB,2008,12.005631
Gabon,GAB,2009,11.787784
Gabon,GAB,2010,14.094923
Gabon,GAB,2011,14.596795
Gabon,GAB,2012,18.603249
Gabon,GAB,2013,18.761797
Gabon,GAB,2014,19.923288
Gabon,GAB,2015,18.928265
Gabon,GAB,2016,18.587322
Gabon,GAB,2017,19.955902
Gabon,GAB,2018,16.668625
Gabon,GAB,2019,16.467873
Gabon,GAB,2020,15.931036
Gabon,GAB,2021,15.602672
Gabon,GAB,2022,16.637407
Gabon,GAB,2023,16.609024
Gabon,GAB,2024,17.171844
Gambia,GMB,1980,0.654756
Gambia,GMB,1981,0.65296704
Gambia,GMB,1982,0.65296704
Gambia,GMB,1983,0.65296704
Gambia,GMB,1984,0.71427923
Gambia,GMB,1985,0.71232766
Gambia,GMB,1986,0.6438908
Gambia,GMB,1987,0.7839339
Gambia,GMB,1988,0.78604794
Gambia,GMB,1989,0.7839339
Gambia,GMB,1990,0.7876564
Gambia,GMB,1991,0.7839339
Gambia,GMB,1992,0.78604794
Gambia,GMB,1993,0.84624445
Gambia,GMB,1994,0.9753624
Gambia,GMB,1995,0.90243626
Gambia,GMB,1996,0.9048749
Gambia,GMB,1997,0.90243626
Gambia,GMB,1998,0.9630888
Gambia,GMB,1999,0.9630932
Gambia,GMB,2000,1.2656064
Gambia,GMB,2001,1.37863
Gambia,GMB,2002,1.372799
Gambia,GMB,2003,1.372799
Gambia,GMB,2004,1.4486915
Gambia,GMB,2005,1.4619629
Gambia,GMB,2006,1.5887746
Gambia,GMB,2007,1.6462241
Gambia,GMB,2008,1.710297
Gambia,GMB,2009,1.8358102
Gambia,GMB,2010,2.0025532
Gambia,GMB,2011,2.1049445
Gambia,GMB,2012,2.0529943
Gambia,GMB,2013,2.0432203
Gambia,GMB,2014,2.2595367
Gambia,GMB,2015,2.312793
Gambia,GMB,2016,2.3315496
Gambia,GMB,2017,2.3717043
Gambia,GMB,2018,1.9320651
Gambia,GMB,2019,1.9766525
Gambia,GMB,2020,1.7789218
Gambia,GMB,2021,2.0404353
Gambia,GMB,2022,2.0995352
Gambia,GMB,2023,2.232047
Gambia,GMB,2024,2.3008184
Georgia,GEO,1992,81.12476
Georgia,GEO,1993,44.931805
Georgia,GEO,1994,31.251934
Georgia,GEO,1995,33.840168
Georgia,GEO,1996,34.472713
Georgia,GEO,1997,36.00065
Georgia,GEO,1998,35.993298
Georgia,GEO,1999,34.34709
Georgia,GEO,2000,28.651972
Georgia,GEO,2001,26.003513
Georgia,GEO,2002,30.49102
Georgia,GEO,2003,26.241201
Georgia,GEO,2004,28.638275
Georgia,GEO,2005,33.846424
Georgia,GEO,2006,31.338715
Georgia,GEO,2007,38.942825
Georgia,GEO,2008,38.380043
Georgia,GEO,2009,38.9828
Georgia,GEO,2010,39.505047
Georgia,GEO,2011,38.388245
Georgia,GEO,2012,41.90246
Georgia,GEO,2013,46.88341
Georgia,GEO,2014,49.582108
Georgia,GEO,2015,53.725574
Georgia,GEO,2016,56.33239
Georgia,GEO,2017,56.037197
Georgia,GEO,2018,56.54836
Georgia,GEO,2019,59.7135
Georgia,GEO,2020,56.86835
Georgia,GEO,2021,61.91067
Georgia,GEO,2022,68.613144
Georgia,GEO,2023,67.70946
Georgia,GEO,2024,71.57717
Germany,DEU,1965,2937.5886
Germany,DEU,1966,2942.7385
Germany,DEU,1967,2937.079
Germany,DEU,1968,3137.6821
Germany,DEU,1969,3393.8928
Germany,DEU,1970,3577.8064
Germany,DEU,1971,3618.2615
Germany,DEU,1972,3746.0496
Germany,DEU,1973,3959.7139
Germany,DEU,1974,3886.1233
Germany,DEU,1975,3735.6548
Germany,DEU,1976,3995.2932
Germany,DEU,1977,3980.5342
Germany,DEU,1978,4124.487
Germany,DEU,1979,4356.7354
Germany,DEU,1980,4212.313
Germany,DEU,1981,4080.6025
Germany,DEU,1982,3937.921
Germany,DEU,1983,3996.6924
Germany,DEU,1984,4150.6724
Germany,DEU,1985,4282.738
Germany,DEU,1986,4243.2275
Germany,DEU,1987,4278.452
Germany,DEU,1988,4296.4224
Germany,DEU,1989,4255.321
Germany,DEU,1990,4187.744
Germany,DEU,1991,4087.599
Germany,DEU,1992,4002.689
Germany,DEU,1993,3982.5657
Germany,DEU,1994,3941.7046
Germany,DEU,1995,3959.0417
Germany,DEU,1996,4095.8408
Germany,DEU,1997,4042.7378
Germany,DEU,1998,4004.3452
Germany,DEU,1999,3944.5215
Germany,DEU,2000,3953.0063
Germany,DEU,2001,4032.642
Germany,DEU,2002,3972.324
Germany,DEU,2003,3978.4714
Germany,DEU,2004,3963.6418
Germany,DEU,2005,3915.8804
Germany,DEU,2006,4011.2878
Germany,DEU,2007,3817.247
Germany,DEU,2008,3862.081
Germany,DEU,2009,3620.5093
Germany,DEU,2010,3769.667
Germany,DEU,2011,3595.892
Germany,DEU,2012,3625.4067
Germany,DEU,2013,3723.8413
Germany,DEU,2014,3556.6943
Germany,DEU,2015,3587.437
Germany,DEU,2016,3648.0718
Germany,DEU,2017,3711.4712
Germany,DEU,2018,3599.164
Germany,DEU,2019,3478.967
Germany,DEU,2020,3206.7527
Germany,DEU,2021,3342.6006
Germany,DEU,2022,3143.0325
Germany,DEU,2023,2815.9106
Germany,DEU,2024,2795.4314
Germany,DEU,2025,2789.883
Ghana,GHA,1980,14.545275
Ghana,GHA,1981,13.341406
Ghana,GHA,1982,14.10275
Ghana,GHA,1983,10.797396
Ghana,GHA,1984,11.258266
Ghana,GHA,1985,11.198399
Ghana,GHA,1986,13.675705
Ghana,GHA,1987,15.422381
Ghana,GHA,1988,17.565557
Ghana,GHA,1989,19.481682
Ghana,GHA,1990,17.75217
Ghana,GHA,1991,17.991909
Ghana,GHA,1992,19.896257
Ghana,GHA,1993,20.056784
Ghana,GHA,1994,21.41211
Ghana,GHA,1995,21.978289
Ghana,GHA,1996,22.803926
Ghana,GHA,1997,22.040474
Ghana,GHA,1998,20.276283
Ghana,GHA,1999,23.579569
Ghana,GHA,2000,28.607296
Ghana,GHA,2001,28.596634
Ghana,GHA,2002,28.444456
Ghana,GHA,2003,27.526648
Ghana,GHA,2004,31.336817
Ghana,GHA,2005,31.84465
Ghana,GHA,2006,30.836794
Ghana,GHA,2007,32.114334
Ghana,GHA,2008,34.63676
Ghana,GHA,2009,40.490902
Ghana,GHA,2010,41.90005
Ghana,GHA,2011,55.035152
Ghana,GHA,2012,56.3735
Ghana,GHA,2013,59.63271
Ghana,GHA,2014,60.526993
Ghana,GHA,2015,72.17296
Ghana,GHA,2016,73.75972
Ghana,GHA,2017,73.756546
Ghana,GHA,2018,73.62599
Ghana,GHA,2019,79.99238
Ghana,GHA,2020,94.16067
Ghana,GHA,2021,103.08287
Ghana,GHA,2022,101.48766
Ghana,GHA,2023,106.71976
Ghana,GHA,2024,112.34843
Greece,GRC,1965,77.57864
Greece,GRC,1966,83.26447
Greece,GRC,1967,92.14913
Greece,GRC,1968,96.46115
Greece,GRC,1969,100.70026
Greece,GRC,1970,111.204056
Greece,GRC,1971,133.44276
Greece,GRC,1972,150.27762
Greece,GRC,1973,174.58325
Greece,GRC,1974,170.34494
Greece,GRC,1975,194.34634
Greece,GRC,1976,215.39667
Greece,GRC,1977,223.42879
Greece,GRC,1978,225.33513
Greece,GRC,1979,196.05789
Greece,GRC,1980,194.44423
Greece,GRC,1981,189.85022
Greece,GRC,1982,192.21434
Greece,GRC,1983,195.71944
Greece,GRC,1984,203.53673
Greece,GRC,1985,215.42119
Greece,GRC,1986,215.04926
Greece,GRC,1987,236.6379
Greece,GRC,1988,250.96837
Greece,GRC,1989,273.34946
Greece,GRC,1990,283.87183
Greece,GRC,1991,282.8458
Greece,GRC,1992,290.0026
Greece,GRC,1993,294.49908
Greece,GRC,1994,299.23416
Greece,GRC,1995,308.61533
Greece,GRC,1996,314.2523
Greece,GRC,1997,325.08115
Greece,GRC,1998,346.16714
Greece,GRC,1999,344.30704
Greece,GRC,2000,364.94235
Greece,GRC,2001,370.48392
Greece,GRC,2002,369.72827
Greece,GRC,2003,387.30304
Greece,GRC,2004,387.31073
Greece,GRC,2005,387.8751
Greece,GRC,2006,397.24152
Greece,GRC,2007,411.25928
Greece,GRC,2008,401.49103
Greece,GRC,2009,382.18103
Greece,GRC,2010,360.07318
Greece,GRC,2011,357.31818
Greece,GRC,2012,331.9849
Greece,GRC,2013,303.87265
Greece,GRC,2014,287.46094
Greece,GRC,2015,286.94882
Greece,GRC,2016,282.45786
Greece,GRC,2017,299.7639
Greece,GRC,2018,297.9823
Greece,GRC,2019,291.22726
Greece,GRC,2020,249.22998
Greece,GRC,2021,267.46686
Greece,GRC,2022,278.99872
Greece,GRC,2023,265.77682
Greece,GRC,2024,283.70773
Greece,GRC,2025,285.22888
Greenland,GRL,1980,2.290959
Greenland,GRL,1981,2.1612022
Greenland,GRL,1982,2.0994534
Greenland,GRL,1983,1.4819672
Greenland,GRL,1984,2.352877
Greenland,GRL,1985,2.0994534
Greenland,GRL,1986,1.3955699
Greenland,GRL,1987,0.9655146
Greenland,GRL,1988,2.2592552
Greenland,GRL,1989,1.9919415
Greenland,GRL,1990,2.2753153
Greenland,GRL,1991,2.2473025
Greenland,GRL,1992,1.9973627
Greenland,GRL,1993,2.0423534
Greenland,GRL,1994,2.0542161
Greenland,GRL,1995,2.0542161
Greenland,GRL,1996,2.1770084
Greenland,GRL,1997,2.233371
Greenland,GRL,1998,2.233402
Greenland,GRL,1999,2.404407
Greenland,GRL,2000,2.6392624
Greenland,GRL,2001,2.4607465
Greenland,GRL,2002,2.331574
Greenland,GRL,2003,2.596988
Greenland,GRL,2004,2.4745607
Greenland,GRL,2005,3.0349667
Greenland,GRL,2006,2.770205
Greenland,GRL,2007,3.1646256
Greenland,GRL,2008,2.7762907
Greenland,GRL,2009,2.965268
Greenland,GRL,2010,3.8240037
Greenland,GRL,2011,3.7002702
Greenland,GRL,2012,2.992335
Greenland,GRL,2013,2.9546692
Greenland,GRL,2014,2.688284
Greenland,GRL,2015,2.8881962
Greenland,GRL,2016,2.8897495
Greenland,GRL,2017,2.8954837
Greenland,GRL,2018,2.6177506
Greenland,GRL,2019,2.6988182
Greenland,GRL,2020,2.5881412
Greenland,GRL,2021,2.5434709
Greenland,GRL,2022,2.689343
Greenland,GRL,2023,2.6929166
Greenland,GRL,2024,2.700317
Grenada,GRD,1980,0.17982115
Grenada,GRD,1981,0.23910645
Grenada,GRD,1982,0.23910645
Grenada,GRD,1983,0.23910645
Grenada,GRD,1984,0.23976155
Grenada,GRD,1985,0.23910645
Grenada,GRD,1986,0.27723795
Grenada,GRD,1987,0.3413217
Grenada,GRD,1988,0.35440978
Grenada,GRD,1989,0.35358858
Grenada,GRD,1990,0.52565837
Grenada,GRD,1991,0.52565837
Grenada,GRD,1992,0.54193795
Grenada,GRD,1993,0.6230023
Grenada,GRD,1994,0.7144853
Grenada,GRD,1995,0.65072715
Grenada,GRD,1996,0.69682133
Grenada,GRD,1997,0.92213714
Grenada,GRD,1998,0.79964626
Grenada,GRD,1999,0.7996537
Grenada,GRD,2000,0.8628608
Grenada,GRD,2001,0.89806134
Grenada,GRD,2002,0.9228012
Grenada,GRD,2003,0.9761637
Grenada,GRD,2004,0.94793665
Grenada,GRD,2005,0.9967932
Grenada,GRD,2006,1.0313487
Grenada,GRD,2007,1.0947144
Grenada,GRD,2008,1.1640489
Grenada,GRD,2009,1.130203
Grenada,GRD,2010,1.1713761
Grenada,GRD,2011,1.1687393
Grenada,GRD,2012,1.1891004
Grenada,GRD,2013,1.3422744
Grenada,GRD,2014,1.1340619
Grenada,GRD,2015,1.1823462
Grenada,GRD,2016,1.2164313
Grenada,GRD,2017,1.3215932
Grenada,GRD,2018,1.406692
Grenada,GRD,2019,1.5341071
Grenada,GRD,2020,1.323644
Grenada,GRD,2021,1.4206153
Grenada,GRD,2022,1.4509395
Grenada,GRD,2023,1.6145204
Grenada,GRD,2024,1.678758
Guadeloupe,GLP,1980,2.0686517
Guadeloupe,GLP,1981,2.8881993
Guadeloupe,GLP,1982,3.6544564
Guadeloupe,GLP,1983,3.831285
Guadeloupe,GLP,1984,4.196408
Guadeloupe,GLP,1985,3.831285
Guadeloupe,GLP,1986,3.9260159
Guadeloupe,GLP,1987,4.54824
Guadeloupe,GLP,1988,5.0140033
Guadeloupe,GLP,1989,5.5302424
Guadeloupe,GLP,1990,5.9817133
Guadeloupe,GLP,1991,6.2198734
Guadeloupe,GLP,1992,5.8950353
Guadeloupe,GLP,1993,6.7225027
Guadeloupe,GLP,1994,6.951688
Guadeloupe,GLP,1995,7.1402454
Guadeloupe,GLP,1996,7.099205
Guadeloupe,GLP,1997,7.263048
Guadeloupe,GLP,1998,7.268048
Guadeloupe,GLP,1999,7.268048
Guadeloupe,GLP,2000,8.5743685
Guadeloupe,GLP,2001,8.997801
Guadeloupe,GLP,2002,9.197753
Guadeloupe,GLP,2003,9.396928
Guadeloupe,GLP,2004,9.179483
Guadeloupe,GLP,2005,9.122597
Guadeloupe,GLP,2006,9.421141
Guadeloupe,GLP,2007,9.793602
Guadeloupe,GLP,2008,9.149503
Guadeloupe,GLP,2009,9.041979
Guadeloupe,GLP,2010,9.651671
Guadeloupe,GLP,2011,10.208365
Guadeloupe,GLP,2012,0
Guadeloupe,GLP,2013,0
Guadeloupe,GLP,2014,0
Guadeloupe,GLP,2015,0
Guadeloupe,GLP,2016,0
Guadeloupe,GLP,2017,0
Guadeloupe,GLP,2018,0
Guadeloupe,GLP,2019,0
Guadeloupe,GLP,2020,0
Guadeloupe,GLP,2021,0
Guadeloupe,GLP,2022,0
Guadeloupe,GLP,2023,0
Guadeloupe,GLP,2024,0
Guam,GUM,1980,14.64143
Guam,GUM,1981,20.441996
Guam,GUM,1982,15.76954
Guam,GUM,1983,15.185483
Guam,GUM,1984,5.2709146
Guam,GUM,1985,2.6866624
Guam,GUM,1986,4.502034
Guam,GUM,1987,3.1683521
Guam,GUM,1988,3.2784362
Guam,GUM,1989,3.0452807
Guam,GUM,1990,7.6453547
Guam,GUM,1991,8.575646
Guam,GUM,1992,10.311064
Guam,GUM,1993,13.676484
Guam,GUM,1994,19.913963
Guam,GUM,1995,14.791161
Guam,GUM,1996,13.112769
Guam,GUM,1997,14.937743
Guam,GUM,1998,12.347591
Guam,GUM,1999,13.725688
Guam,GUM,2000,13.982398
Guam,GUM,2001,19.359362
Guam,GUM,2002,13.456474
Guam,GUM,2003,11.392378
Guam,GUM,2004,13.243676
Guam,GUM,2005,15.508345
Guam,GUM,2006,16.355312
Guam,GUM,2007,11.815086
Guam,GUM,2008,7.43988
Guam,GUM,2009,11.819172
Guam,GUM,2010,6.601949
Guam,GUM,2011,4.878956
Guam,GUM,2012,5.4501643
Guam,GUM,2013,5.0650096
Guam,GUM,2014,4.768412
Guam,GUM,2015,5.228233
Guam,GUM,2016,5.2074523
Guam,GUM,2017,4.0105357
Guam,GUM,2018,4.0249357
Guam,GUM,2019,4.0279355
Guam,GUM,2020,3.8334277
Guam,GUM,2021,4.0377874
Guam,GUM,2022,5.770585
Guam,GUM,2023,5.56685
Guam,GUM,2024,5.586669
Guatemala,GTM,1980,18.345943
Guatemala,GTM,1981,15.278735
Guatemala,GTM,1982,15.44539
Guatemala,GTM,1983,16.33381
Guatemala,GTM,1984,14.405141
Guatemala,GTM,1985,16.212818
Guatemala,GTM,1986,15.528099
Guatemala,GTM,1987,15.699169
Guatemala,GTM,1988,17.295761
Guatemala,GTM,1989,17.712923
Guatemala,GTM,1990,19.087156
Guatemala,GTM,1991,18.414633
Guatemala,GTM,1992,21.451563
Guatemala,GTM,1993,22.95936
Guatemala,GTM,1994,25.837902
Guatemala,GTM,1995,28.221216
Guatemala,GTM,1996,29.355194
Guatemala,GTM,1997,32.132023
Guatemala,GTM,1998,37.89695
Guatemala,GTM,1999,40.39125
Guatemala,GTM,2000,42.137505
Guatemala,GTM,2001,44.671066
Guatemala,GTM,2002,45.62975
Guatemala,GTM,2003,46.789463
Guatemala,GTM,2004,44.04258
Guatemala,GTM,2005,46.522938
Guatemala,GTM,2006,49.22244
Guatemala,GTM,2007,54.04634
Guatemala,GTM,2008,49.183178
Guatemala,GTM,2009,52.90797
Guatemala,GTM,2010,52.575706
Guatemala,GTM,2011,52.144314
Guatemala,GTM,2012,55.158318
Guatemala,GTM,2013,59.213104
Guatemala,GTM,2014,62.559322
Guatemala,GTM,2015,72.43451
Guatemala,GTM,2016,79.19606
Guatemala,GTM,2017,82.01423
Guatemala,GTM,2018,84.43355
Guatemala,GTM,2019,90.92277
Guatemala,GTM,2020,89.305084
Guatemala,GTM,2021,103.39855
Guatemala,GTM,2022,95.88312
Guatemala,GTM,2023,96.25345
Guatemala,GTM,2024,99.95027
Guinea,GIN,1980,3.6829734
Guinea,GIN,1981,3.610363
Guinea,GIN,1982,3.6733148
Guinea,GIN,1983,3.7412672
Guinea,GIN,1984,3.7530978
Guinea,GIN,1985,3.4974587
Guinea,GIN,1986,4.2959094
Guinea,GIN,1987,4.602236
Guinea,GIN,1988,4.667307
Guinea,GIN,1989,4.4960685
Guinea,GIN,1990,6.038559
Guinea,GIN,1991,4.6831603
Guinea,GIN,1992,4.8385997
Guinea,GIN,1993,5.0742736
Guinea,GIN,1994,5.1324654
Guinea,GIN,1995,5.0852733
Guinea,GIN,1996,5.102682
Guinea,GIN,1997,5.2354655
Guinea,GIN,1998,5.3195086
Guinea,GIN,1999,5.4035087
Guinea,GIN,2000,6.9724736
Guinea,GIN,2001,7.416893
Guinea,GIN,2002,7.714152
Guinea,GIN,2003,7.849704
Guinea,GIN,2004,8.268306
Guinea,GIN,2005,8.48625
Guinea,GIN,2006,8.719426
Guinea,GIN,2007,9.168745
Guinea,GIN,2008,9.289802
Guinea,GIN,2009,9.826495
Guinea,GIN,2010,11.451494
Guinea,GIN,2011,11.815042
Guinea,GIN,2012,11.332699
Guinea,GIN,2013,9.991409
Guinea,GIN,2014,10.45797
Guinea,GIN,2015,12.055271
Guinea,GIN,2016,13.455779
Guinea,GIN,2017,13.341968
Guinea,GIN,2018,15.975604
Guinea,GIN,2019,18.46105
Guinea,GIN,2020,20.790064
Guinea,GIN,2021,20.970276
Guinea,GIN,2022,21.538769
Guinea,GIN,2023,21.377821
Guinea,GIN,2024,21.888275
Guinea-Bissau,GNB,1980,0.3582329
Guinea-Bissau,GNB,1981,0.3572541
Guinea-Bissau,GNB,1982,0.3572541
Guinea-Bissau,GNB,1983,0.3572541
Guinea-Bissau,GNB,1984,0.47764385
Guinea-Bissau,GNB,1985,0.53588116
Guinea-Bissau,GNB,1986,0.4609352
Guinea-Bissau,GNB,1987,0.79548585
Guinea-Bissau,GNB,1988,0.91468644
Guinea-Bissau,GNB,1989,0.9251764
Guinea-Bissau,GNB,1990,1.131266
Guinea-Bissau,GNB,1991,1.131266
Guinea-Bissau,GNB,1992,1.2017624
Guinea-Bissau,GNB,1993,1.3167536
Guinea-Bissau,GNB,1994,1.3167536
Guinea-Bissau,GNB,1995,1.3167536
Guinea-Bissau,GNB,1996,1.2639754
Guinea-Bissau,GNB,1997,1.3167536
Guinea-Bissau,GNB,1998,1.3167536
Guinea-Bissau,GNB,1999,1.316754
Guinea-Bissau,GNB,2000,0.99681395
Guinea-Bissau,GNB,2001,1.015138
Guinea-Bissau,GNB,2002,1.0370629
Guinea-Bissau,GNB,2003,1.2056918
Guinea-Bissau,GNB,2004,1.2474937
Guinea-Bissau,GNB,2005,1.2635623
Guinea-Bissau,GNB,2006,1.2923663
Guinea-Bissau,GNB,2007,1.3731303
Guinea-Bissau,GNB,2008,1.3373134
Guinea-Bissau,GNB,2009,1.3855277
Guinea-Bissau,GNB,2010,1.4218438
Guinea-Bissau,GNB,2011,1.4426891
Guinea-Bissau,GNB,2012,1.4710882
Guinea-Bissau,GNB,2013,1.5058649
Guinea-Bissau,GNB,2014,1.58166
Guinea-Bissau,GNB,2015,1.6349205
Guinea-Bissau,GNB,2016,1.70222
Guinea-Bissau,GNB,2017,1.3774064
Guinea-Bissau,GNB,2018,0.9411088
Guinea-Bissau,GNB,2019,1.1808116
Guinea-Bissau,GNB,2020,1.4050138
Guinea-Bissau,GNB,2021,1.5198245
Guinea-Bissau,GNB,2022,1.545348
Guinea-Bissau,GNB,2023,1.4432621
Guinea-Bissau,GNB,2024,1.5245545
Guyana,GUY,1980,6.092312
Guyana,GUY,1981,7.438485
Guyana,GUY,1982,5.765951
Guyana,GUY,1983,5.146494
Guyana,GUY,1984,5.7817345
Guyana,GUY,1985,5.889842
Guyana,GUY,1986,5.5952163
Guyana,GUY,1987,4.250289
Guyana,GUY,1988,4.2009645
Guyana,GUY,1989,2.8227081
Guyana,GUY,1990,2.7162185
Guyana,GUY,1991,3.203221
Guyana,GUY,1992,3.558587
Guyana,GUY,1993,4.542868
Guyana,GUY,1994,4.540926
Guyana,GUY,1995,3.8540668
Guyana,GUY,1996,4.200668
Guyana,GUY,1997,4.4703465
Guyana,GUY,1998,5.781176
Guyana,GUY,1999,6.9423056
Guyana,GUY,2000,6.8315496
Guyana,GUY,2001,6.6556106
Guyana,GUY,2002,6.7268195
Guyana,GUY,2003,6.948148
Guyana,GUY,2004,6.770627
Guyana,GUY,2005,6.1249127
Guyana,GUY,2006,5.472122
Guyana,GUY,2007,6.790376
Guyana,GUY,2008,6.452021
Guyana,GUY,2009,6.6448045
Guyana,GUY,2010,7.248465
Guyana,GUY,2011,7.5396085
Guyana,GUY,2012,8.486496
Guyana,GUY,2013,8.25765
Guyana,GUY,2014,8.269195
Guyana,GUY,2015,8.437667
Guyana,GUY,2016,9.462033
Guyana,GUY,2017,9.357159
Guyana,GUY,2018,10.150955
Guyana,GUY,2019,11.607347
Guyana,GUY,2020,11.237154
Guyana,GUY,2021,11.8548155
Guyana,GUY,2022,14.262314
Guyana,GUY,2023,16.439417
Guyana,GUY,2024,16.44664
Haiti,HTI,1980,4.2835197
Haiti,HTI,1981,3.1014402
Haiti,HTI,1982,3.7909782
Haiti,HTI,1983,3.2649128
Haiti,HTI,1984,3.306007
Haiti,HTI,1985,3.8340843
Haiti,HTI,1986,3.8179169
Haiti,HTI,1987,5.8483567
Haiti,HTI,1988,6.234824
Haiti,HTI,1989,5.746257
Haiti,HTI,1990,3.3883438
Haiti,HTI,1991,3.481012
Haiti,HTI,1992,3.8493989
Haiti,HTI,1993,2.8542304
Haiti,HTI,1994,2.4432018
Haiti,HTI,1995,4.0518866
Haiti,HTI,1996,4.7490106
Haiti,HTI,1997,6.01712
Haiti,HTI,1998,5.697406
Haiti,HTI,1999,6.29124
Haiti,HTI,2000,6.432726
Haiti,HTI,2001,7.0363755
Haiti,HTI,2002,7.8199277
Haiti,HTI,2003,7.210066
Haiti,HTI,2004,8.376466
Haiti,HTI,2005,8.750278
Haiti,HTI,2006,8.963619
Haiti,HTI,2007,9.9301195
Haiti,HTI,2008,9.957119
Haiti,HTI,2009,9.405496
Haiti,HTI,2010,8.751274
Haiti,HTI,2011,9.320496
Haiti,HTI,2012,10.097672
Haiti,HTI,2013,10.7856865
Haiti,HTI,2014,11.735328
Haiti,HTI,2015,13.424657
Haiti,HTI,2016,13.964748
Haiti,HTI,2017,13.758625
Haiti,HTI,2018,14.4247465
Haiti,HTI,2019,13.36684
Haiti,HTI,2020,14.218671
Haiti,HTI,2021,15.040911
Haiti,HTI,2022,12.29266
Haiti,HTI,2023,7.123223
Haiti,HTI,2024,7.090426
High-income countries,OWID_HIC,1965,29673.092
High-income countries,OWID_HIC,1966,31165.018
High-income countries,OWID_HIC,1967,32436.15
High-income countries,OWID_HIC,1968,34610.85
High-income countries,OWID_HIC,1969,37003.25
High-income countries,OWID_HIC,1970,39186.76
High-income countries,OWID_HIC,1971,40189.332
High-income countries,OWID_HIC,1972,42321.31
High-income countries,OWID_HIC,1973,44802.004
High-income countries,OWID_HIC,1974,43947.984
High-income countries,OWID_HIC,1975,43138.047
High-income countries,OWID_HIC,1976,45707.266
High-income countries,OWID_HIC,1977,46841.094
High-income countries,OWID_HIC,1978,48160.05
High-income countries,OWID_HIC,1979,49453.45
High-income countries,OWID_HIC,1980,48052.773
High-income countries,OWID_HIC,1981,47002.92
High-income countries,OWID_HIC,1982,45623.004
High-income countries,OWID_HIC,1983,45859.004
High-income countries,OWID_HIC,1984,47973.62
High-income countries,OWID_HIC,1985,58530.402
High-income countries,OWID_HIC,1986,59549.918
High-income countries,OWID_HIC,1987,61493.234
High-income countries,OWID_HIC,1988,63568.188
High-income countries,OWID_HIC,1989,64744.2
High-income countries,OWID_HIC,1990,64750.098
High-income countries,OWID_HIC,1991,65029.418
High-income countries,OWID_HIC,1992,65245.24
High-income countries,OWID_HIC,1993,65418.984
High-income countries,OWID_HIC,1994,65881.81
High-income countries,OWID_HIC,1995,66843.87
High-income countries,OWID_HIC,1996,68530.15
High-income countries,OWID_HIC,1997,68681.484
High-income countries,OWID_HIC,1998,68960.64
High-income countries,OWID_HIC,1999,69983.56
High-income countries,OWID_HIC,2000,71440.56
High-income countries,OWID_HIC,2001,71671.41
High-income countries,OWID_HIC,2002,72401.7
High-income countries,OWID_HIC,2003,73390.94
High-income countries,OWID_HIC,2004,74933.65
High-income countries,OWID_HIC,2005,75487.27
High-income countries,OWID_HIC,2006,76104.77
High-income countries,OWID_HIC,2007,76753.664
High-income countries,OWID_HIC,2008,76241.195
High-income countries,OWID_HIC,2009,72579.664
High-income countries,OWID_HIC,2010,75728.016
High-income countries,OWID_HIC,2011,75225.36
High-income countries,OWID_HIC,2012,74634.87
High-income countries,OWID_HIC,2013,75178.36
High-income countries,OWID_HIC,2014,74923.62
High-income countries,OWID_HIC,2015,75179.8
High-income countries,OWID_HIC,2016,75527.484
High-income countries,OWID_HIC,2017,76024.39
High-income countries,OWID_HIC,2018,77122.07
High-income countries,OWID_HIC,2019,76207.336
High-income countries,OWID_HIC,2020,70734.62
High-income countries,OWID_HIC,2021,73923.97
High-income countries,OWID_HIC,2022,74257.09
High-income countries,OWID_HIC,2023,73298.01
High-income countries,OWID_HIC,2024,74185.02
High-income countries,OWID_HIC,2025,74671.664
Honduras,HND,1980,8.075462
Honduras,HND,1981,7.4972053
Honduras,HND,1982,7.5222054
Honduras,HND,1983,8.114497
Honduras,HND,1984,8.172462
Honduras,HND,1985,7.5462055
Honduras,HND,1986,8.385309
Honduras,HND,1987,8.292056
Honduras,HND,1988,9.823731
Honduras,HND,1989,11.665347
Honduras,HND,1990,13.05331
Honduras,HND,1991,12.944519
Honduras,HND,1992,13.408143
Honduras,HND,1993,13.23716
Honduras,HND,1994,14.113541
Honduras,HND,1995,15.847152
Honduras,HND,1996,17.375107
Honduras,HND,1997,17.936752
Honduras,HND,1998,19.8753
Honduras,HND,1999,21.140766
Honduras,HND,2000,19.919357
Honduras,HND,2001,22.901241
Honduras,HND,2002,23.899408
Honduras,HND,2003,26.526077
Honduras,HND,2004,29.495138
Honduras,HND,2005,28.727543
Honduras,HND,2006,26.98894
Honduras,HND,2007,34.16715
Honduras,HND,2008,33.616512
Honduras,HND,2009,31.642162
Honduras,HND,2010,32.703255
Honduras,HND,2011,33.53337
Honduras,HND,2012,36.214928
Honduras,HND,2013,36.73664
Honduras,HND,2014,38.8957
Honduras,HND,2015,43.255936
Honduras,HND,2016,41.0601
Honduras,HND,2017,42.64954
Honduras,HND,2018,43.289753
Honduras,HND,2019,47.390644
Honduras,HND,2020,42.98991
Honduras,HND,2021,49.657963
Honduras,HND,2022,51.86932
Honduras,HND,2023,57.40214
Honduras,HND,2024,56.74455
Hong Kong,HKG,1965,26.302013
Hong Kong,HKG,1966,28.525824
Hong Kong,HKG,1967,33.692806
Hong Kong,HKG,1968,36.42809
Hong Kong,HKG,1969,42.79994
Hong Kong,HKG,1970,45.981678
Hong Kong,HKG,1971,48.559654
Hong Kong,HKG,1972,55.15409
Hong Kong,HKG,1973,57.202076
Hong Kong,HKG,1974,58.55752
Hong Kong,HKG,1975,55.127094
Hong Kong,HKG,1976,65.09097
Hong Kong,HKG,1977,70.2838
Hong Kong,HKG,1978,73.01685
Hong Kong,HKG,1979,74.76296
Hong Kong,HKG,1980,76.39583
Hong Kong,HKG,1981,81.40919
Hong Kong,HKG,1982,89.3503
Hong Kong,HKG,1983,94.74299
Hong Kong,HKG,1984,97.06277
Hong Kong,HKG,1985,100.76825
Hong Kong,HKG,1986,105.59092
Hong Kong,HKG,1987,116.0195
Hong Kong,HKG,1988,133.64908
Hong Kong,HKG,1989,142.85945
Hong Kong,HKG,1990,139.35774
Hong Kong,HKG,1991,144.38942
Hong Kong,HKG,1992,169.92892
Hong Kong,HKG,1993,185.5023
Hong Kong,HKG,1994,168.0929
Hong Kong,HKG,1995,180.68063
Hong Kong,HKG,1996,180.59102
Hong Kong,HKG,1997,182.6931
Hong Kong,HKG,1998,186.23376
Hong Kong,HKG,1999,188.62175
Hong Kong,HKG,2000,197.47533
Hong Kong,HKG,2001,249.42023
Hong Kong,HKG,2002,243.43253
Hong Kong,HKG,2003,251.40544
Hong Kong,HKG,2004,281.52695
Hong Kong,HKG,2005,270.09048
Hong Kong,HKG,2006,285.7512
Hong Kong,HKG,2007,304.0129
Hong Kong,HKG,2008,282.8518
Hong Kong,HKG,2009,308.85635
Hong Kong,HKG,2010,321.16574
Hong Kong,HKG,2011,329.3173
Hong Kong,HKG,2012,316.47577
Hong Kong,HKG,2013,325.01523
Hong Kong,HKG,2014,317.19412
Hong Kong,HKG,2015,326.43378
Hong Kong,HKG,2016,335.03485
Hong Kong,HKG,2017,359.31918
Hong Kong,HKG,2018,363.55078
Hong Kong,HKG,2019,344.5044
Hong Kong,HKG,2020,258.04367
Hong Kong,HKG,2021,243.73866
Hong Kong,HKG,2022,217.4055
Hong Kong,HKG,2023,250.82916
Hong Kong,HKG,2024,272.58255
Hong Kong,HKG,2025,274.3714
Hungary,HUN,1965,184.82864
Hungary,HUN,1966,187.26715
Hungary,HUN,1967,178.73196
Hungary,HUN,1968,185.43172
Hungary,HUN,1969,198.57654
Hungary,HUN,1970,213.96747
Hungary,HUN,1971,220.90913
Hungary,HUN,1972,228.06271
Hungary,HUN,1973,246.9964
Hungary,HUN,1974,254.6029
Hungary,HUN,1975,269.39993
Hungary,HUN,1976,287.83182
Hungary,HUN,1977,302.68805
Hungary,HUN,1978,323.7676
Hungary,HUN,1979,320.586
Hungary,HUN,1980,321.6196
Hungary,HUN,1981,318.25226
Hungary,HUN,1982,319.68256
Hungary,HUN,1983,314.6535
Hungary,HUN,1984,323.38907
Hungary,HUN,1985,334.32715
Hungary,HUN,1986,332.95428
Hungary,HUN,1987,348.44095
Hungary,HUN,1988,340.9176
Hungary,HUN,1989,332.274
Hungary,HUN,1990,323.43802
Hungary,HUN,1991,309.57214
Hungary,HUN,1992,288.40552
Hungary,HUN,1993,285.84647
Hungary,HUN,1994,283.42798
Hungary,HUN,1995,291.24585
Hungary,HUN,1996,296.21326
Hungary,HUN,1997,289.2797
Hungary,HUN,1998,291.9697
Hungary,HUN,1999,292.18243
Hungary,HUN,2000,282.88434
Hungary,HUN,2001,290.23923
Hungary,HUN,2002,289.4403
Hungary,HUN,2003,291.34033
Hungary,HUN,2004,292.04865
Hungary,HUN,2005,311.26227
Hungary,HUN,2006,305.5943
Hungary,HUN,2007,300.93976
Hungary,HUN,2008,298.48087
Hungary,HUN,2009,278.56448
Hungary,HUN,2010,284.22537
Hungary,HUN,2011,273.74118
Hungary,HUN,2012,255.46133
Hungary,HUN,2013,242.51167
Hungary,HUN,2014,242.95062
Hungary,HUN,2015,255.98383
Hungary,HUN,2016,260.5892
Hungary,HUN,2017,274.4191
Hungary,HUN,2018,276.2533
Hungary,HUN,2019,278.81543
Hungary,HUN,2020,272.8271
Hungary,HUN,2021,284.4383
Hungary,HUN,2022,266.21622
Hungary,HUN,2023,251.28737
Hungary,HUN,2024,252.09535
Hungary,HUN,2025,253.62569
Iceland,ISL,1965,6.3291864
Iceland,ISL,1966,6.7310357
Iceland,ISL,1967,6.579064
Iceland,ISL,1968,6.99019
Iceland,ISL,1969,6.652595
Iceland,ISL,1970,7.4254556
Iceland,ISL,1971,8.070629
Iceland,ISL,1972,8.784109
Iceland,ISL,1973,10.367736
Iceland,ISL,1974,9.72977
Iceland,ISL,1975,9.352187
Iceland,ISL,1976,9.535451
Iceland,ISL,1977,9.997117
Iceland,ISL,1978,10.496577
Iceland,ISL,1979,10.941493
Iceland,ISL,1980,10.7065115
Iceland,ISL,1981,11.526642
Iceland,ISL,1982,11.594354
Iceland,ISL,1983,11.892707
Iceland,ISL,1984,12.531692
Iceland,ISL,1985,12.468307
Iceland,ISL,1986,13.251943
Iceland,ISL,1987,13.873737
Iceland,ISL,1988,14.557029
Iceland,ISL,1989,15.277326
Iceland,ISL,1990,15.929502
Iceland,ISL,1991,15.370153
Iceland,ISL,1992,15.638134
Iceland,ISL,1993,16.28698
Iceland,ISL,1994,16.402155
Iceland,ISL,1995,17.334736
Iceland,ISL,1996,18.371738
Iceland,ISL,1997,19.566818
Iceland,ISL,1998,23.091331
Iceland,ISL,1999,28.796541
Iceland,ISL,2000,31.343056
Iceland,ISL,2001,32.417248
Iceland,ISL,2002,33.0687
Iceland,ISL,2003,32.70331
Iceland,ISL,2004,34.26778
Iceland,ISL,2005,35.63091
Iceland,ISL,2006,46.560596
Iceland,ISL,2007,57.423283
Iceland,ISL,2008,67.02163
Iceland,ISL,2009,71.35002
Iceland,ISL,2010,66.84015
Iceland,ISL,2011,68.96256
Iceland,ISL,2012,73.79826
Iceland,ISL,2013,75.23365
Iceland,ISL,2014,75.396194
Iceland,ISL,2015,74.935135
Iceland,ISL,2016,76.48772
Iceland,ISL,2017,79.26361
Iceland,ISL,2018,88.57407
Iceland,ISL,2019,86.261826
Iceland,ISL,2020,81.24822
Iceland,ISL,2021,82.06782
Iceland,ISL,2022,85.76322
Iceland,ISL,2023,86.80217
Iceland,ISL,2024,86.653275
Iceland,ISL,2025,82.40892
India,IND,1965,581.94196
India,IND,1966,599.2438
India,IND,1967,614.60175
India,IND,1968,653.3989
India,IND,1969,724.41095
India,IND,1970,704.42926
India,IND,1971,729.24133
India,IND,1972,772.6242
India,IND,1973,786.17114
India,IND,1974,839.35657
India,IND,1975,894.7935
India,IND,1976,938.7547
India,IND,1977,990.0709
India,IND,1978,1011.4752
India,IND,1979,1077.404
India,IND,1980,1110.5728
India,IND,1981,1234.1353
India,IND,1982,1238.89
India,IND,1983,1311.623
India,IND,1984,1396.6414
India,IND,1985,1483.7341
India,IND,1986,1593.682
India,IND,1987,1708.0602
India,IND,1988,1856.592
India,IND,1989,2020.1749
India,IND,1990,2171.9304
India,IND,1991,2283.812
India,IND,1992,2416.7063
India,IND,1993,2478.7996
India,IND,1994,2600.6646
India,IND,1995,2814.9448
India,IND,1996,2946.253
India,IND,1997,3114.4453
India,IND,1998,3285.6877
India,IND,1999,3384.7407
India,IND,2000,3574.3892
India,IND,2001,3600.901
India,IND,2002,3739.3494
India,IND,2003,3876.1072
India,IND,2004,4158.5205
India,IND,2005,4420.042
India,IND,2006,4634.18
India,IND,2007,5027.8633
India,IND,2008,5345.5044
India,IND,2009,5772.6357
India,IND,2010,6026.387
India,IND,2011,6321.652
India,IND,2012,6695.205
India,IND,2013,6888.615
India,IND,2014,7361.12
India,IND,2015,7613.2
India,IND,2016,7968.6313
India,IND,2017,8236.587
India,IND,2018,8688.408
India,IND,2019,8854.11
India,IND,2020,8348.567
India,IND,2021,9081.272
India,IND,2022,9529.542
India,IND,2023,10292.05
India,IND,2024,10783.027
India,IND,2025,10860.91
Indonesia,IDN,1965,80.9441
Indonesia,IDN,1966,79.251724
Indonesia,IDN,1967,77.68208
Indonesia,IDN,1968,81.982
Indonesia,IDN,1969,93.048744
Indonesia,IDN,1970,98.7655
Indonesia,IDN,1971,99.20363
Indonesia,IDN,1972,105.65405
Indonesia,IDN,1973,118.82939
Indonesia,IDN,1974,127.231346
Indonesia,IDN,1975,156.387
Indonesia,IDN,1976,165.89139
Indonesia,IDN,1977,218.63419
Indonesia,IDN,1978,247.39014
Indonesia,IDN,1979,281.72156
Indonesia,IDN,1980,303.1288
Indonesia,IDN,1981,325.17984
Indonesia,IDN,1982,331.379
Indonesia,IDN,1983,349.7334
Indonesia,IDN,1984,385.0079
Indonesia,IDN,1985,407.57053
Indonesia,IDN,1986,432.3076
Indonesia,IDN,1987,456.5265
Indonesia,IDN,1988,481.55225
Indonesia,IDN,1989,532.57947
Indonesia,IDN,1990,595.53375
Indonesia,IDN,1991,645.95514
Indonesia,IDN,1992,705.74615
Indonesia,IDN,1993,754.2495
Indonesia,IDN,1994,795.49646
Indonesia,IDN,1995,869.8833
Indonesia,IDN,1996,932.6397
Indonesia,IDN,1997,1020.7399
Indonesia,IDN,1998,998.8087
Indonesia,IDN,1999,1094.8796
Indonesia,IDN,2000,1179.4742
Indonesia,IDN,2001,1267.4048
Indonesia,IDN,2002,1306.8651
Indonesia,IDN,2003,1419.8142
Indonesia,IDN,2004,1406.6714
Indonesia,IDN,2005,1444.7991
Indonesia,IDN,2006,1471.7675
Indonesia,IDN,2007,1577.2104
Indonesia,IDN,2008,1604.3975
Indonesia,IDN,2009,1654.8936
Indonesia,IDN,2010,1777.1274
Indonesia,IDN,2011,1884.6177
Indonesia,IDN,2012,1984.1824
Indonesia,IDN,2013,1864.7922
Indonesia,IDN,2014,1904.964
Indonesia,IDN,2015,1947.6174
Indonesia,IDN,2016,1931.9524
Indonesia,IDN,2017,2087.6567
Indonesia,IDN,2018,2198.0771
Indonesia,IDN,2019,2321.697
Indonesia,IDN,2020,2190.1062
Indonesia,IDN,2021,2272.3796
Indonesia,IDN,2022,2825.7996
Indonesia,IDN,2023,2864.7166
Indonesia,IDN,2024,3041.2764
Indonesia,IDN,2025,3198.9094
Iran,IRN,1965,93.926056
Iran,IRN,1966,102.42168
Iran,IRN,1967,112.7594
Iran,IRN,1968,124.06443
Iran,IRN,1969,136.2493
Iran,IRN,1970,161.18927
Iran,IRN,1971,176.66542
Iran,IRN,1972,199.36775
Iran,IRN,1973,240.66765
Iran,IRN,1974,273.07617
Iran,IRN,1975,318.9374
Iran,IRN,1976,358.96185
Iran,IRN,1977,407.1816
Iran,IRN,1978,393.52005
Iran,IRN,1979,427.43454
Iran,IRN,1980,395.13196
Iran,IRN,1981,395.61014
Iran,IRN,1982,447.43362
Iran,IRN,1983,533.8549
Iran,IRN,1984,578.7136
Iran,IRN,1985,632.3971
Iran,IRN,1986,589.4767
Iran,IRN,1987,631.46405
Iran,IRN,1988,643.4421
Iran,IRN,1989,707.80096
Iran,IRN,1990,796.83844
Iran,IRN,1991,869.25586
Iran,IRN,1992,955.41174
Iran,IRN,1993,880.1353
Iran,IRN,1994,995.2497
Iran,IRN,1995,1041.6561
Iran,IRN,1996,1133.6345
Iran,IRN,1997,1174.5076
Iran,IRN,1998,1220.8528
Iran,IRN,1999,1321.4349
Iran,IRN,2000,1389.0972
Iran,IRN,2001,1484.0887
Iran,IRN,2002,1610.9358
Iran,IRN,2003,1637.9236
Iran,IRN,2004,1809.417
Iran,IRN,2005,1913.2451
Iran,IRN,2006,2085.8826
Iran,IRN,2007,2220.9114
Iran,IRN,2008,2309.5493
Iran,IRN,2009,2366.831
Iran,IRN,2010,2439.8865
Iran,IRN,2011,2534.9917
Iran,IRN,2012,2552.1404
Iran,IRN,2013,2650.3955
Iran,IRN,2014,2763.6775
Iran,IRN,2015,2741.7827
Iran,IRN,2016,2897.3079
Iran,IRN,2017,2997.721
Iran,IRN,2018,3107.5303
Iran,IRN,2019,3242.892
Iran,IRN,2020,3384.0825
Iran,IRN,2021,3351.9275
Iran,IRN,2022,3484.1575
Iran,IRN,2023,3578.297
Iran,IRN,2024,3666.882
Iran,IRN,2025,3688.0261
Iraq,IRQ,1965,22.86651
Iraq,IRQ,1966,25.190308
Iraq,IRQ,1967,25.412992
Iraq,IRQ,1968,26.967787
Iraq,IRQ,1969,31.190607
Iraq,IRQ,1970,38.81999
Iraq,IRQ,1971,42.46764
Iraq,IRQ,1972,49.811768
Iraq,IRQ,1973,48.793926
Iraq,IRQ,1974,47.561146
Iraq,IRQ,1975,51.937008
Iraq,IRQ,1976,65.54345
Iraq,IRQ,1977,68.451485
Iraq,IRQ,1978,72.38375
Iraq,IRQ,1979,90.34954
Iraq,IRQ,1980,99.990906
Iraq,IRQ,1981,93.537094
Iraq,IRQ,1982,96.943954
Iraq,IRQ,1983,111.52636
Iraq,IRQ,1984,123.68219
Iraq,IRQ,1985,142.04807
Iraq,IRQ,1986,163.81294
Iraq,IRQ,1987,189.55595
Iraq,IRQ,1988,220.3131
Iraq,IRQ,1989,250.8291
Iraq,IRQ,1990,228.60237
Iraq,IRQ,1991,145.81781
Iraq,IRQ,1992,227.84332
Iraq,IRQ,1993,304.249
Iraq,IRQ,1994,345.80832
Iraq,IRQ,1995,342.75635
Iraq,IRQ,1996,344.39154
Iraq,IRQ,1997,410.35916
Iraq,IRQ,1998,305.60242
Iraq,IRQ,1999,222.27489
Iraq,IRQ,2000,316.35718
Iraq,IRQ,2001,353.22272
Iraq,IRQ,2002,333.78903
Iraq,IRQ,2003,294.98557
Iraq,IRQ,2004,315.19006
Iraq,IRQ,2005,299.1483
Iraq,IRQ,2006,290.4222
Iraq,IRQ,2007,293.8153
Iraq,IRQ,2008,340.5721
Iraq,IRQ,2009,334.40683
Iraq,IRQ,2010,396.52493
Iraq,IRQ,2011,423.30807
Iraq,IRQ,2012,448.2951
Iraq,IRQ,2013,488.59637
Iraq,IRQ,2014,476.90387
Iraq,IRQ,2015,477.15067
Iraq,IRQ,2016,514.60016
Iraq,IRQ,2017,593.6351
Iraq,IRQ,2018,620.4973
Iraq,IRQ,2019,671.61774
Iraq,IRQ,2020,534.66077
Iraq,IRQ,2021,578.9769
Iraq,IRQ,2022,622.4797
Iraq,IRQ,2023,675.34467
Iraq,IRQ,2024,672.1881
Iraq,IRQ,2025,699.0735
Ireland,IRL,1965,65.81957
Ireland,IRL,1966,74.14497
Ireland,IRL,1967,80.59912
Ireland,IRL,1968,94.33013
Ireland,IRL,1969,95.01161
Ireland,IRL,1970,74.233345
Ireland,IRL,1971,77.82314
Ireland,IRL,1972,81.78395
Ireland,IRL,1973,86.11765
Ireland,IRL,1974,87.35283
Ireland,IRL,1975,82.121124
Ireland,IRL,1976,83.716484
Ireland,IRL,1977,89.006744
Ireland,IRL,1978,92.74615
Ireland,IRL,1979,102.1704
Ireland,IRL,1980,98.78571
Ireland,IRL,1981,96.30677
Ireland,IRL,1982,95.717186
Ireland,IRL,1983,94.35245
Ireland,IRL,1984,93.51422
Ireland,IRL,1985,97.89915
Ireland,IRL,1986,105.704735
Ireland,IRL,1987,107.37639
Ireland,IRL,1988,106.49197
Ireland,IRL,1989,110.10689
Ireland,IRL,1990,116.10799
Ireland,IRL,1991,119.05201
Ireland,IRL,1992,118.36658
Ireland,IRL,1993,121.97
Ireland,IRL,1994,127.223724
Ireland,IRL,1995,130.32
Ireland,IRL,1996,136.70857
Ireland,IRL,1997,144.22949
Ireland,IRL,1998,153.82692
Ireland,IRL,1999,162.41106
Ireland,IRL,2000,172.5233
Ireland,IRL,2001,180.3971
Ireland,IRL,2002,177.88937
Ireland,IRL,2003,175.60432
Ireland,IRL,2004,179.03757
Ireland,IRL,2005,189.23503
Ireland,IRL,2006,191.44395
Ireland,IRL,2007,191.48419
Ireland,IRL,2008,192.24278
Ireland,IRL,2009,171.66205
Ireland,IRL,2010,176.13794
Ireland,IRL,2011,161.33044
Ireland,IRL,2012,159.0876
Ireland,IRL,2013,156.13583
Ireland,IRL,2014,154.56544
Ireland,IRL,2015,161.45273
Ireland,IRL,2016,170.17032
Ireland,IRL,2017,168.86821
Ireland,IRL,2018,171.16895
Ireland,IRL,2019,169.39058
Ireland,IRL,2020,155.76971
Ireland,IRL,2021,162.30392
Ireland,IRL,2022,166.75812
Ireland,IRL,2023,158.70724
Ireland,IRL,2024,159.82101
Ireland,IRL,2025,158.21265
Israel,ISR,1965,41.006905
Israel,ISR,1966,42.641582
Israel,ISR,1967,51.733807
Israel,ISR,1968,52.66135
Israel,ISR,1969,59.519424
Israel,ISR,1970,63.53794
Israel,ISR,1971,72.10431
Israel,ISR,1972,68.30416
Israel,ISR,1973,72.81665
Israel,ISR,1974,73.12428
Israel,ISR,1975,75.14132
Israel,ISR,1976,77.03654
Israel,ISR,1977,80.893005
Israel,ISR,1978,88.32634
Israel,ISR,1979,91.25094
Israel,ISR,1980,92.57649
Israel,ISR,1981,94.15229
Israel,ISR,1982,101.73967
Israel,ISR,1983,101.80499
Israel,ISR,1984,105.93766
Israel,ISR,1985,98.248985
Israel,ISR,1986,103.34133
Israel,ISR,1987,110.81487
Israel,ISR,1988,118.77073
Israel,ISR,1989,124.2698
Israel,ISR,1990,129.12943
Israel,ISR,1991,131.2659
Israel,ISR,1992,153.13983
Israel,ISR,1993,166.31549
Israel,ISR,1994,173.52396
Israel,ISR,1995,195.15944
Israel,ISR,1996,202.24992
Israel,ISR,1997,221.16397
Israel,ISR,1998,232.74466
Israel,ISR,1999,241.20714
Israel,ISR,2000,227.31047
Israel,ISR,2001,227.17368
Israel,ISR,2002,231.72112
Israel,ISR,2003,238.7543
Israel,ISR,2004,243.41646
Israel,ISR,2005,244.57765
Israel,ISR,2006,245.91406
Israel,ISR,2007,255.04138
Israel,ISR,2008,262.38104
Israel,ISR,2009,254.8474
Israel,ISR,2010,264.85583
Israel,ISR,2011,269.64975
Israel,ISR,2012,282.00476
Israel,ISR,2013,266.2817
Israel,ISR,2014,259.0835
Israel,ISR,2015,272.9059
Israel,ISR,2016,277.71515
Israel,ISR,2017,282.84454
Israel,ISR,2018,287.84338
Israel,ISR,2019,294.16653
Israel,ISR,2020,278.20618
Israel,ISR,2021,283.26917
Israel,ISR,2022,294.8064
Israel,ISR,2023,291.43903
Israel,ISR,2024,292.5696
Israel,ISR,2025,286.79916
Italy,ITA,1965,864.13904
Italy,ITA,1966,942.2321
Italy,ITA,1967,1028.277
Italy,ITA,1968,1116.1088
Italy,ITA,1969,1209.4303
Italy,ITA,1970,1343.0011
Italy,ITA,1971,1419.2579
Italy,ITA,1972,1486.2589
Italy,ITA,1973,1560.5381
Italy,ITA,1974,1559.65
Italy,ITA,1975,1519.3491
Italy,ITA,1976,1610.8376
Italy,ITA,1977,1592.6467
Italy,ITA,1978,1645.002
Italy,ITA,1979,1697.4453
Italy,ITA,1980,1654.606
Italy,ITA,1981,1622.8815
Italy,ITA,1982,1593.7416
Italy,ITA,1983,1558.6769
Italy,ITA,1984,1583.1393
Italy,ITA,1985,1576.7754
Italy,ITA,1986,1621.9963
Italy,ITA,1987,1675.142
Italy,ITA,1988,1716.1693
Italy,ITA,1989,1780.8562
Italy,ITA,1990,1788.4672
Italy,ITA,1991,1832.2064
Italy,ITA,1992,1831.9847
Italy,ITA,1993,1808.4954
Italy,ITA,1994,1785.8202
Italy,ITA,1995,1881.2582
Italy,ITA,1996,1877.3367
Italy,ITA,1997,1907.4523
Italy,ITA,1998,1962.145
Italy,ITA,1999,1988.2625
Italy,ITA,2000,2014.5353
Italy,ITA,2001,2008.7576
Italy,ITA,2002,2028.3159
Italy,ITA,2003,2107.287
Italy,ITA,2004,2152.5417
Italy,ITA,2005,2161.4258
Italy,ITA,2006,2158.4285
Italy,ITA,2007,2125.7378
Italy,ITA,2008,2080.0906
Italy,ITA,2009,1908.1436
Italy,ITA,2010,1982.1096
Italy,ITA,2011,1930.4592
Italy,ITA,2012,1849.8121
Italy,ITA,2013,1740.5819
Italy,ITA,2014,1677.0269
Italy,ITA,2015,1719.979
Italy,ITA,2016,1716.9777
Italy,ITA,2017,1735.9819
Italy,ITA,2018,1727.7147
Italy,ITA,2019,1711.2388
Italy,ITA,2020,1536.8566
Italy,ITA,2021,1658.0071
Italy,ITA,2022,1645.318
Italy,ITA,2023,1542.7632
Italy,ITA,2024,1548.4714
Italy,ITA,2025,1537.2655
Jamaica,JAM,1980,33.76796
Jamaica,JAM,1981,29.253286
Jamaica,JAM,1982,24.870876
Jamaica,JAM,1983,26.155382
Jamaica,JAM,1984,22.35762
Jamaica,JAM,1985,19.756536
Jamaica,JAM,1986,19.543476
Jamaica,JAM,1987,21.495527
Jamaica,JAM,1988,24.354197
Jamaica,JAM,1989,28.297007
Jamaica,JAM,1990,29.662146
Jamaica,JAM,1991,30.949018
Jamaica,JAM,1992,33.522015
Jamaica,JAM,1993,34.07075
Jamaica,JAM,1994,35.09541
Jamaica,JAM,1995,39.180355
Jamaica,JAM,1996,40.37271
Jamaica,JAM,1997,42.157867
Jamaica,JAM,1998,43.103825
Jamaica,JAM,1999,44.141655
Jamaica,JAM,2000,43.28957
Jamaica,JAM,2001,43.981533
Jamaica,JAM,2002,43.55698
Jamaica,JAM,2003,45.35626
Jamaica,JAM,2004,44.28455
Jamaica,JAM,2005,45.60617
Jamaica,JAM,2006,52.109474
Jamaica,JAM,2007,53.13426
Jamaica,JAM,2008,45.01829
Jamaica,JAM,2009,35.61578
Jamaica,JAM,2010,32.72477
Jamaica,JAM,2011,34.613495
Jamaica,JAM,2012,32.510845
Jamaica,JAM,2013,35.369286
Jamaica,JAM,2014,34.75823
Jamaica,JAM,2015,35.92042
Jamaica,JAM,2016,37.202236
Jamaica,JAM,2017,32.888573
Jamaica,JAM,2018,37.237503
Jamaica,JAM,2019,41.235516
Jamaica,JAM,2020,28.916487
Jamaica,JAM,2021,31.806833
Jamaica,JAM,2022,33.428005
Jamaica,JAM,2023,36.77775
Jamaica,JAM,2024,35.50246
Japan,JPN,1965,1682.9739
Japan,JPN,1966,1923.7006
Japan,JPN,1967,2198.0764
Japan,JPN,1968,2425.748
Japan,JPN,1969,2848.4607
Japan,JPN,1970,3273.85
Japan,JPN,1971,3420.204
Japan,JPN,1972,3672.1252
Japan,JPN,1973,4082.3428
Japan,JPN,1974,4015.051
Japan,JPN,1975,3974.4036
Japan,JPN,1976,4149.937
Japan,JPN,1977,4151.9097
Japan,JPN,1978,4257.7437
Japan,JPN,1979,4322.099
Japan,JPN,1980,4149.5107
Japan,JPN,1981,4083.9583
Japan,JPN,1982,3968.3403
Japan,JPN,1983,4086.3545
Japan,JPN,1984,4264.972
Japan,JPN,1985,4358.5522
Japan,JPN,1986,4356.668
Japan,JPN,1987,4567.9253
Japan,JPN,1988,4791.527
Japan,JPN,1989,4953.6323
Japan,JPN,1990,5123.9287
Japan,JPN,1991,5249.1177
Japan,JPN,1992,5342.3384
Japan,JPN,1993,5417.921
Japan,JPN,1994,5691.1055
Japan,JPN,1995,5854.084
Japan,JPN,1996,5978.6626
Japan,JPN,1997,6090.774
Japan,JPN,1998,5976.5713
Japan,JPN,1999,6079.7695
Japan,JPN,2000,6186.466
Japan,JPN,2001,6129.5835
Japan,JPN,2002,6124.07
Japan,JPN,2003,6081.9087
Japan,JPN,2004,6179.902
Japan,JPN,2005,6317.3687
Japan,JPN,2006,6301.979
Japan,JPN,2007,6244.1484
Japan,JPN,2008,6117.9844
Japan,JPN,2009,5619.8604
Japan,JPN,2010,5973.234
Japan,JPN,2011,5629.776
Japan,JPN,2012,5530.851
Japan,JPN,2013,5460.539
Japan,JPN,2014,5288.3667
Japan,JPN,2015,5209.7295
Japan,JPN,2016,5139.405
Japan,JPN,2017,5171.4424
Japan,JPN,2018,5139.838
Japan,JPN,2019,5030.947
Japan,JPN,2020,4639.211
Japan,JPN,2021,4847.747
Japan,JPN,2022,4794.0635
Japan,JPN,2023,4665.89
Japan,JPN,2024,4613.245
Japan,JPN,2025,4578.486
Jordan,JOR,1980,22.808123
Jordan,JOR,1981,27.049065
Jordan,JOR,1982,30.737574
Jordan,JOR,1983,32.58183
Jordan,JOR,1984,34.5204
Jordan,JOR,1985,35.633587
Jordan,JOR,1986,37.965076
Jordan,JOR,1987,40.846535
Jordan,JOR,1988,38.309814
Jordan,JOR,1989,39.480194
Jordan,JOR,1990,42.11705
Jordan,JOR,1991,39.94946
Jordan,JOR,1992,47.070946
Jordan,JOR,1993,46.55134
Jordan,JOR,1994,53.519176
Jordan,JOR,1995,56.093296
Jordan,JOR,1996,60.279137
Jordan,JOR,1997,58.26308
Jordan,JOR,1998,62.322647
Jordan,JOR,1999,62.964237
Jordan,JOR,2000,66.256294
Jordan,JOR,2001,63.607037
Jordan,JOR,2002,66.71621
Jordan,JOR,2003,72.88512
Jordan,JOR,2004,79.17032
Jordan,JOR,2005,85.95745
Jordan,JOR,2006,88.89281
Jordan,JOR,2007,85.470184
Jordan,JOR,2008,82.328354
Jordan,JOR,2009,85.630066
Jordan,JOR,2010,89.12858
Jordan,JOR,2011,93.34846
Jordan,JOR,2012,99.05704
Jordan,JOR,2013,98.37099
Jordan,JOR,2014,100.933914
Jordan,JOR,2015,108.76892
Jordan,JOR,2016,114.8777
Jordan,JOR,2017,117.999886
Jordan,JOR,2018,113.73665
Jordan,JOR,2019,111.551895
Jordan,JOR,2020,99.42389
Jordan,JOR,2021,105.099976
Jordan,JOR,2022,114.47742
Jordan,JOR,2023,107.876465
Jordan,JOR,2024,107.62895
Kazakhstan,KAZ,1985,785.83057
Kazakhstan,KAZ,1986,804.89264
Kazakhstan,KAZ,1987,821.37744
Kazakhstan,KAZ,1988,849.27515
Kazakhstan,KAZ,1989,835.24524
Kazakhstan,KAZ,1990,845.0102
Kazakhstan,KAZ,1991,844.5511
Kazakhstan,KAZ,1992,834.1282
Kazakhstan,KAZ,1993,733.3099
Kazakhstan,KAZ,1994,648.53125
Kazakhstan,KAZ,1995,582.4277
Kazakhstan,KAZ,1996,506.8725
Kazakhstan,KAZ,1997,446.91776
Kazakhstan,KAZ,1998,421.0021
Kazakhstan,KAZ,1999,394.96057
Kazakhstan,KAZ,2000,355.00922
Kazakhstan,KAZ,2001,400.53214
Kazakhstan,KAZ,2002,406.88608
Kazakhstan,KAZ,2003,448.30307
Kazakhstan,KAZ,2004,475.46286
Kazakhstan,KAZ,2005,489.98642
Kazakhstan,KAZ,2006,529.0553
Kazakhstan,KAZ,2007,587.9536
Kazakhstan,KAZ,2008,621.92975
Kazakhstan,KAZ,2009,556.67377
Kazakhstan,KAZ,2010,596.95154
Kazakhstan,KAZ,2011,680.1513
Kazakhstan,KAZ,2012,716.54504
Kazakhstan,KAZ,2013,718.2575
Kazakhstan,KAZ,2014,754.9642
Kazakhstan,KAZ,2015,619.91614
Kazakhstan,KAZ,2016,691.22845
Kazakhstan,KAZ,2017,745.5838
Kazakhstan,KAZ,2018,771.2539
Kazakhstan,KAZ,2019,780.565
Kazakhstan,KAZ,2020,716.5411
Kazakhstan,KAZ,2021,801.8603
Kazakhstan,KAZ,2022,797.9308
Kazakhstan,KAZ,2023,823.12634
Kazakhstan,KAZ,2024,857.90356
Kazakhstan,KAZ,2025,910.44183
Kenya,KEN,1980,27.268606
Kenya,KEN,1981,26.77799
Kenya,KEN,1982,26.549894
Kenya,KEN,1983,25.432503
Kenya,KEN,1984,25.303165
Kenya,KEN,1985,26.20776
Kenya,KEN,1986,27.487858
Kenya,KEN,1987,24.758728
Kenya,KEN,1988,27.887545
Kenya,KEN,1989,30.144648
Kenya,KEN,1990,30.358604
Kenya,KEN,1991,27.423908
Kenya,KEN,1992,30.165565
Kenya,KEN,1993,30.897373
Kenya,KEN,1994,31.560719
Kenya,KEN,1995,33.549862
Kenya,KEN,1996,34.98295
Kenya,KEN,1997,32.391163
Kenya,KEN,1998,36.28588
Kenya,KEN,1999,35.71614
Kenya,KEN,2000,41.39295
Kenya,KEN,2001,39.857048
Kenya,KEN,2002,40.69273
Kenya,KEN,2003,37.41402
Kenya,KEN,2004,41.256207
Kenya,KEN,2005,45.088142
Kenya,KEN,2006,49.83218
Kenya,KEN,2007,49.790394
Kenya,KEN,2008,50.519093
Kenya,KEN,2009,56.4967
Kenya,KEN,2010,60.195793
Kenya,KEN,2011,62.646675
Kenya,KEN,2012,59.43933
Kenya,KEN,2013,64.05428
Kenya,KEN,2014,67.69653
Kenya,KEN,2015,78.72415
Kenya,KEN,2016,83.920784
Kenya,KEN,2017,84.98878
Kenya,KEN,2018,82.574646
Kenya,KEN,2019,85.94978
Kenya,KEN,2020,81.73278
Kenya,KEN,2021,87.006996
Kenya,KEN,2022,87.34352
Kenya,KEN,2023,89.0888
Kenya,KEN,2024,94.62624
Kiribati,KIR,1980,0.12426456
Kiribati,KIR,1981,0.123925045
Kiribati,KIR,1982,0.123925045
Kiribati,KIR,1983,0.123925045
Kiribati,KIR,1984,0.06213228
Kiribati,KIR,1985,0.061962523
Kiribati,KIR,1986,0.06411262
Kiribati,KIR,1987,0.0754843
Kiribati,KIR,1988,0.07565462
Kiribati,KIR,1989,0.0754843
Kiribati,KIR,1990,0.0754843
Kiribati,KIR,1991,0.07630237
Kiribati,KIR,1992,0.07565462
Kiribati,KIR,1993,0.0754843
Kiribati,KIR,1994,0.0754843
Kiribati,KIR,1995,0.0754843
Kiribati,KIR,1996,0.07565462
Kiribati,KIR,1997,0.0754843
Kiribati,KIR,1998,0.0754843
Kiribati,KIR,1999,0.07548796
Kiribati,KIR,2000,0.14542937
Kiribati,KIR,2001,0.12409294
Kiribati,KIR,2002,0.18187262
Kiribati,KIR,2003,0.18908446
Kiribati,KIR,2004,0.202527
Kiribati,KIR,2005,0.2646085
Kiribati,KIR,2006,0.2944388
Kiribati,KIR,2007,0.2687508
Kiribati,KIR,2008,0.30092958
Kiribati,KIR,2009,0.26259938
Kiribati,KIR,2010,0.26115373
Kiribati,KIR,2011,0.24107717
Kiribati,KIR,2012,0.2379897
Kiribati,KIR,2013,0.24073716
Kiribati,KIR,2014,0.24159285
Kiribati,KIR,2015,0.25627005
Kiribati,KIR,2016,0.2739472
Kiribati,KIR,2017,0.31005728
Kiribati,KIR,2018,0.3137526
Kiribati,KIR,2019,0.31607798
Kiribati,KIR,2020,0.31128627
Kiribati,KIR,2021,0.31128627
Kiribati,KIR,2022,0.31509912
Kiribati,KIR,2023,0.32089314
Kiribati,KIR,2024,0.35957345
Kosovo,OWID_KOS,2008,24.304226
Kosovo,OWID_KOS,2009,27.278435
Kosovo,OWID_KOS,2010,26.970661
Kosovo,OWID_KOS,2011,27.21266
Kosovo,OWID_KOS,2012,27.096722
Kosovo,OWID_KOS,2013,25.834461
Kosovo,OWID_KOS,2014,23.903986
Kosovo,OWID_KOS,2015,27.411453
Kosovo,OWID_KOS,2016,28.286901
Kosovo,OWID_KOS,2017,25.397905
Kosovo,OWID_KOS,2018,25.758884
Kosovo,OWID_KOS,2019,28.325161
Kosovo,OWID_KOS,2020,28.371254
Kosovo,OWID_KOS,2021,30.948784
Kosovo,OWID_KOS,2022,30.302402
Kosovo,OWID_KOS,2023,26.880402
Kosovo,OWID_KOS,2024,30.131302
Kuwait,KWT,1965,79.22156
Kuwait,KWT,1966,82.88144
Kuwait,KWT,1967,84.35843
Kuwait,KWT,1968,88.77665
Kuwait,KWT,1969,90.93682
Kuwait,KWT,1970,73.407524
Kuwait,KWT,1971,73.1568
Kuwait,KWT,1972,80.95828
Kuwait,KWT,1973,80.66415
Kuwait,KWT,1974,77.40108
Kuwait,KWT,1975,69.006836
Kuwait,KWT,1976,82.29846
Kuwait,KWT,1977,84.13927
Kuwait,KWT,1978,92.413055
Kuwait,KWT,1979,112.72723
Kuwait,KWT,1980,84.72407
Kuwait,KWT,1981,108.70876
Kuwait,KWT,1982,106.92248
Kuwait,KWT,1983,118.03348
Kuwait,KWT,1984,125.7822
Kuwait,KWT,1985,120.555084
Kuwait,KWT,1986,138.0484
Kuwait,KWT,1987,127.516205
Kuwait,KWT,1988,143.99365
Kuwait,KWT,1989,155.05028
Kuwait,KWT,1990,91.492676
Kuwait,KWT,1991,46.120697
Kuwait,KWT,1992,81.67527
Kuwait,KWT,1993,100.172905
Kuwait,KWT,1994,116.9345
Kuwait,KWT,1995,150.54976
Kuwait,KWT,1996,149.02011
Kuwait,KWT,1997,155.05125
Kuwait,KWT,1998,190.98372
Kuwait,KWT,1999,198.26514
Kuwait,KWT,2000,218.1619
Kuwait,KWT,2001,219.82071
Kuwait,KWT,2002,232.86987
Kuwait,KWT,2003,278.11325
Kuwait,KWT,2004,309.89484
Kuwait,KWT,2005,341.36133
Kuwait,KWT,2006,328.63327
Kuwait,KWT,2007,319.67554
Kuwait,KWT,2008,345.31726
Kuwait,KWT,2009,350.13895
Kuwait,KWT,2010,405.0858
Kuwait,KWT,2011,409.8664
Kuwait,KWT,2012,422.72195
Kuwait,KWT,2013,448.42862
Kuwait,KWT,2014,437.30725
Kuwait,KWT,2015,468.6822
Kuwait,KWT,2016,466.0069
Kuwait,KWT,2017,466.90662
Kuwait,KWT,2018,482.66736
Kuwait,KWT,2019,442.9264
Kuwait,KWT,2020,419.70132
Kuwait,KWT,2021,461.07095
Kuwait,KWT,2022,482.67215
Kuwait,KWT,2023,501.71606
Kuwait,KWT,2024,521.61096
Kuwait,KWT,2025,527.0211
Kyrgyzstan,KGZ,1992,64.063194
Kyrgyzstan,KGZ,1993,54.287964
Kyrgyzstan,KGZ,1994,40.625305
Kyrgyzstan,KGZ,1995,32.34977
Kyrgyzstan,KGZ,1996,43.362644
Kyrgyzstan,KGZ,1997,42.544537
Kyrgyzstan,KGZ,1998,44.776333
Kyrgyzstan,KGZ,1999,45.220936
Kyrgyzstan,KGZ,2000,42.9859
Kyrgyzstan,KGZ,2001,41.42783
Kyrgyzstan,KGZ,2002,35.527927
Kyrgyzstan,KGZ,2003,33.580788
Kyrgyzstan,KGZ,2004,34.13895
Kyrgyzstan,KGZ,2005,33.13123
Kyrgyzstan,KGZ,2006,35.123474
Kyrgyzstan,KGZ,2007,40.47027
Kyrgyzstan,KGZ,2008,42.550858
Kyrgyzstan,KGZ,2009,43.249138
Kyrgyzstan,KGZ,2010,38.97804
Kyrgyzstan,KGZ,2011,41.787445
Kyrgyzstan,KGZ,2012,51.41886
Kyrgyzstan,KGZ,2013,48.52279
Kyrgyzstan,KGZ,2014,49.600594
Kyrgyzstan,KGZ,2015,46.616173
Kyrgyzstan,KGZ,2016,47.585304
Kyrgyzstan,KGZ,2017,46.674828
Kyrgyzstan,KGZ,2018,51.9101
Kyrgyzstan,KGZ,2019,45.999947
Kyrgyzstan,KGZ,2020,42.023537
Kyrgyzstan,KGZ,2021,43.48996
Kyrgyzstan,KGZ,2022,52.79797
Kyrgyzstan,KGZ,2023,56.71929
Kyrgyzstan,KGZ,2024,54.984097
Laos,LAO,1980,1.9176425
Laos,LAO,1981,1.0459903
Laos,LAO,1982,1.0296607
Laos,LAO,1983,1.0309882
Laos,LAO,1984,0.8843864
Laos,LAO,1985,0.9489848
Laos,LAO,1986,1.1119736
Laos,LAO,1987,1.1219612
Laos,LAO,1988,1.0953166
Laos,LAO,1989,1.2831999
Laos,LAO,1990,1.309424
Laos,LAO,1991,1.4437904
Laos,LAO,1992,1.4962806
Laos,LAO,1993,1.579441
Laos,LAO,1994,1.5879855
Laos,LAO,1995,1.8159308
Laos,LAO,1996,2.0493286
Laos,LAO,1997,2.213067
Laos,LAO,1998,2.1880343
Laos,LAO,1999,2.181726
Laos,LAO,2000,5.0368285
Laos,LAO,2001,5.3717694
Laos,LAO,2002,5.6305137
Laos,LAO,2003,6.129092
Laos,LAO,2004,6.3376107
Laos,LAO,2005,7.297619
Laos,LAO,2006,9.038997
Laos,LAO,2007,9.566259
Laos,LAO,2008,10.631144
Laos,LAO,2009,12.189743
Laos,LAO,2010,13.686328
Laos,LAO,2011,14.544427
Laos,LAO,2012,16.612247
Laos,LAO,2013,18.616474
Laos,LAO,2014,19.834063
Laos,LAO,2015,37.287792
Laos,LAO,2016,58.7735
Laos,LAO,2017,69.278595
Laos,LAO,2018,71.48857
Laos,LAO,2019,73.069626
Laos,LAO,2020,66.795815
Laos,LAO,2021,69.89193
Laos,LAO,2022,64.628235
Laos,LAO,2023,77.80744
Laos,LAO,2024,84.59229
Latvia,LVA,1985,100.459404
Latvia,LVA,1986,92.896095
Latvia,LVA,1987,82.88389
Latvia,LVA,1988,79.18434
Latvia,LVA,1989,77.97953
Latvia,LVA,1990,85.662766
Latvia,LVA,1991,73.75628
Latvia,LVA,1992,55.229816
Latvia,LVA,1993,48.165325
Latvia,LVA,1994,46.37782
Latvia,LVA,1995,40.249596
Latvia,LVA,1996,39.116543
Latvia,LVA,1997,36.699566
Latvia,LVA,1998,37.749992
Latvia,LVA,1999,33.984295
Latvia,LVA,2000,33.075348
Latvia,LVA,2001,35.734947
Latvia,LVA,2002,37.264328
Latvia,LVA,2003,37.391182
Latvia,LVA,2004,40.259666
Latvia,LVA,2005,41.190575
Latvia,LVA,2006,41.917755
Latvia,LVA,2007,43.076946
Latvia,LVA,2008,42.319424
Latvia,LVA,2009,39.992447
Latvia,LVA,2010,43.77604
Latvia,LVA,2011,39.41561
Latvia,LVA,2012,39.60626
Latvia,LVA,2013,39.27142
Latvia,LVA,2014,37.326233
Latvia,LVA,2015,38.577892
Latvia,LVA,2016,40.42054
Latvia,LVA,2017,41.637287
Latvia,LVA,2018,39.645428
Latvia,LVA,2019,41.40926
Latvia,LVA,2020,36.57013
Latvia,LVA,2021,38.324234
Latvia,LVA,2022,33.54247
Latvia,LVA,2023,33.783318
Latvia,LVA,2024,32.822906
Latvia,LVA,2025,32.645107
Lebanon,LBN,1980,28.549555
Lebanon,LBN,1981,26.645565
Lebanon,LBN,1982,25.917873
Lebanon,LBN,1983,26.989447
Lebanon,LBN,1984,25.774727
Lebanon,LBN,1985,30.0915
Lebanon,LBN,1986,28.773874
Lebanon,LBN,1987,30.166441
Lebanon,LBN,1988,27.145754
Lebanon,LBN,1989,21.542753
Lebanon,LBN,1990,20.27255
Lebanon,LBN,1991,33.365433
Lebanon,LBN,1992,34.078247
Lebanon,LBN,1993,42.702023
Lebanon,LBN,1994,48.071636
Lebanon,LBN,1995,51.93877
Lebanon,LBN,1996,55.000126
Lebanon,LBN,1997,63.03443
Lebanon,LBN,1998,63.85563
Lebanon,LBN,1999,66.382744
Lebanon,LBN,2000,59.717678
Lebanon,LBN,2001,63.987022
Lebanon,LBN,2002,63.303394
Lebanon,LBN,2003,62.5802
Lebanon,LBN,2004,63.30454
Lebanon,LBN,2005,60.575375
Lebanon,LBN,2006,56.696415
Lebanon,LBN,2007,50.245285
Lebanon,LBN,2008,65.59027
Lebanon,LBN,2009,80.82573
Lebanon,LBN,2010,77.645676
Lebanon,LBN,2011,78.50445
Lebanon,LBN,2012,87.72624
Lebanon,LBN,2013,86.97685
Lebanon,LBN,2014,91.60666
Lebanon,LBN,2015,100.63014
Lebanon,LBN,2016,103.679115
Lebanon,LBN,2017,110.64624
Lebanon,LBN,2018,104.145035
Lebanon,LBN,2019,105.07097
Lebanon,LBN,2020,99.60602
Lebanon,LBN,2021,82.701294
Lebanon,LBN,2022,66.40963
Lebanon,LBN,2023,70.281204
Lebanon,LBN,2024,71.3574
Lesotho,LSO,1980,0.59791726
Lesotho,LSO,1981,0.5962836
Lesotho,LSO,1982,0.5962836
Lesotho,LSO,1983,0.5962836
Lesotho,LSO,1984,0.59791726
Lesotho,LSO,1985,0.655912
Lesotho,LSO,1986,0.68798614
Lesotho,LSO,1987,0.68798614
Lesotho,LSO,1988,0.46299294
Lesotho,LSO,1989,0.68798614
Lesotho,LSO,1990,0.8799782
Lesotho,LSO,1991,0.8939775
Lesotho,LSO,1992,0.9307941
Lesotho,LSO,1993,0.9617728
Lesotho,LSO,1994,1.0691706
Lesotho,LSO,1995,1.08317
Lesotho,LSO,1996,1.0962496
Lesotho,LSO,1997,1.0771703
Lesotho,LSO,1998,0.93715316
Lesotho,LSO,1999,0.9781596
Lesotho,LSO,2000,1.8963329
Lesotho,LSO,2001,1.9235772
Lesotho,LSO,2002,1.9493661
Lesotho,LSO,2003,1.9764454
Lesotho,LSO,2004,2.0505743
Lesotho,LSO,2005,2.206945
Lesotho,LSO,2006,2.2856727
Lesotho,LSO,2007,2.9208016
Lesotho,LSO,2008,2.4991777
Lesotho,LSO,2009,2.910892
Lesotho,LSO,2010,3.109324
Lesotho,LSO,2011,3.0328372
Lesotho,LSO,2012,3.2832797
Lesotho,LSO,2013,3.3122993
Lesotho,LSO,2014,3.414621
Lesotho,LSO,2015,3.31967
Lesotho,LSO,2016,3.7006454
Lesotho,LSO,2017,3.9741952
Lesotho,LSO,2018,3.8679204
Lesotho,LSO,2019,4.02357
Lesotho,LSO,2020,3.606672
Lesotho,LSO,2021,3.971064
Lesotho,LSO,2022,4.820222
Lesotho,LSO,2023,4.2621665
Lesotho,LSO,2024,3.9308472
Liberia,LBR,1980,8.577919
Liberia,LBR,1981,7.9057417
Liberia,LBR,1982,7.9197416
Liberia,LBR,1983,7.9117417
Liberia,LBR,1984,7.201163
Liberia,LBR,1985,7.2180963
Liberia,LBR,1986,5.475594
Liberia,LBR,1987,4.150602
Liberia,LBR,1988,5.3236647
Liberia,LBR,1989,4.3525066
Liberia,LBR,1990,2.4021559
Liberia,LBR,1991,1.3531039
Liberia,LBR,1992,1.4188807
Liberia,LBR,1993,1.5658354
Liberia,LBR,1994,1.5658354
Liberia,LBR,1995,1.5658354
Liberia,LBR,1996,1.6264313
Liberia,LBR,1997,1.6220273
Liberia,LBR,1998,1.6782191
Liberia,LBR,1999,1.6782194
Liberia,LBR,2000,1.8909329
Liberia,LBR,2001,2.0167844
Liberia,LBR,2002,1.9894708
Liberia,LBR,2003,2.1787899
Liberia,LBR,2004,2.3634825
Liberia,LBR,2005,2.7665544
Liberia,LBR,2006,2.833771
Liberia,LBR,2007,2.6449285
Liberia,LBR,2008,2.3433156
Liberia,LBR,2009,2.1389852
Liberia,LBR,2010,3.367721
Liberia,LBR,2011,3.749771
Liberia,LBR,2012,4.1589622
Liberia,LBR,2013,3.6788895
Liberia,LBR,2014,4.844483
Liberia,LBR,2015,4.862246
Liberia,LBR,2016,5.5901246
Liberia,LBR,2017,4.826336
Liberia,LBR,2018,2.1797621
Liberia,LBR,2019,3.6228971
Liberia,LBR,2020,2.824108
Liberia,LBR,2021,2.6745331
Liberia,LBR,2022,3.1131845
Liberia,LBR,2023,3.1204066
Liberia,LBR,2024,3.1984782
Libya,LBY,1980,117.74105
Libya,LBY,1981,105.441795
Libya,LBY,1982,104.30162
Libya,LBY,1983,112.2893
Libya,LBY,1984,112.44579
Libya,LBY,1985,123.671646
Libya,LBY,1986,129.34796
Libya,LBY,1987,133.00182
Libya,LBY,1988,136.17917
Libya,LBY,1989,140.90173
Libya,LBY,1990,148.89038
Libya,LBY,1991,155.43633
Libya,LBY,1992,145.05077
Libya,LBY,1993,150.26828
Libya,LBY,1994,155.35966
Libya,LBY,1995,162.21967
Libya,LBY,1996,171.4456
Libya,LBY,1997,180.53589
Libya,LBY,1998,173.74141
Libya,LBY,1999,156.8417
Libya,LBY,2000,212.94627
Libya,LBY,2001,214.66045
Libya,LBY,2002,221.28316
Libya,LBY,2003,218.01628
Libya,LBY,2004,223.34732
Libya,LBY,2005,230.98123
Libya,LBY,2006,211.7974
Libya,LBY,2007,210.39842
Libya,LBY,2008,218.43175
Libya,LBY,2009,249.98701
Libya,LBY,2010,263.61108
Libya,LBY,2011,173.00896
Libya,LBY,2012,215.57082
Libya,LBY,2013,231.85658
Libya,LBY,2014,226.43884
Libya,LBY,2015,180.19568
Libya,LBY,2016,176.37566
Libya,LBY,2017,277.40228
Libya,LBY,2018,266.79407
Libya,LBY,2019,228.31154
Libya,LBY,2020,180.68373
Libya,LBY,2021,220.42639
Libya,LBY,2022,225.65427
Libya,LBY,2023,223.29716
Libya,LBY,2024,246.2529
Lithuania,LTU,1985,181.75095
Lithuania,LTU,1986,167.88167
Lithuania,LTU,1987,175.72932
Lithuania,LTU,1988,185.03714
Lithuania,LTU,1989,201.03044
Lithuania,LTU,1990,198.5392
Lithuania,LTU,1991,209.1743
Lithuania,LTU,1992,133.56816
Lithuania,LTU,1993,105.01058
Lithuania,LTU,1994,89.70213
Lithuania,LTU,1995,100.91839
Lithuania,LTU,1996,110.350876
Lithuania,LTU,1997,102.17561
Lithuania,LTU,1998,109.63686
Lithuania,LTU,1999,89.26565
Lithuania,LTU,2000,79.457695
Lithuania,LTU,2001,92.11698
Lithuania,LTU,2002,100.54226
Lithuania,LTU,2003,105.44156
Lithuania,LTU,2004,106.57531
Lithuania,LTU,2005,96.41511
Lithuania,LTU,2006,91.5369
Lithuania,LTU,2007,101.23658
Lithuania,LTU,2008,100.15276
Lithuania,LTU,2009,92.77034
Lithuania,LTU,2010,64.81777
Lithuania,LTU,2011,66.99197
Lithuania,LTU,2012,66.915825
Lithuania,LTU,2013,61.341217
Lithuania,LTU,2014,59.242237
Lithuania,LTU,2015,61.952225
Lithuania,LTU,2016,62.8776
Lithuania,LTU,2017,65.68931
Lithuania,LTU,2018,68.14535
Lithuania,LTU,2019,67.34372
Lithuania,LTU,2020,66.97662
Lithuania,LTU,2021,66.9083
Lithuania,LTU,2022,61.224445
Lithuania,LTU,2023,62.576683
Lithuania,LTU,2024,65.681656
Lithuania,LTU,2025,62.81928
Low-income countries,OWID_LIC,1980,484.38416
Low-income countries,OWID_LIC,1981,491.14212
Low-income countries,OWID_LIC,1982,513.08795
Low-income countries,OWID_LIC,1983,541.67554
Low-income countries,OWID_LIC,1984,561.9604
Low-income countries,OWID_LIC,1985,521.79205
Low-income countries,OWID_LIC,1986,518.5676
Low-income countries,OWID_LIC,1987,531.80756
Low-income countries,OWID_LIC,1988,612.4118
Low-income countries,OWID_LIC,1989,561.25793
Low-income countries,OWID_LIC,1990,585.5074
Low-income countries,OWID_LIC,1991,560.1439
Low-income countries,OWID_LIC,1992,571.24524
Low-income countries,OWID_LIC,1993,600.39233
Low-income countries,OWID_LIC,1994,595.08527
Low-income countries,OWID_LIC,1995,635.87103
Low-income countries,OWID_LIC,1996,637.09094
Low-income countries,OWID_LIC,1997,646.28656
Low-income countries,OWID_LIC,1998,635.19305
Low-income countries,OWID_LIC,1999,708.9467
Low-income countries,OWID_LIC,2000,695.8598
Low-income countries,OWID_LIC,2001,694.7729
Low-income countries,OWID_LIC,2002,711.6295
Low-income countries,OWID_LIC,2003,723.9904
Low-income countries,OWID_LIC,2004,771.8513
Low-income countries,OWID_LIC,2005,820.1331
Low-income countries,OWID_LIC,2006,838.7745
Low-income countries,OWID_LIC,2007,841.96216
Low-income countries,OWID_LIC,2008,888.37427
Low-income countries,OWID_LIC,2009,857.5121
Low-income countries,OWID_LIC,2010,875.7344
Low-income countries,OWID_LIC,2011,792.4205
Low-income countries,OWID_LIC,2012,734.3034
Low-income countries,OWID_LIC,2013,717.6188
Low-income countries,OWID_LIC,2014,714.68945
Low-income countries,OWID_LIC,2015,658.2691
Low-income countries,OWID_LIC,2016,675.47534
Low-income countries,OWID_LIC,2017,812.89185
Low-income countries,OWID_LIC,2018,824.2787
Low-income countries,OWID_LIC,2019,863.226
Low-income countries,OWID_LIC,2020,806.96185
Low-income countries,OWID_LIC,2021,819.85236
Low-income countries,OWID_LIC,2022,832.4835
Low-income countries,OWID_LIC,2023,820.21136
Low-income countries,OWID_LIC,2024,838.95514
Lower-middle-income countries,OWID_LMC,1965,952.34546
Lower-middle-income countries,OWID_LMC,1966,982.5761
Lower-middle-income countries,OWID_LMC,1967,1003.39343
Lower-middle-income countries,OWID_LMC,1968,1073.5886
Lower-middle-income countries,OWID_LMC,1969,1130.6097
Lower-middle-income countries,OWID_LMC,1970,1128.1042
Lower-middle-income countries,OWID_LMC,1971,1163.4386
Lower-middle-income countries,OWID_LMC,1972,1224.6014
Lower-middle-income countries,OWID_LMC,1973,1281.1942
Lower-middle-income countries,OWID_LMC,1974,1364.3489
Lower-middle-income countries,OWID_LMC,1975,1445.1737
Lower-middle-income countries,OWID_LMC,1976,1543.4791
Lower-middle-income countries,OWID_LMC,1977,1652.0709
Lower-middle-income countries,OWID_LMC,1978,1698.5038
Lower-middle-income countries,OWID_LMC,1979,1833.5889
Lower-middle-income countries,OWID_LMC,1980,1959.521
Lower-middle-income countries,OWID_LMC,1981,2139.8105
Lower-middle-income countries,OWID_LMC,1982,2201.424
Lower-middle-income countries,OWID_LMC,1983,2301.7024
Lower-middle-income countries,OWID_LMC,1984,2432.999
Lower-middle-income countries,OWID_LMC,1985,3013.4941
Lower-middle-income countries,OWID_LMC,1986,3177.6482
Lower-middle-income countries,OWID_LMC,1987,3343.2688
Lower-middle-income countries,OWID_LMC,1988,3540.2725
Lower-middle-income countries,OWID_LMC,1989,3773.5623
Lower-middle-income countries,OWID_LMC,1990,4006.2632
Lower-middle-income countries,OWID_LMC,1991,4120.7056
Lower-middle-income countries,OWID_LMC,1992,4302.4014
Lower-middle-income countries,OWID_LMC,1993,4416.432
Lower-middle-income countries,OWID_LMC,1994,4630.1094
Lower-middle-income countries,OWID_LMC,1995,4926.2656
Lower-middle-income countries,OWID_LMC,1996,5100.908
Lower-middle-income countries,OWID_LMC,1997,5325.7163
Lower-middle-income countries,OWID_LMC,1998,5549.6934
Lower-middle-income countries,OWID_LMC,1999,5753.6753
Lower-middle-income countries,OWID_LMC,2000,6044.3726
Lower-middle-income countries,OWID_LMC,2001,6185.327
Lower-middle-income countries,OWID_LMC,2002,6375.79
Lower-middle-income countries,OWID_LMC,2003,6468.1333
Lower-middle-income countries,OWID_LMC,2004,6937.3857
Lower-middle-income countries,OWID_LMC,2005,7276.5483
Lower-middle-income countries,OWID_LMC,2006,7628.6147
Lower-middle-income countries,OWID_LMC,2007,8176.4917
Lower-middle-income countries,OWID_LMC,2008,8568.3545
Lower-middle-income countries,OWID_LMC,2009,9083.645
Lower-middle-income countries,OWID_LMC,2010,9355.889
Lower-middle-income countries,OWID_LMC,2011,9804.856
Lower-middle-income countries,OWID_LMC,2012,10278.865
Lower-middle-income countries,OWID_LMC,2013,10481.513
Lower-middle-income countries,OWID_LMC,2014,10914.891
Lower-middle-income countries,OWID_LMC,2015,11238.505
Lower-middle-income countries,OWID_LMC,2016,11686.179
Lower-middle-income countries,OWID_LMC,2017,12076.81
Lower-middle-income countries,OWID_LMC,2018,12474.956
Lower-middle-income countries,OWID_LMC,2019,12625.705
Lower-middle-income countries,OWID_LMC,2020,11825.594
Lower-middle-income countries,OWID_LMC,2021,12933.075
Lower-middle-income countries,OWID_LMC,2022,13390.177
Lower-middle-income countries,OWID_LMC,2023,14132.599
Lower-middle-income countries,OWID_LMC,2024,14628.71
Lower-middle-income countries,OWID_LMC,2025,14823.253
Luxembourg,LUX,1965,41.63495
Luxembourg,LUX,1966,39.905045
Luxembourg,LUX,1967,39.2797
Luxembourg,LUX,1968,42.49342
Luxembourg,LUX,1969,45.767284
Luxembourg,LUX,1970,47.512512
Luxembourg,LUX,1971,45.749172
Luxembourg,LUX,1972,47.16226
Luxembourg,LUX,1973,50.016518
Luxembourg,LUX,1974,50.747276
Luxembourg,LUX,1975,42.149418
Luxembourg,LUX,1976,42.263035
Luxembourg,LUX,1977,39.36605
Luxembourg,LUX,1978,40.96875
Luxembourg,LUX,1979,42.10198
Luxembourg,LUX,1980,38.790005
Luxembourg,LUX,1981,33.139294
Luxembourg,LUX,1982,31.057222
Luxembourg,LUX,1983,29.024132
Luxembourg,LUX,1984,31.272831
Luxembourg,LUX,1985,32.14897
Luxembourg,LUX,1986,31.392887
Luxembourg,LUX,1987,29.631996
Luxembourg,LUX,1988,30.38819
Luxembourg,LUX,1989,34.976795
Luxembourg,LUX,1990,37.01224
Luxembourg,LUX,1991,39.76209
Luxembourg,LUX,1992,39.90393
Luxembourg,LUX,1993,40.435352
Luxembourg,LUX,1994,38.839546
Luxembourg,LUX,1995,33.75923
Luxembourg,LUX,1996,34.77936
Luxembourg,LUX,1997,33.987545
Luxembourg,LUX,1998,32.738396
Luxembourg,LUX,1999,34.65503
Luxembourg,LUX,2000,36.910385
Luxembourg,LUX,2001,39.587704
Luxembourg,LUX,2002,43.339325
Luxembourg,LUX,2003,45.495083
Luxembourg,LUX,2004,51.485638
Luxembourg,LUX,2005,52.24197
Luxembourg,LUX,2006,51.26631
Luxembourg,LUX,2007,49.74653
Luxembourg,LUX,2008,49.364414
Luxembourg,LUX,2009,47.24035
Luxembourg,LUX,2010,49.7756
Luxembourg,LUX,2011,48.54851
Luxembourg,LUX,2012,47.56487
Luxembourg,LUX,2013,45.200966
Luxembourg,LUX,2014,43.7729
Luxembourg,LUX,2015,42.497997
Luxembourg,LUX,2016,41.904633
Luxembourg,LUX,2017,43.61455
Luxembourg,LUX,2018,45.628754
Luxembourg,LUX,2019,46.394833
Luxembourg,LUX,2020,39.49825
Luxembourg,LUX,2021,42.17949
Luxembourg,LUX,2022,37.744637
Luxembourg,LUX,2023,36.28216
Luxembourg,LUX,2024,35.867336
Luxembourg,LUX,2025,34.087906
Macao,MAC,1980,2.0209966
Macao,MAC,1981,1.952491
Macao,MAC,1982,2.0784583
Macao,MAC,1983,2.8972447
Macao,MAC,1984,3.182806
Macao,MAC,1985,2.6293252
Macao,MAC,1986,3.7580297
Macao,MAC,1987,4.091411
Macao,MAC,1988,3.979277
Macao,MAC,1989,4.2376246
Macao,MAC,1990,4.469845
Macao,MAC,1991,4.4054017
Macao,MAC,1992,4.556105
Macao,MAC,1993,5.0007505
Macao,MAC,1994,5.337636
Macao,MAC,1995,5.5277243
Macao,MAC,1996,6.106567
Macao,MAC,1997,6.2618027
Macao,MAC,1998,6.6920238
Macao,MAC,1999,7.106243
Macao,MAC,2000,6.9008813
Macao,MAC,2001,7.283152
Macao,MAC,2002,7.8723927
Macao,MAC,2003,8.304819
Macao,MAC,2004,9.787356
Macao,MAC,2005,10.060713
Macao,MAC,2006,10.697307
Macao,MAC,2007,10.9567
Macao,MAC,2008,9.824863
Macao,MAC,2009,10.457387
Macao,MAC,2010,10.8210945
Macao,MAC,2011,10.912233
Macao,MAC,2012,11.028297
Macao,MAC,2013,11.218804
Macao,MAC,2014,12.115775
Macao,MAC,2015,12.959347
Macao,MAC,2016,13.168243
Macao,MAC,2017,16.063143
Macao,MAC,2018,13.632438
Macao,MAC,2019,14.222009
Macao,MAC,2020,12.90166
Macao,MAC,2021,12.302765
Macao,MAC,2022,12.418412
Macao,MAC,2023,13.162852
Macao,MAC,2024,13.978089
Madagascar,MDG,1980,5.217056
Madagascar,MDG,1981,4.599645
Madagascar,MDG,1982,4.0500984
Madagascar,MDG,1983,5.3092904
Madagascar,MDG,1984,5.3023515
Madagascar,MDG,1985,5.645144
Madagascar,MDG,1986,3.8281474
Madagascar,MDG,1987,5.4743423
Madagascar,MDG,1988,5.995654
Madagascar,MDG,1989,4.3114486
Madagascar,MDG,1990,4.204675
Madagascar,MDG,1991,4.389707
Madagascar,MDG,1992,4.796431
Madagascar,MDG,1993,4.8554964
Madagascar,MDG,1994,5.332697
Madagascar,MDG,1995,5.5866733
Madagascar,MDG,1996,5.657869
Madagascar,MDG,1997,5.766858
Madagascar,MDG,1998,5.7754364
Madagascar,MDG,1999,5.758304
Madagascar,MDG,2000,8.533699
Madagascar,MDG,2001,8.361478
Madagascar,MDG,2002,6.2312365
Madagascar,MDG,2003,8.139566
Madagascar,MDG,2004,8.921732
Madagascar,MDG,2005,8.585543
Madagascar,MDG,2006,8.473352
Madagascar,MDG,2007,8.971492
Madagascar,MDG,2008,9.630534
Madagascar,MDG,2009,8.287803
Madagascar,MDG,2010,8.887795
Madagascar,MDG,2011,10.162627
Madagascar,MDG,2012,12.155934
Madagascar,MDG,2013,12.70411
Madagascar,MDG,2014,13.783174
Madagascar,MDG,2015,15.1904545
Madagascar,MDG,2016,16.096052
Madagascar,MDG,2017,14.812563
Madagascar,MDG,2018,12.727455
Madagascar,MDG,2019,15.554646
Madagascar,MDG,2020,11.849581
Madagascar,MDG,2021,15.656583
Madagascar,MDG,2022,16.568317
Madagascar,MDG,2023,16.16003
Madagascar,MDG,2024,16.416204
Malawi,MWI,1980,2.75221
Malawi,MWI,1981,2.928831
Malawi,MWI,1982,2.6729846
Malawi,MWI,1983,2.3453968
Malawi,MWI,1984,2.2918744
Malawi,MWI,1985,2.6157837
Malawi,MWI,1986,2.5077336
Malawi,MWI,1987,2.565585
Malawi,MWI,1988,2.5816486
Malawi,MWI,1989,3.0247664
Malawi,MWI,1990,3.2787294
Malawi,MWI,1991,3.8503914
Malawi,MWI,1992,3.8973138
Malawi,MWI,1993,3.7774165
Malawi,MWI,1994,4.0227427
Malawi,MWI,1995,4.215615
Malawi,MWI,1996,4.2667603
Malawi,MWI,1997,4.293313
Malawi,MWI,1998,4.4077473
Malawi,MWI,1999,4.383705
Malawi,MWI,2000,4.8681397
Malawi,MWI,2001,4.6572633
Malawi,MWI,2002,4.5060396
Malawi,MWI,2003,4.794391
Malawi,MWI,2004,5.0527945
Malawi,MWI,2005,4.7233377
Malawi,MWI,2006,4.9262137
Malawi,MWI,2007,4.864562
Malawi,MWI,2008,5.6190295
Malawi,MWI,2009,5.1316338
Malawi,MWI,2010,6.2371416
Malawi,MWI,2011,6.213437
Malawi,MWI,2012,6.1938596
Malawi,MWI,2013,6.3220444
Malawi,MWI,2014,6.461761
Malawi,MWI,2015,6.182177
Malawi,MWI,2016,6.7599936
Malawi,MWI,2017,7.263868
Malawi,MWI,2018,6.83239
Malawi,MWI,2019,7.9882255
Malawi,MWI,2020,7.862423
Malawi,MWI,2021,7.850417
Malawi,MWI,2022,8.075118
Malawi,MWI,2023,8.065458
Malawi,MWI,2024,8.644736
Malaysia,MYS,1965,31.937654
Malaysia,MYS,1966,36.918255
Malaysia,MYS,1967,39.68326
Malaysia,MYS,1968,40.929306
Malaysia,MYS,1969,44.65021
Malaysia,MYS,1970,41.91073
Malaysia,MYS,1971,47.395214
Malaysia,MYS,1972,52.813786
Malaysia,MYS,1973,55.858673
Malaysia,MYS,1974,56.859604
Malaysia,MYS,1975,58.707355
Malaysia,MYS,1976,65.89467
Malaysia,MYS,1977,77.745094
Malaysia,MYS,1978,103.50012
Malaysia,MYS,1979,118.91053
Malaysia,MYS,1980,123.85465
Malaysia,MYS,1981,127.83584
Malaysia,MYS,1982,137.2201
Malaysia,MYS,1983,157.5387
Malaysia,MYS,1984,166.71721
Malaysia,MYS,1985,164.50902
Malaysia,MYS,1986,180.59479
Malaysia,MYS,1987,184.81107
Malaysia,MYS,1988,193.39116
Malaysia,MYS,1989,218.63092
Malaysia,MYS,1990,233.08209
Malaysia,MYS,1991,293.1588
Malaysia,MYS,1992,332.16672
Malaysia,MYS,1993,333.029
Malaysia,MYS,1994,351.05002
Malaysia,MYS,1995,385.78262
Malaysia,MYS,1996,428.27048
Malaysia,MYS,1997,507.28488
Malaysia,MYS,1998,486.71887
Malaysia,MYS,1999,514.64935
Malaysia,MYS,2000,597.4776
Malaysia,MYS,2001,613.9674
Malaysia,MYS,2002,648.71893
Malaysia,MYS,2003,704.4174
Malaysia,MYS,2004,761.06024
Malaysia,MYS,2005,823.7892
Malaysia,MYS,2006,832.0634
Malaysia,MYS,2007,889.0232
Malaysia,MYS,2008,918.36255
Malaysia,MYS,2009,890.47125
Malaysia,MYS,2010,921.47534
Malaysia,MYS,2011,934.5067
Malaysia,MYS,2012,1022.0378
Malaysia,MYS,2013,1065.9583
Malaysia,MYS,2014,1074.234
Malaysia,MYS,2015,1090.4178
Malaysia,MYS,2016,1138.1001
Malaysia,MYS,2017,1143.2544
Malaysia,MYS,2018,1165.3234
Malaysia,MYS,2019,1195.6129
Malaysia,MYS,2020,1148.6926
Malaysia,MYS,2021,1195.7025
Malaysia,MYS,2022,1294.8893
Malaysia,MYS,2023,1273.186
Malaysia,MYS,2024,1324.4182
Malaysia,MYS,2025,1345.9279
Maldives,MDV,1980,0.061894733
Maldives,MDV,1981,0.061725624
Maldives,MDV,1982,0.061725624
Maldives,MDV,1983,0.061725624
Maldives,MDV,1984,0.24757893
Maldives,MDV,1985,0.2469025
Maldives,MDV,1986,0.28611678
Maldives,MDV,1987,0.28611678
Maldives,MDV,1988,0.34927857
Maldives,MDV,1989,0.34842736
Maldives,MDV,1990,0.4219261
Maldives,MDV,1991,0.4219261
Maldives,MDV,1992,0.42294216
Maldives,MDV,1993,0.49351043
Maldives,MDV,1994,0.99047816
Maldives,MDV,1995,1.3611417
Maldives,MDV,1996,1.4242837
Maldives,MDV,1997,1.2304893
Maldives,MDV,1998,1.3551103
Maldives,MDV,1999,1.3551128
Maldives,MDV,2000,2.8618531
Maldives,MDV,2001,2.3996603
Maldives,MDV,2002,2.8691983
Maldives,MDV,2003,2.494432
Maldives,MDV,2004,3.2629292
Maldives,MDV,2005,2.954092
Maldives,MDV,2006,3.7435496
Maldives,MDV,2007,3.875021
Maldives,MDV,2008,4.2131248
Maldives,MDV,2009,4.4763846
Maldives,MDV,2010,4.5248046
Maldives,MDV,2011,4.8902335
Maldives,MDV,2012,6.2281113
Maldives,MDV,2013,6.568711
Maldives,MDV,2014,8.802967
Maldives,MDV,2015,6.583206
Maldives,MDV,2016,6.9783583
Maldives,MDV,2017,7.233674
Maldives,MDV,2018,5.6964273
Maldives,MDV,2019,6.2318635
Maldives,MDV,2020,5.080176
Maldives,MDV,2021,6.4707093
Maldives,MDV,2022,7.4127793
Maldives,MDV,2023,7.550491
Maldives,MDV,2024,7.7545023
Mali,MLI,1980,1.8841659
Mali,MLI,1981,2.4769928
Mali,MLI,1982,1.9012445
Mali,MLI,1983,1.9182446
Mali,MLI,1984,1.9341658
Mali,MLI,1985,2.108869
Mali,MLI,1986,1.6482245
Mali,MLI,1987,1.912783
Mali,MLI,1988,1.0974909
Mali,MLI,1989,2.0925148
Mali,MLI,1990,2.1092372
Mali,MLI,1991,2.1104977
Mali,MLI,1992,2.254908
Mali,MLI,1993,2.259359
Mali,MLI,1994,2.261359
Mali,MLI,1995,2.264359
Mali,MLI,1996,2.3868265
Mali,MLI,1997,2.397922
Mali,MLI,1998,2.457114
Mali,MLI,1999,2.4571161
Mali,MLI,2000,4.0948477
Mali,MLI,2001,4.1377673
Mali,MLI,2002,4.0042357
Mali,MLI,2003,3.8112905
Mali,MLI,2004,4.0155287
Mali,MLI,2005,4.2788863
Mali,MLI,2006,5.0927625
Mali,MLI,2007,6.1487575
Mali,MLI,2008,7.292058
Mali,MLI,2009,9.294897
Mali,MLI,2010,9.577442
Mali,MLI,2011,11.087473
Mali,MLI,2012,11.098057
Mali,MLI,2013,12.083761
Mali,MLI,2014,12.978476
Mali,MLI,2015,15.588478
Mali,MLI,2016,19.423756
Mali,MLI,2017,21.441196
Mali,MLI,2018,22.246218
Mali,MLI,2019,24.191402
Mali,MLI,2020,26.53547
Mali,MLI,2021,31.05636
Mali,MLI,2022,29.28354
Mali,MLI,2023,28.155779
Mali,MLI,2024,29.032434
Malta,MLT,1980,5.5122895
Malta,MLT,1981,6.0587378
Malta,MLT,1982,6.431523
Malta,MLT,1983,4.5624146
Malta,MLT,1984,6.444851
Malta,MLT,1985,4.4337807
Malta,MLT,1986,5.798366
Malta,MLT,1987,6.476369
Malta,MLT,1988,7.22624
Malta,MLT,1989,7.4440765
Malta,MLT,1990,8.106475
Malta,MLT,1991,8.539957
Malta,MLT,1992,8.975677
Malta,MLT,1993,9.474625
Malta,MLT,1994,10.14338
Malta,MLT,1995,9.842447
Malta,MLT,1996,10.209197
Malta,MLT,1997,10.890257
Malta,MLT,1998,11.405865
Malta,MLT,1999,12.645786
Malta,MLT,2000,18.514675
Malta,MLT,2001,20.39525
Malta,MLT,2002,19.899649
Malta,MLT,2003,23.12702
Malta,MLT,2004,24.279015
Malta,MLT,2005,20.713343
Malta,MLT,2006,21.168182
Malta,MLT,2007,23.0597
Malta,MLT,2008,23.88174
Malta,MLT,2009,25.447647
Malta,MLT,2010,30.376785
Malta,MLT,2011,28.874722
Malta,MLT,2012,27.50746
Malta,MLT,2013,26.091429
Malta,MLT,2014,26.635754
Malta,MLT,2015,29.11582
Malta,MLT,2016,32.330254
Malta,MLT,2017,36.796112
Malta,MLT,2018,38.33604
Malta,MLT,2019,39.948975
Malta,MLT,2020,37.08992
Malta,MLT,2021,35.43399
Malta,MLT,2022,37.953075
Malta,MLT,2023,40.35507
Malta,MLT,2024,36.32719
Martinique,MTQ,1980,2.7435024
Martinique,MTQ,1981,2.7360065
Martinique,MTQ,1982,2.7360065
Martinique,MTQ,1983,2.6752064
Martinique,MTQ,1984,2.377702
Martinique,MTQ,1985,2.918407
Martinique,MTQ,1986,3.040007
Martinique,MTQ,1987,3.4734535
Martinique,MTQ,1988,4.236038
Martinique,MTQ,1989,5.8513
Martinique,MTQ,1990,6.392519
Martinique,MTQ,1991,5.3418508
Martinique,MTQ,1992,5.880149
Martinique,MTQ,1993,8.011481
Martinique,MTQ,1994,7.9137106
Martinique,MTQ,1995,8.0260935
Martinique,MTQ,1996,8.048083
Martinique,MTQ,1997,8.150448
Martinique,MTQ,1998,8.088137
Martinique,MTQ,1999,8.088137
Martinique,MTQ,2000,9.408889
Martinique,MTQ,2001,9.442908
Martinique,MTQ,2002,9.8477
Martinique,MTQ,2003,9.707337
Martinique,MTQ,2004,9.73977
Martinique,MTQ,2005,9.55402
Martinique,MTQ,2006,9.555714
Martinique,MTQ,2007,9.922371
Martinique,MTQ,2008,9.969983
Martinique,MTQ,2009,9.954215
Martinique,MTQ,2010,9.9325695
Martinique,MTQ,2011,0
Martinique,MTQ,2012,0
Martinique,MTQ,2013,0
Martinique,MTQ,2014,0
Martinique,MTQ,2015,0
Martinique,MTQ,2016,0
Martinique,MTQ,2017,0
Martinique,MTQ,2018,0
Martinique,MTQ,2019,0
Martinique,MTQ,2020,0
Martinique,MTQ,2021,0
Martinique,MTQ,2022,0
Martinique,MTQ,2023,0
Martinique,MTQ,2024,0
Mauritania,MRT,1980,2.6028972
Mauritania,MRT,1981,2.483186
Mauritania,MRT,1982,2.4941523
Mauritania,MRT,1983,2.4981189
Mauritania,MRT,1984,3.71532
Mauritania,MRT,1985,3.7033632
Mauritania,MRT,1986,2.1292033
Mauritania,MRT,1987,2.935861
Mauritania,MRT,1988,3.7991507
Mauritania,MRT,1989,4.3788867
Mauritania,MRT,1990,3.929746
Mauritania,MRT,1991,4.113205
Mauritania,MRT,1992,13.445242
Mauritania,MRT,1993,13.763741
Mauritania,MRT,1994,13.721844
Mauritania,MRT,1995,13.923798
Mauritania,MRT,1996,14.08915
Mauritania,MRT,1997,14.099726
Mauritania,MRT,1998,14.159066
Mauritania,MRT,1999,14.155152
Mauritania,MRT,2000,4.982387
Mauritania,MRT,2001,5.19783
Mauritania,MRT,2002,5.5876627
Mauritania,MRT,2003,5.842412
Mauritania,MRT,2004,6.2842364
Mauritania,MRT,2005,6.55284
Mauritania,MRT,2006,6.3762956
Mauritania,MRT,2007,7.2079296
Mauritania,MRT,2008,8.880361
Mauritania,MRT,2009,8.72661
Mauritania,MRT,2010,8.656657
Mauritania,MRT,2011,9.311154
Mauritania,MRT,2012,10.324157
Mauritania,MRT,2013,9.236976
Mauritania,MRT,2014,11.10983
Mauritania,MRT,2015,11.107934
Mauritania,MRT,2016,10.389891
Mauritania,MRT,2017,15.744484
Mauritania,MRT,2018,17.335415
Mauritania,MRT,2019,18.02665
Mauritania,MRT,2020,18.517637
Mauritania,MRT,2021,17.57574
Mauritania,MRT,2022,20.27928
Mauritania,MRT,2023,19.1441
Mauritania,MRT,2024,19.677635
Mauritius,MUS,1980,3.8100412
Mauritius,MUS,1981,3.4050698
Mauritius,MUS,1982,3.3151414
Mauritius,MUS,1983,3.5669627
Mauritius,MUS,1984,3.7952354
Mauritius,MUS,1985,3.9644177
Mauritius,MUS,1986,4.992882
Mauritius,MUS,1987,4.3259735
Mauritius,MUS,1988,5.961578
Mauritius,MUS,1989,6.86464
Mauritius,MUS,1990,7.7730346
Mauritius,MUS,1991,7.8954525
Mauritius,MUS,1992,9.392462
Mauritius,MUS,1993,9.483538
Mauritius,MUS,1994,9.50726
Mauritius,MUS,1995,10.0726185
Mauritius,MUS,1996,10.156015
Mauritius,MUS,1997,10.287597
Mauritius,MUS,1998,10.555445
Mauritius,MUS,1999,11.810974
Mauritius,MUS,2000,15.943066
Mauritius,MUS,2001,16.343517
Mauritius,MUS,2002,16.008575
Mauritius,MUS,2003,16.287113
Mauritius,MUS,2004,16.788166
Mauritius,MUS,2005,18.028748
Mauritius,MUS,2006,18.90774
Mauritius,MUS,2007,19.61978
Mauritius,MUS,2008,20.06734
Mauritius,MUS,2009,19.326357
Mauritius,MUS,2010,20.876266
Mauritius,MUS,2011,21.48679
Mauritius,MUS,2012,21.633804
Mauritius,MUS,2013,21.895573
Mauritius,MUS,2014,22.541265
Mauritius,MUS,2015,23.337334
Mauritius,MUS,2016,24.280035
Mauritius,MUS,2017,26.670738
Mauritius,MUS,2018,25.131174
Mauritius,MUS,2019,25.921335
Mauritius,MUS,2020,21.875916
Mauritius,MUS,2021,21.58734
Mauritius,MUS,2022,21.503508
Mauritius,MUS,2023,22.575771
Mauritius,MUS,2024,23.95824
Mexico,MEX,1965,275.9804
Mexico,MEX,1966,290.78232
Mexico,MEX,1967,294.9893
Mexico,MEX,1968,320.02438
Mexico,MEX,1969,352.19193
Mexico,MEX,1970,374.66724
Mexico,MEX,1971,396.3119
Mexico,MEX,1972,439.18542
Mexico,MEX,1973,475.58502
Mexico,MEX,1974,528.2997
Mexico,MEX,1975,569.5818
Mexico,MEX,1976,604.2613
Mexico,MEX,1977,635.3847
Mexico,MEX,1978,725.05646
Mexico,MEX,1979,804.098
Mexico,MEX,1980,879.78455
Mexico,MEX,1981,960.809
Mexico,MEX,1982,1008.7349
Mexico,MEX,1983,1001.76294
Mexico,MEX,1984,1044.8348
Mexico,MEX,1985,1090.5178
Mexico,MEX,1986,1083.3049
Mexico,MEX,1987,1130.8022
Mexico,MEX,1988,1135.9155
Mexico,MEX,1989,1193.768
Mexico,MEX,1990,1333.0125
Mexico,MEX,1991,1385.3022
Mexico,MEX,1992,1401.2976
Mexico,MEX,1993,1399.1198
Mexico,MEX,1994,1492.858
Mexico,MEX,1995,1457.8594
Mexico,MEX,1996,1488.8931
Mexico,MEX,1997,1521.2773
Mexico,MEX,1998,1593.2523
Mexico,MEX,1999,1596.5729
Mexico,MEX,2000,1650.6266
Mexico,MEX,2001,1632.3507
Mexico,MEX,2002,1687.276
Mexico,MEX,2003,1699.0132
Mexico,MEX,2004,1788.782
Mexico,MEX,2005,1875.1793
Mexico,MEX,2006,1934.0614
Mexico,MEX,2007,1977.534
Mexico,MEX,2008,2022.7051
Mexico,MEX,2009,2012.3896
Mexico,MEX,2010,2058.3599
Mexico,MEX,2011,2148.2698
Mexico,MEX,2012,2144.4546
Mexico,MEX,2013,2170.5073
Mexico,MEX,2014,2141.1401
Mexico,MEX,2015,2186.1296
Mexico,MEX,2016,2230.1892
Mexico,MEX,2017,2270.9282
Mexico,MEX,2018,2242.347
Mexico,MEX,2019,2176.2627
Mexico,MEX,2020,1985.2687
Mexico,MEX,2021,2066.2732
Mexico,MEX,2022,2153.0854
Mexico,MEX,2023,2207.1633
Mexico,MEX,2024,2189.6467
Mexico,MEX,2025,2174.6545
Micronesia (country),FSM,1980,0
Micronesia (country),FSM,1981,0
Micronesia (country),FSM,1982,0
Micronesia (country),FSM,1983,0
Micronesia (country),FSM,1984,0
Micronesia (country),FSM,1985,0
Micronesia (country),FSM,1986,0
Micronesia (country),FSM,1987,0
Micronesia (country),FSM,1988,0
Micronesia (country),FSM,1989,0
Micronesia (country),FSM,1990,0
Micronesia (country),FSM,1991,0
Micronesia (country),FSM,1992,0
Micronesia (country),FSM,1993,0
Micronesia (country),FSM,1994,0
Micronesia (country),FSM,1995,0
Micronesia (country),FSM,1996,0
Micronesia (country),FSM,1997,0
Micronesia (country),FSM,1998,0
Micronesia (country),FSM,1999,0
Micronesia (country),FSM,2000,0.526005
Micronesia (country),FSM,2001,0.5976138
Micronesia (country),FSM,2002,0.55587876
Micronesia (country),FSM,2003,0.5995142
Micronesia (country),FSM,2004,0.57692164
Micronesia (country),FSM,2005,0.4923329
Micronesia (country),FSM,2006,0.5070448
Micronesia (country),FSM,2007,0.56544304
Micronesia (country),FSM,2008,0.4922374
Micronesia (country),FSM,2009,0.67969847
Micronesia (country),FSM,2010,0.47506195
Micronesia (country),FSM,2011,0.54879177
Micronesia (country),FSM,2012,0.61106807
Micronesia (country),FSM,2013,0.643524
Micronesia (country),FSM,2014,0.6740101
Micronesia (country),FSM,2015,0.70851934
Micronesia (country),FSM,2016,0.74949056
Micronesia (country),FSM,2017,0.75732505
Micronesia (country),FSM,2018,0.679749
Micronesia (country),FSM,2019,0.68215513
Micronesia (country),FSM,2020,0.6755845
Micronesia (country),FSM,2021,0.66756314
Micronesia (country),FSM,2022,0.6794472
Micronesia (country),FSM,2023,0.6848778
Micronesia (country),FSM,2024,0.70214933
Middle East (EI),,1965,534.1877
Middle East (EI),,1966,555.27527
Middle East (EI),,1967,586.68726
Middle East (EI),,1968,619.2819
Middle East (EI),,1969,655.564
Middle East (EI),,1970,699.6019
Middle East (EI),,1971,752.81573
Middle East (EI),,1972,809.5824
Middle East (EI),,1973,894.93854
Middle East (EI),,1974,950.8835
Middle East (EI),,1975,943.6771
Middle East (EI),,1976,1063.4384
Middle East (EI),,1977,1210.7682
Middle East (EI),,1978,1278.7374
Middle East (EI),,1979,1499.0256
Middle East (EI),,1980,1445.8918
Middle East (EI),,1981,1572.7203
Middle East (EI),,1982,1735.8884
Middle East (EI),,1983,1910.441
Middle East (EI),,1984,2160.494
Middle East (EI),,1985,2287.6028
Middle East (EI),,1986,2400.382
Middle East (EI),,1987,2551.512
Middle East (EI),,1988,2700.7842
Middle East (EI),,1989,2848.6128
Middle East (EI),,1990,2960.637
Middle East (EI),,1991,3073.809
Middle East (EI),,1992,3361.5842
Middle East (EI),,1993,3451.9211
Middle East (EI),,1994,3846.6653
Middle East (EI),,1995,3963.3748
Middle East (EI),,1996,4088.0603
Middle East (EI),,1997,4303.435
Middle East (EI),,1998,4417.6377
Middle East (EI),,1999,4510.7236
Middle East (EI),,2000,4755.164
Middle East (EI),,2001,5001.4883
Middle East (EI),,2002,5293.6724
Middle East (EI),,2003,5490.218
Middle East (EI),,2004,5950.667
Middle East (EI),,2005,6308.758
Middle East (EI),,2006,6640.7983
Middle East (EI),,2007,6951.684
Middle East (EI),,2008,7496.415
Middle East (EI),,2009,7613.1562
Middle East (EI),,2010,8192.355
Middle East (EI),,2011,8542.326
Middle East (EI),,2012,8853.471
Middle East (EI),,2013,9116.114
Middle East (EI),,2014,9440.104
Middle East (EI),,2015,9733.71
Middle East (EI),,2016,10074.356
Middle East (EI),,2017,10200.697
Middle East (EI),,2018,10242.416
Middle East (EI),,2019,10352.835
Middle East (EI),,2020,10093.159
Middle East (EI),,2021,10333.914
Middle East (EI),,2022,10818.53
Middle East (EI),,2023,11179.222
Middle East (EI),,2024,11483.014
Middle East (EI),,2025,11654.376
Moldova,MDA,1992,61.751392
Moldova,MDA,1993,45.642986
Moldova,MDA,1994,31.889935
Moldova,MDA,1995,32.54287
Moldova,MDA,1996,37.21727
Moldova,MDA,1997,40.988087
Moldova,MDA,1998,38.058563
Moldova,MDA,1999,30.986311
Moldova,MDA,2000,32.15529
Moldova,MDA,2001,32.132824
Moldova,MDA,2002,34.808826
Moldova,MDA,2003,38.719406
Moldova,MDA,2004,36.128494
Moldova,MDA,2005,39.597843
Moldova,MDA,2006,41.942974
Moldova,MDA,2007,36.432148
Moldova,MDA,2008,37.597427
Moldova,MDA,2009,33.877956
Moldova,MDA,2010,31.973734
Moldova,MDA,2011,32.458
Moldova,MDA,2012,44.792362
Moldova,MDA,2013,43.975277
Moldova,MDA,2014,42.027813
Moldova,MDA,2015,37.60899
Moldova,MDA,2016,37.65326
Moldova,MDA,2017,38.100723
Moldova,MDA,2018,40.69868
Moldova,MDA,2019,41.27337
Moldova,MDA,2020,39.90062
Moldova,MDA,2021,43.855095
Moldova,MDA,2022,38.369827
Moldova,MDA,2023,31.630365
Moldova,MDA,2024,35.96192
Mongolia,MNG,1980,18.584278
Mongolia,MNG,1981,16.81407
Mongolia,MNG,1982,20.681946
Mongolia,MNG,1983,20.844011
Mongolia,MNG,1984,20.98655
Mongolia,MNG,1985,23.574553
Mongolia,MNG,1986,25.462305
Mongolia,MNG,1987,26.495441
Mongolia,MNG,1988,27.69761
Mongolia,MNG,1989,26.365145
Mongolia,MNG,1990,24.312515
Mongolia,MNG,1991,24.205399
Mongolia,MNG,1992,21.813675
Mongolia,MNG,1993,20.17795
Mongolia,MNG,1994,19.4392
Mongolia,MNG,1995,18.760574
Mongolia,MNG,1996,19.03313
Mongolia,MNG,1997,15.437248
Mongolia,MNG,1998,16.325785
Mongolia,MNG,1999,16.393478
Mongolia,MNG,2000,16.994467
Mongolia,MNG,2001,16.8602
Mongolia,MNG,2002,17.97225
Mongolia,MNG,2003,17.832136
Mongolia,MNG,2004,19.701454
Mongolia,MNG,2005,20.354132
Mongolia,MNG,2006,21.479235
Mongolia,MNG,2007,23.825113
Mongolia,MNG,2008,25.122793
Mongolia,MNG,2009,26.632519
Mongolia,MNG,2010,33.080605
Mongolia,MNG,2011,35.16383
Mongolia,MNG,2012,41.8098
Mongolia,MNG,2013,47.48916
Mongolia,MNG,2014,48.97481
Mongolia,MNG,2015,46.822666
Mongolia,MNG,2016,47.327854
Mongolia,MNG,2017,52.029003
Mongolia,MNG,2018,56.914757
Mongolia,MNG,2019,62.50459
Mongolia,MNG,2020,62.500416
Mongolia,MNG,2021,60.84205
Mongolia,MNG,2022,52.860455
Mongolia,MNG,2023,72.67856
Mongolia,MNG,2024,76.83397
Montenegro,MNE,2006,12.274554
Montenegro,MNE,2007,11.938826
Montenegro,MNE,2008,13.055877
Montenegro,MNE,2009,9.7434225
Montenegro,MNE,2010,11.770457
Montenegro,MNE,2011,11.672453
Montenegro,MNE,2012,10.865919
Montenegro,MNE,2013,10.074314
Montenegro,MNE,2014,9.872371
Montenegro,MNE,2015,10.784399
Montenegro,MNE,2016,10.210767
Montenegro,MNE,2017,10.544558
Montenegro,MNE,2018,11.13921
Montenegro,MNE,2019,11.317014
Montenegro,MNE,2020,10.312949
Montenegro,MNE,2021,11.12229
Montenegro,MNE,2022,11.345717
Montenegro,MNE,2023,11.659102
Montenegro,MNE,2024,11.825044
Montserrat,MSR,1980,0.062481288
Montserrat,MSR,1981,0.062310576
Montserrat,MSR,1982,0.062310576
Montserrat,MSR,1983,0.062310576
Montserrat,MSR,1984,0.062481288
Montserrat,MSR,1985,0.12462115
Montserrat,MSR,1986,0.050938893
Montserrat,MSR,1987,0.06377903
Montserrat,MSR,1988,0.0637859
Montserrat,MSR,1989,0.06377903
Montserrat,MSR,1990,0.07515071
Montserrat,MSR,1991,0.13134255
Montserrat,MSR,1992,0.13167198
Montserrat,MSR,1993,0.13134255
Montserrat,MSR,1994,0.13134255
Montserrat,MSR,1995,0.19365312
Montserrat,MSR,1996,0.19415328
Montserrat,MSR,1997,0.19365312
Montserrat,MSR,1998,0.19365312
Montserrat,MSR,1999,0.19365802
Montserrat,MSR,2000,0.11631389
Montserrat,MSR,2001,0.11631389
Montserrat,MSR,2002,0.16765162
Montserrat,MSR,2003,0.16765162
Montserrat,MSR,2004,0.16765162
Montserrat,MSR,2005,0.16765162
Montserrat,MSR,2006,0.16765162
Montserrat,MSR,2007,0.18635729
Montserrat,MSR,2008,0.23925507
Montserrat,MSR,2009,0.2023005
Montserrat,MSR,2010,0.2703093
Montserrat,MSR,2011,0.186859
Montserrat,MSR,2012,0.18127958
Montserrat,MSR,2013,0.22841482
Montserrat,MSR,2014,0.21329181
Montserrat,MSR,2015,0.24004279
Montserrat,MSR,2016,0.13693617
Montserrat,MSR,2017,0.12300661
Montserrat,MSR,2018,0.12593265
Montserrat,MSR,2019,0.10524475
Montserrat,MSR,2020,0.103243075
Montserrat,MSR,2021,0.104636416
Montserrat,MSR,2022,0.11968562
Montserrat,MSR,2023,0.10501449
Montserrat,MSR,2024,0.18764912
Morocco,MAR,1965,15.387132
Morocco,MAR,1966,21.322498
Morocco,MAR,1967,22.815834
Morocco,MAR,1968,24.381811
Morocco,MAR,1969,26.331852
Morocco,MAR,1970,27.74098
Morocco,MAR,1971,29.305344
Morocco,MAR,1972,31.766653
Morocco,MAR,1973,36.423466
Morocco,MAR,1974,38.81415
Morocco,MAR,1975,40.121822
Morocco,MAR,1976,43.686195
Morocco,MAR,1977,48.51923
Morocco,MAR,1978,51.566147
Morocco,MAR,1979,57.50686
Morocco,MAR,1980,57.810673
Morocco,MAR,1981,56.946304
Morocco,MAR,1982,59.630085
Morocco,MAR,1983,61.42983
Morocco,MAR,1984,62.48767
Morocco,MAR,1985,64.35168
Morocco,MAR,1986,66.2768
Morocco,MAR,1987,67.95054
Morocco,MAR,1988,71.6551
Morocco,MAR,1989,78.58283
Morocco,MAR,1990,80.36824
Morocco,MAR,1991,81.40454
Morocco,MAR,1992,91.89278
Morocco,MAR,1993,93.89895
Morocco,MAR,1994,102.810555
Morocco,MAR,1995,101.25611
Morocco,MAR,1996,103.28374
Morocco,MAR,1997,107.27738
Morocco,MAR,1998,110.73413
Morocco,MAR,1999,116.8775
Morocco,MAR,2000,115.93301
Morocco,MAR,2001,124.83569
Morocco,MAR,2002,128.10406
Morocco,MAR,2003,127.325195
Morocco,MAR,2004,145.1943
Morocco,MAR,2005,159.15166
Morocco,MAR,2006,162.51337
Morocco,MAR,2007,161.06993
Morocco,MAR,2008,177.93321
Morocco,MAR,2009,170.48415
Morocco,MAR,2010,187.62912
Morocco,MAR,2011,200.00314
Morocco,MAR,2012,204.31242
Morocco,MAR,2013,207.0775
Morocco,MAR,2014,210.93848
Morocco,MAR,2015,213.39262
Morocco,MAR,2016,215.51376
Morocco,MAR,2017,226.10078
Morocco,MAR,2018,231.14255
Morocco,MAR,2019,251.50014
Morocco,MAR,2020,231.05396
Morocco,MAR,2021,256.3584
Morocco,MAR,2022,255.26668
Morocco,MAR,2023,257.0557
Morocco,MAR,2024,262.75238
Morocco,MAR,2025,275.6354
Mozambique,MOZ,1980,21.387827
Mozambique,MOZ,1981,10.154304
Mozambique,MOZ,1982,10.653011
Mozambique,MOZ,1983,13.134994
Mozambique,MOZ,1984,7.7033114
Mozambique,MOZ,1985,8.244994
Mozambique,MOZ,1986,4.4396863
Mozambique,MOZ,1987,4.5129957
Mozambique,MOZ,1988,6.521909
Mozambique,MOZ,1989,5.248208
Mozambique,MOZ,1990,4.8886642
Mozambique,MOZ,1991,4.948684
Mozambique,MOZ,1992,4.880214
Mozambique,MOZ,1993,5.2804585
Mozambique,MOZ,1994,5.041188
Mozambique,MOZ,1995,5.3279977
Mozambique,MOZ,1996,5.458119
Mozambique,MOZ,1997,5.6398582
Mozambique,MOZ,1998,6.438091
Mozambique,MOZ,1999,7.6084337
Mozambique,MOZ,2000,10.22399
Mozambique,MOZ,2001,13.692515
Mozambique,MOZ,2002,13.0278635
Mozambique,MOZ,2003,17.186651
Mozambique,MOZ,2004,17.855442
Mozambique,MOZ,2005,18.772896
Mozambique,MOZ,2006,20.317484
Mozambique,MOZ,2007,23.30167
Mozambique,MOZ,2008,22.102163
Mozambique,MOZ,2009,23.234339
Mozambique,MOZ,2010,23.722454
Mozambique,MOZ,2011,30.450054
Mozambique,MOZ,2012,38.9856
Mozambique,MOZ,2013,44.293755
Mozambique,MOZ,2014,49.13385
Mozambique,MOZ,2015,52.85393
Mozambique,MOZ,2016,58.414284
Mozambique,MOZ,2017,61.81017
Mozambique,MOZ,2018,47.170113
Mozambique,MOZ,2019,49.31018
Mozambique,MOZ,2020,45.507397
Mozambique,MOZ,2021,52.4958
Mozambique,MOZ,2022,56.217384
Mozambique,MOZ,2023,56.658672
Mozambique,MOZ,2024,61.014595
Myanmar,MMR,1980,18.639996
Myanmar,MMR,1981,19.121346
Myanmar,MMR,1982,21.07428
Myanmar,MMR,1983,21.44675
Myanmar,MMR,1984,23.473183
Myanmar,MMR,1985,23.73731
Myanmar,MMR,1986,24.126705
Myanmar,MMR,1987,23.876875
Myanmar,MMR,1988,23.090588
Myanmar,MMR,1989,23.571075
Myanmar,MMR,1990,22.703976
Myanmar,MMR,1991,22.348417
Myanmar,MMR,1992,22.962147
Myanmar,MMR,1993,24.386782
Myanmar,MMR,1994,29.28982
Myanmar,MMR,1995,31.24425
Myanmar,MMR,1996,31.530134
Myanmar,MMR,1997,33.795174
Myanmar,MMR,1998,39.261784
Myanmar,MMR,1999,39.644356
Myanmar,MMR,2000,44.32251
Myanmar,MMR,2001,40.69191
Myanmar,MMR,2002,46.993366
Myanmar,MMR,2003,53.48506
Myanmar,MMR,2004,56.256927
Myanmar,MMR,2005,72.703964
Myanmar,MMR,2006,67.762184
Myanmar,MMR,2007,73.11686
Myanmar,MMR,2008,65.76258
Myanmar,MMR,2009,57.912445
Myanmar,MMR,2010,60.236977
Myanmar,MMR,2011,61.27362
Myanmar,MMR,2012,75.68653
Myanmar,MMR,2013,87.86113
Myanmar,MMR,2014,105.41565
Myanmar,MMR,2015,96.81205
Myanmar,MMR,2016,113.376335
Myanmar,MMR,2017,148.843
Myanmar,MMR,2018,155.30649
Myanmar,MMR,2019,151.75627
Myanmar,MMR,2020,157.1142
Myanmar,MMR,2021,147.30489
Myanmar,MMR,2022,134.01701
Myanmar,MMR,2023,129.03851
Myanmar,MMR,2024,140.26463
Namibia,NAM,1990,10.158505
Namibia,NAM,1991,5.397102
Namibia,NAM,1992,5.0215225
Namibia,NAM,1993,6.3149657
Namibia,NAM,1994,6.0204577
Namibia,NAM,1995,7.2008553
Namibia,NAM,1996,7.4739285
Namibia,NAM,1997,7.673256
Namibia,NAM,1998,7.8000255
Namibia,NAM,1999,10.748919
Namibia,NAM,2000,10.105662
Namibia,NAM,2001,11.981984
Namibia,NAM,2002,10.869355
Namibia,NAM,2003,11.524471
Namibia,NAM,2004,12.225899
Namibia,NAM,2005,13.201265
Namibia,NAM,2006,13.187894
Namibia,NAM,2007,13.794172
Namibia,NAM,2008,14.810625
Namibia,NAM,2009,15.364492
Namibia,NAM,2010,16.247696
Namibia,NAM,2011,16.788832
Namibia,NAM,2012,17.28713
Namibia,NAM,2013,18.233881
Namibia,NAM,2014,19.17186
Namibia,NAM,2015,20.23038
Namibia,NAM,2016,20.518967
Namibia,NAM,2017,20.710876
Namibia,NAM,2018,20.865578
Namibia,NAM,2019,20.358662
Namibia,NAM,2020,19.076698
Namibia,NAM,2021,19.108063
Namibia,NAM,2022,17.979729
Namibia,NAM,2023,18.654058
Namibia,NAM,2024,18.96152
Nauru,NRU,1980,0.5852524
Nauru,NRU,1981,0.5836534
Nauru,NRU,1982,0.5836534
Nauru,NRU,1983,0.5836534
Nauru,NRU,1984,0.5852524
Nauru,NRU,1985,0.5836534
Nauru,NRU,1986,0.55856276
Nauru,NRU,1987,0.55856276
Nauru,NRU,1988,0.5599868
Nauru,NRU,1989,0.55856276
Nauru,NRU,1990,0.55856276
Nauru,NRU,1991,0.55856276
Nauru,NRU,1992,0.5599868
Nauru,NRU,1993,0.55856276
Nauru,NRU,1994,0.55856276
Nauru,NRU,1995,0.6258154
Nauru,NRU,1996,0.6274237
Nauru,NRU,1997,0.6258154
Nauru,NRU,1998,0.6258154
Nauru,NRU,1999,0.62581855
Nauru,NRU,2000,0.4577797
Nauru,NRU,2001,0.41491455
Nauru,NRU,2002,0.38946587
Nauru,NRU,2003,0.3491558
Nauru,NRU,2004,0.32768306
Nauru,NRU,2005,0.32111254
Nauru,NRU,2006,0.23380356
Nauru,NRU,2007,0.22770941
Nauru,NRU,2008,0.23160581
Nauru,NRU,2009,0.22512592
Nauru,NRU,2010,0.23729913
Nauru,NRU,2011,0.23325795
Nauru,NRU,2012,0.24751909
Nauru,NRU,2013,0.28915864
Nauru,NRU,2014,0.31222984
Nauru,NRU,2015,0.33247903
Nauru,NRU,2016,0.3648832
Nauru,NRU,2017,0.28521916
Nauru,NRU,2018,0.32269827
Nauru,NRU,2019,0.3187219
Nauru,NRU,2020,0.31158918
Nauru,NRU,2021,0.32299215
Nauru,NRU,2022,0.328665
Nauru,NRU,2023,0.34181193
Nauru,NRU,2024,0.3833914
Nepal,NPL,1980,1.835414
Nepal,NPL,1981,1.7706323
Nepal,NPL,1982,2.4332418
Nepal,NPL,1983,2.6127787
Nepal,NPL,1984,2.6162164
Nepal,NPL,1985,2.3432472
Nepal,NPL,1986,3.18422
Nepal,NPL,1987,3.5256033
Nepal,NPL,1988,3.46301
Nepal,NPL,1989,3.5064554
Nepal,NPL,1990,3.7480218
Nepal,NPL,1991,4.467617
Nepal,NPL,1992,4.980727
Nepal,NPL,1993,5.062948
Nepal,NPL,1994,5.776577
Nepal,NPL,1995,6.1370773
Nepal,NPL,1996,7.220829
Nepal,NPL,1997,8.260626
Nepal,NPL,1998,10.369236
Nepal,NPL,1999,11.444376
Nepal,NPL,2000,11.497297
Nepal,NPL,2001,11.928814
Nepal,NPL,2002,12.095617
Nepal,NPL,2003,12.811892
Nepal,NPL,2004,12.574345
Nepal,NPL,2005,13.026198
Nepal,NPL,2006,12.433056
Nepal,NPL,2007,12.21767
Nepal,NPL,2008,14.072479
Nepal,NPL,2009,16.383762
Nepal,NPL,2010,17.683733
Nepal,NPL,2011,18.739851
Nepal,NPL,2012,20.153275
Nepal,NPL,2013,21.680906
Nepal,NPL,2014,23.470415
Nepal,NPL,2015,21.088612
Nepal,NPL,2016,32.492287
Nepal,NPL,2017,37.348503
Nepal,NPL,2018,41.98377
Nepal,NPL,2019,36.38938
Nepal,NPL,2020,45.60831
Nepal,NPL,2021,48.148914
Nepal,NPL,2022,54.093533
Nepal,NPL,2023,49.871532
Nepal,NPL,2024,52.66566
Netherlands,NLD,1965,413.96008
Netherlands,NLD,1966,443.37744
Netherlands,NLD,1967,468.80005
Netherlands,NLD,1968,524.3985
Netherlands,NLD,1969,584.8475
Netherlands,NLD,1970,659.8687
Netherlands,NLD,1971,695.84985
Netherlands,NLD,1972,808.20105
Netherlands,NLD,1973,859.8953
Netherlands,NLD,1974,816.58905
Netherlands,NLD,1975,823.35846
Netherlands,NLD,1976,898.0286
Netherlands,NLD,1977,881.88916
Netherlands,NLD,1978,899.7673
Netherlands,NLD,1979,929.3661
Netherlands,NLD,1980,872.8391
Netherlands,NLD,1981,827.6296
Netherlands,NLD,1982,765.12427
Netherlands,NLD,1983,768.7214
Netherlands,NLD,1984,798.0816
Netherlands,NLD,1985,823.5226
Netherlands,NLD,1986,864.35565
Netherlands,NLD,1987,882.0003
Netherlands,NLD,1988,884.90845
Netherlands,NLD,1989,888.96954
Netherlands,NLD,1990,929.76404
Netherlands,NLD,1991,967.0018
Netherlands,NLD,1992,963.4553
Netherlands,NLD,1993,974.89886
Netherlands,NLD,1994,978.82025
Netherlands,NLD,1995,1002.78656
Netherlands,NLD,1996,1058.0676
Netherlands,NLD,1997,1037.346
Netherlands,NLD,1998,1042.7805
Netherlands,NLD,1999,1032.1626
Netherlands,NLD,2000,1045.639
Netherlands,NLD,2001,1081.3761
Netherlands,NLD,2002,1090.6083
Netherlands,NLD,2003,1110.9125
Netherlands,NLD,2004,1138.498
Netherlands,NLD,2005,1141.4381
Netherlands,NLD,2006,1133.9855
Netherlands,NLD,2007,1141.9696
Netherlands,NLD,2008,1128.4375
Netherlands,NLD,2009,1103.3284
Netherlands,NLD,2010,1163.5837
Netherlands,NLD,2011,1106.2853
Netherlands,NLD,2012,1086.7938
Netherlands,NLD,2013,1052.3242
Netherlands,NLD,2014,1005.84033
Netherlands,NLD,2015,1012.75214
Netherlands,NLD,2016,1028.56
Netherlands,NLD,2017,1031.7133
Netherlands,NLD,2018,1003.62225
Netherlands,NLD,2019,994.9252
Netherlands,NLD,2020,950.75244
Netherlands,NLD,2021,968.0181
Netherlands,NLD,2022,888.7634
Netherlands,NLD,2023,860.03284
Netherlands,NLD,2024,875.3463
Netherlands,NLD,2025,878.9999
Netherlands Antilles,ANT,1980,69.9298
Netherlands Antilles,ANT,1981,63.98049
Netherlands Antilles,ANT,1982,60.781467
Netherlands Antilles,ANT,1983,56.94264
Netherlands Antilles,ANT,1984,54.532413
Netherlands Antilles,ANT,1985,45.42615
Netherlands Antilles,ANT,1986,44.402462
Netherlands Antilles,ANT,1987,44.559654
Netherlands Antilles,ANT,1988,42.095547
Netherlands Antilles,ANT,1989,44.060196
Netherlands Antilles,ANT,1990,43.106636
Netherlands Antilles,ANT,1991,41.08786
Netherlands Antilles,ANT,1992,40.61171
Netherlands Antilles,ANT,1993,40.59772
Netherlands Antilles,ANT,1994,41.971806
Netherlands Antilles,ANT,1995,44.67248
Netherlands Antilles,ANT,1996,44.17272
Netherlands Antilles,ANT,1997,46.804283
Netherlands Antilles,ANT,1998,47.370308
Netherlands Antilles,ANT,1999,46.29278
Netherlands Antilles,ANT,2000,54.645676
Netherlands Antilles,ANT,2001,56.1868
Netherlands Antilles,ANT,2002,54.629257
Netherlands Antilles,ANT,2003,54.246387
Netherlands Antilles,ANT,2004,56.287964
Netherlands Antilles,ANT,2005,58.34417
Netherlands Antilles,ANT,2006,58.741776
Netherlands Antilles,ANT,2007,62.12723
Netherlands Antilles,ANT,2008,62.00753
Netherlands Antilles,ANT,2009,59.498604
Netherlands Antilles,ANT,2010,51.308468
Netherlands Antilles,ANT,2011,57.850723
Netherlands Antilles,ANT,2012,53.744343
Netherlands Antilles,ANT,2013,53.90445
Netherlands Antilles,ANT,2014,54.419743
Netherlands Antilles,ANT,2015,55.78043
Netherlands Antilles,ANT,2016,56.28774
Netherlands Antilles,ANT,2017,56.726566
Netherlands Antilles,ANT,2018,32.622677
Netherlands Antilles,ANT,2019,30.483776
Netherlands Antilles,ANT,2020,24.381556
Netherlands Antilles,ANT,2021,25.617344
Netherlands Antilles,ANT,2022,27.632626
Netherlands Antilles,ANT,2023,29.389412
Netherlands Antilles,ANT,2024,29.406425
New Caledonia,NCL,1980,7.2610207
New Caledonia,NCL,1981,6.950844
New Caledonia,NCL,1982,5.1431017
New Caledonia,NCL,1983,4.6469054
New Caledonia,NCL,1984,5.429292
New Caledonia,NCL,1985,5.6310744
New Caledonia,NCL,1986,5.840986
New Caledonia,NCL,1987,6.0585694
New Caledonia,NCL,1988,6.0523014
New Caledonia,NCL,1989,6.701446
New Caledonia,NCL,1990,6.5755
New Caledonia,NCL,1991,6.8798895
New Caledonia,NCL,1992,7.1081038
New Caledonia,NCL,1993,7.0030856
New Caledonia,NCL,1994,7.1744585
New Caledonia,NCL,1995,7.1057396
New Caledonia,NCL,1996,7.2018933
New Caledonia,NCL,1997,6.7435813
New Caledonia,NCL,1998,6.8291836
New Caledonia,NCL,1999,6.835561
New Caledonia,NCL,2000,9.143675
New Caledonia,NCL,2001,8.840135
New Caledonia,NCL,2002,9.728258
New Caledonia,NCL,2003,10.582062
New Caledonia,NCL,2004,10.238272
New Caledonia,NCL,2005,11.25657
New Caledonia,NCL,2006,11.154452
New Caledonia,NCL,2007,11.80651
New Caledonia,NCL,2008,11.750631
New Caledonia,NCL,2009,11.933344
New Caledonia,NCL,2010,14.25004
New Caledonia,NCL,2011,13.891296
New Caledonia,NCL,2012,14.771785
New Caledonia,NCL,2013,15.782828
New Caledonia,NCL,2014,18.588524
New Caledonia,NCL,2015,18.96444
New Caledonia,NCL,2016,20.495644
New Caledonia,NCL,2017,19.587341
New Caledonia,NCL,2018,21.838312
New Caledonia,NCL,2019,20.669764
New Caledonia,NCL,2020,19.2247
New Caledonia,NCL,2021,17.065323
New Caledonia,NCL,2022,18.125956
New Caledonia,NCL,2023,18.377487
New Caledonia,NCL,2024,14.049532
New Zealand,NZL,1965,75.26631
New Zealand,NZL,1966,79.13691
New Zealand,NZL,1967,77.5041
New Zealand,NZL,1968,79.7105
New Zealand,NZL,1969,81.80969
New Zealand,NZL,1970,90.130615
New Zealand,NZL,1971,91.628525
New Zealand,NZL,1972,97.36914
New Zealand,NZL,1973,102.33514
New Zealand,NZL,1974,105.05174
New Zealand,NZL,1975,104.07071
New Zealand,NZL,1976,110.1393
New Zealand,NZL,1977,113.82005
New Zealand,NZL,1978,110.81984
New Zealand,NZL,1979,106.443375
New Zealand,NZL,1980,105.56841
New Zealand,NZL,1981,104.944984
New Zealand,NZL,1982,112.23323
New Zealand,NZL,1983,114.99995
New Zealand,NZL,1984,123.35093
New Zealand,NZL,1985,124.966576
New Zealand,NZL,1986,132.86855
New Zealand,NZL,1987,134.92459
New Zealand,NZL,1988,139.57916
New Zealand,NZL,1989,147.82886
New Zealand,NZL,1990,156.78989
New Zealand,NZL,1991,161.51556
New Zealand,NZL,1992,165.15479
New Zealand,NZL,1993,167.07205
New Zealand,NZL,1994,172.27328
New Zealand,NZL,1995,176.2484
New Zealand,NZL,1996,181.97
New Zealand,NZL,1997,188.41063
New Zealand,NZL,1998,186.28606
New Zealand,NZL,1999,194.74886
New Zealand,NZL,2000,202.14607
New Zealand,NZL,2001,205.32594
New Zealand,NZL,2002,207.29132
New Zealand,NZL,2003,202.52908
New Zealand,NZL,2004,202.6799
New Zealand,NZL,2005,206.79077
New Zealand,NZL,2006,209.80943
New Zealand,NZL,2007,210.14365
New Zealand,NZL,2008,218.10751
New Zealand,NZL,2009,218.6951
New Zealand,NZL,2010,231.12025
New Zealand,NZL,2011,233.9
New Zealand,NZL,2012,241.39758
New Zealand,NZL,2013,246.31152
New Zealand,NZL,2014,258.88196
New Zealand,NZL,2015,264.60287
New Zealand,NZL,2016,268.56805
New Zealand,NZL,2017,275.13623
New Zealand,NZL,2018,272.20456
New Zealand,NZL,2019,278.9636
New Zealand,NZL,2020,257.27554
New Zealand,NZL,2021,254.67978
New Zealand,NZL,2022,248.58086
New Zealand,NZL,2023,252.53673
New Zealand,NZL,2024,258.02966
New Zealand,NZL,2025,261.119
Nicaragua,NIC,1980,8.630261
Nicaragua,NIC,1981,8.600842
Nicaragua,NIC,1982,8.633976
Nicaragua,NIC,1983,8.686793
Nicaragua,NIC,1984,8.210063
Nicaragua,NIC,1985,9.371785
Nicaragua,NIC,1986,9.155588
Nicaragua,NIC,1987,9.354182
Nicaragua,NIC,1988,9.5387335
Nicaragua,NIC,1989,9.704182
Nicaragua,NIC,1990,9.18654
Nicaragua,NIC,1991,8.696305
Nicaragua,NIC,1992,10.180453
Nicaragua,NIC,1993,10.198762
Nicaragua,NIC,1994,10.725494
Nicaragua,NIC,1995,11.633042
Nicaragua,NIC,1996,12.352738
Nicaragua,NIC,1997,12.954223
Nicaragua,NIC,1998,14.51272
Nicaragua,NIC,1999,15.462648
Nicaragua,NIC,2000,15.977468
Nicaragua,NIC,2001,16.666485
Nicaragua,NIC,2002,16.715683
Nicaragua,NIC,2003,17.73405
Nicaragua,NIC,2004,18.634275
Nicaragua,NIC,2005,18.796854
Nicaragua,NIC,2006,19.09247
Nicaragua,NIC,2007,20.078224
Nicaragua,NIC,2008,19.34519
Nicaragua,NIC,2009,19.65373
Nicaragua,NIC,2010,19.88155
Nicaragua,NIC,2011,21.087746
Nicaragua,NIC,2012,20.729073
Nicaragua,NIC,2013,21.391092
Nicaragua,NIC,2014,22.44629
Nicaragua,NIC,2015,25.17821
Nicaragua,NIC,2016,25.213491
Nicaragua,NIC,2017,25.203371
Nicaragua,NIC,2018,23.764631
Nicaragua,NIC,2019,24.725555
Nicaragua,NIC,2020,22.832567
Nicaragua,NIC,2021,25.16827
Nicaragua,NIC,2022,25.711117
Nicaragua,NIC,2023,26.351572
Nicaragua,NIC,2024,26.438637
Niger,NER,1980,2.639312
Niger,NER,1981,2.723991
Niger,NER,1982,2.8269806
Niger,NER,1983,2.7317543
Niger,NER,1984,2.8433933
Niger,NER,1985,2.844341
Niger,NER,1986,2.4089055
Niger,NER,1987,2.6049013
Niger,NER,1988,3.680212
Niger,NER,1989,3.7713096
Niger,NER,1990,3.7301812
Niger,NER,1991,3.7755542
Niger,NER,1992,3.6855428
Niger,NER,1993,3.8819888
Niger,NER,1994,3.920531
Niger,NER,1995,4.040052
Niger,NER,1996,4.0600514
Niger,NER,1997,4.080621
Niger,NER,1998,4.235751
Niger,NER,1999,3.9431038
Niger,NER,2000,3.317454
Niger,NER,2001,3.248509
Niger,NER,2002,3.454563
Niger,NER,2003,3.7986732
Niger,NER,2004,4.167837
Niger,NER,2005,3.9301305
Niger,NER,2006,3.9110572
Niger,NER,2007,4.2548413
Niger,NER,2008,4.729786
Niger,NER,2009,5.5680766
Niger,NER,2010,6.891004
Niger,NER,2011,6.914141
Niger,NER,2012,9.173971
Niger,NER,2013,10.3241
Niger,NER,2014,9.79685
Niger,NER,2015,10.345922
Niger,NER,2016,9.659061
Niger,NER,2017,9.389671
Niger,NER,2018,8.47201
Niger,NER,2019,12.288597
Niger,NER,2020,12.39821
Niger,NER,2021,11.251253
Niger,NER,2022,13.527168
Niger,NER,2023,14.793402
Niger,NER,2024,13.817145
Nigeria,NGA,1980,116.95822
Nigeria,NGA,1981,146.00766
Nigeria,NGA,1982,146.89717
Nigeria,NGA,1983,148.01225
Nigeria,NGA,1984,158.71999
Nigeria,NGA,1985,169.30699
Nigeria,NGA,1986,164.13889
Nigeria,NGA,1987,174.51772
Nigeria,NGA,1988,186.25883
Nigeria,NGA,1989,201.94217
Nigeria,NGA,1990,195.42033
Nigeria,NGA,1991,212.5294
Nigeria,NGA,1992,218.11304
Nigeria,NGA,1993,222.6452
Nigeria,NGA,1994,206.85268
Nigeria,NGA,1995,231.43091
Nigeria,NGA,1996,237.36899
Nigeria,NGA,1997,237.48766
Nigeria,NGA,1998,226.95126
Nigeria,NGA,1999,227.02567
Nigeria,NGA,2000,215.3653
Nigeria,NGA,2001,244.25565
Nigeria,NGA,2002,250.95226
Nigeria,NGA,2003,267.12958
Nigeria,NGA,2004,276.61386
Nigeria,NGA,2005,304.85223
Nigeria,NGA,2006,274.02353
Nigeria,NGA,2007,251.88875
Nigeria,NGA,2008,310.30664
Nigeria,NGA,2009,196.34317
Nigeria,NGA,2010,240.84537
Nigeria,NGA,2011,346.6919
Nigeria,NGA,2012,350.17035
Nigeria,NGA,2013,453.33252
Nigeria,NGA,2014,494.19244
Nigeria,NGA,2015,468.83652
Nigeria,NGA,2016,473.30222
Nigeria,NGA,2017,457.56308
Nigeria,NGA,2018,488.55933
Nigeria,NGA,2019,512.4528
Nigeria,NGA,2020,482.7951
Nigeria,NGA,2021,521.9867
Nigeria,NGA,2022,527.3523
Nigeria,NGA,2023,500.10828
Nigeria,NGA,2024,514.9063
Niue,NIU,1980,0.012496257
Niue,NIU,1981,0.012462115
Niue,NIU,1982,0.012462115
Niue,NIU,1983,0.012462115
Niue,NIU,1984,0.012496257
Niue,NIU,1985,0.012736281
Niue,NIU,1986,0.01273005
Niue,NIU,1987,0.01273005
Niue,NIU,1988,0.012733686
Niue,NIU,1989,0.01273005
Niue,NIU,1990,0.01273005
Niue,NIU,1991,0.01273005
Niue,NIU,1992,0.012733686
Niue,NIU,1993,0.01273005
Niue,NIU,1994,0.01273005
Niue,NIU,1995,0.01273005
Niue,NIU,1996,0.012733686
Niue,NIU,1997,0.01273005
Niue,NIU,1998,0.01273005
Niue,NIU,1999,0.012735257
Niue,NIU,2000,0.028383922
Niue,NIU,2001,0.029088384
Niue,NIU,2002,0.02806333
Niue,NIU,2003,0.026345829
Niue,NIU,2004,0.026293574
Niue,NIU,2005,0.027183361
Niue,NIU,2006,0.026917277
Niue,NIU,2007,0.02484275
Niue,NIU,2008,0.039290424
Niue,NIU,2009,0.025858635
Niue,NIU,2010,0.024091564
Niue,NIU,2011,0.026788
Niue,NIU,2012,0.026396567
Niue,NIU,2013,0.028376363
Niue,NIU,2014,0.02931271
Niue,NIU,2015,0.031706557
Niue,NIU,2016,0.03051538
Niue,NIU,2017,0.029752932
Niue,NIU,2018,0.030702125
Niue,NIU,2019,0.03290309
Niue,NIU,2020,0.032756552
Niue,NIU,2021,0.033413034
Niue,NIU,2022,0.03426294
Niue,NIU,2023,0.033501115
Niue,NIU,2024,0.034368444
North America,OWID_NAM,1965,15777.036
North America,OWID_NAM,1966,16673.605
North America,OWID_NAM,1967,17232.373
North America,OWID_NAM,1968,18300.855
North America,OWID_NAM,1969,19224.89
North America,OWID_NAM,1970,20026.266
North America,OWID_NAM,1971,20460.117
North America,OWID_NAM,1972,21575.61
North America,OWID_NAM,1973,22641.082
North America,OWID_NAM,1974,22188.512
North America,OWID_NAM,1975,21695.969
North America,OWID_NAM,1976,22933.814
North America,OWID_NAM,1977,23770.902
North America,OWID_NAM,1978,24238.777
North America,OWID_NAM,1979,24610.955
North America,OWID_NAM,1980,23907.936
North America,OWID_NAM,1981,23381.107
North America,OWID_NAM,1982,22408.451
North America,OWID_NAM,1983,22260.402
North America,OWID_NAM,1984,23477.01
North America,OWID_NAM,1985,23610.447
North America,OWID_NAM,1986,23812.781
North America,OWID_NAM,1987,24735.293
North America,OWID_NAM,1988,25908.168
North America,OWID_NAM,1989,26520.008
North America,OWID_NAM,1990,26577.346
North America,OWID_NAM,1991,26611.043
North America,OWID_NAM,1992,27097.625
North America,OWID_NAM,1993,27605.066
North America,OWID_NAM,1994,28305.996
North America,OWID_NAM,1995,28764.275
North America,OWID_NAM,1996,29625.906
North America,OWID_NAM,1997,29883.191
North America,OWID_NAM,1998,30209.838
North America,OWID_NAM,1999,30773.234
North America,OWID_NAM,2000,31646.377
North America,OWID_NAM,2001,31163.768
North America,OWID_NAM,2002,31654.613
North America,OWID_NAM,2003,31821.123
North America,OWID_NAM,2004,32555.418
North America,OWID_NAM,2005,32669.594
North America,OWID_NAM,2006,32545.818
North America,OWID_NAM,2007,33165.69
North America,OWID_NAM,2008,32439.957
North America,OWID_NAM,2009,30905.568
North America,OWID_NAM,2010,31913.533
North America,OWID_NAM,2011,31746.094
North America,OWID_NAM,2012,31096.768
North America,OWID_NAM,2013,31871.555
North America,OWID_NAM,2014,32148.71
North America,OWID_NAM,2015,31975.262
North America,OWID_NAM,2016,31868.855
North America,OWID_NAM,2017,31937.229
North America,OWID_NAM,2018,32906.047
North America,OWID_NAM,2019,32623.9
North America,OWID_NAM,2020,30020.566
North America,OWID_NAM,2021,31458.74
North America,OWID_NAM,2022,32037.768
North America,OWID_NAM,2023,31795.744
North America,OWID_NAM,2024,32060.715
North America,OWID_NAM,2025,32605.82
North America (EI),,1965,15484.318
North America (EI),,1966,16369.6455
North America (EI),,1967,16914.844
North America (EI),,1968,17975.57
North America (EI),,1969,18890.24
North America (EI),,1970,19649.629
North America (EI),,1971,20071.896
North America (EI),,1972,21147.363
North America (EI),,1973,22174.33
North America (EI),,1974,21722.248
North America (EI),,1975,21241.771
North America (EI),,1976,22460.605
North America (EI),,1977,23273.375
North America (EI),,1978,23728.719
North America (EI),,1979,24095.564
North America (EI),,1980,23392.947
North America (EI),,1981,22854.686
North America (EI),,1982,21917.006
North America (EI),,1983,21779.979
North America (EI),,1984,22975.73
North America (EI),,1985,23131.025
North America (EI),,1986,23321.38
North America (EI),,1987,24228.086
North America (EI),,1988,25393.793
North America (EI),,1989,25984.027
North America (EI),,1990,26037.496
North America (EI),,1991,26071.879
North America (EI),,1992,26557.8
North America (EI),,1993,27052.934
North America (EI),,1994,27723.318
North America (EI),,1995,28161.943
North America (EI),,1996,29000.193
North America (EI),,1997,29224.45
North America (EI),,1998,29517.035
North America (EI),,1999,30075.656
North America (EI),,2000,30866.475
North America (EI),,2001,30334.686
North America (EI),,2002,30799.154
North America (EI),,2003,30933.416
North America (EI),,2004,31643.07
North America (EI),,2005,31736.621
North America (EI),,2006,31553.129
North America (EI),,2007,32176.184
North America (EI),,2008,31474.219
North America (EI),,2009,29975.156
North America (EI),,2010,30953.637
North America (EI),,2011,30781.334
North America (EI),,2012,30138.318
North America (EI),,2013,30921.033
North America (EI),,2014,31182.723
North America (EI),,2015,30976.781
North America (EI),,2016,30867.625
North America (EI),,2017,30932.516
North America (EI),,2018,31897
North America (EI),,2019,31588.162
North America (EI),,2020,29113.959
North America (EI),,2021,30503.51
North America (EI),,2022,31070.482
North America (EI),,2023,30813.895
North America (EI),,2024,31057.443
North America (EI),,2025,31586.832
North Korea,PRK,1980,275.06393
North Korea,PRK,1981,286.16797
North Korea,PRK,1982,299.47586
North Korea,PRK,1983,313.50092
North Korea,PRK,1984,322.57104
North Korea,PRK,1985,268.10068
North Korea,PRK,1986,269.2076
North Korea,PRK,1987,263.31067
North Korea,PRK,1988,312.21625
North Korea,PRK,1989,252.57985
North Korea,PRK,1990,255.94258
North Korea,PRK,1991,255.69432
North Korea,PRK,1992,260.4799
North Korea,PRK,1993,283.14725
North Korea,PRK,1994,274.05838
North Korea,PRK,1995,316.61426
North Korea,PRK,1996,304.42737
North Korea,PRK,1997,297.8385
North Korea,PRK,1998,263.36722
North Korea,PRK,1999,337.0295
North Korea,PRK,2000,304.33105
North Korea,PRK,2001,296.24838
North Korea,PRK,2002,288.39212
North Korea,PRK,2003,285.93622
North Korea,PRK,2004,297.21295
North Korea,PRK,2005,293.42737
North Korea,PRK,2006,281.19266
North Korea,PRK,2007,250.53136
North Korea,PRK,2008,271.72272
North Korea,PRK,2009,233.4039
North Korea,PRK,2010,220.26984
North Korea,PRK,2011,157.37135
North Korea,PRK,2012,149.65633
North Korea,PRK,2013,139.66182
North Korea,PRK,2014,137.14809
North Korea,PRK,2015,121.90596
North Korea,PRK,2016,123.943
North Korea,PRK,2017,228.04417
North Korea,PRK,2018,207.53151
North Korea,PRK,2019,228.82922
North Korea,PRK,2020,217.77776
North Korea,PRK,2021,184.66383
North Korea,PRK,2022,181.9104
North Korea,PRK,2023,185.03
North Korea,PRK,2024,193.4694
North Macedonia,MKD,1990,28.698687
North Macedonia,MKD,1991,27.787899
North Macedonia,MKD,1992,28.57742
North Macedonia,MKD,1993,29.257923
North Macedonia,MKD,1994,27.081705
North Macedonia,MKD,1995,27.083588
North Macedonia,MKD,1996,31.616879
North Macedonia,MKD,1997,28.25233
North Macedonia,MKD,1998,31.804571
North Macedonia,MKD,1999,29.785706
North Macedonia,MKD,2000,28.558039
North Macedonia,MKD,2001,27.81151
North Macedonia,MKD,2002,26.908937
North Macedonia,MKD,2003,29.364834
North Macedonia,MKD,2004,28.788465
North Macedonia,MKD,2005,29.803852
North Macedonia,MKD,2006,30.139196
North Macedonia,MKD,2007,31.032164
North Macedonia,MKD,2008,30.275795
North Macedonia,MKD,2009,28.862572
North Macedonia,MKD,2010,29.582132
North Macedonia,MKD,2011,31.268534
North Macedonia,MKD,2012,29.536179
North Macedonia,MKD,2013,27.371607
North Macedonia,MKD,2014,25.755167
North Macedonia,MKD,2015,26.072805
North Macedonia,MKD,2016,27.181026
North Macedonia,MKD,2017,27.35728
North Macedonia,MKD,2018,27.27181
North Macedonia,MKD,2019,28.940294
North Macedonia,MKD,2020,25.39233
North Macedonia,MKD,2021,26.392824
North Macedonia,MKD,2022,28.228594
North Macedonia,MKD,2023,29.112175
North Macedonia,MKD,2024,26.73571
North Macedonia,MKD,2025,28.618746
Northern Mariana Islands,MNP,1980,0
Northern Mariana Islands,MNP,1981,0
Northern Mariana Islands,MNP,1982,0
Northern Mariana Islands,MNP,1983,0
Northern Mariana Islands,MNP,1984,0
Northern Mariana Islands,MNP,1985,0
Northern Mariana Islands,MNP,1986,0
Northern Mariana Islands,MNP,1987,0
Northern Mariana Islands,MNP,1988,0
Northern Mariana Islands,MNP,1989,0
Northern Mariana Islands,MNP,1990,0
Northern Mariana Islands,MNP,1991,0
Northern Mariana Islands,MNP,1992,0
Northern Mariana Islands,MNP,1993,0
Northern Mariana Islands,MNP,1994,0
Northern Mariana Islands,MNP,1995,0
Northern Mariana Islands,MNP,1996,0
Northern Mariana Islands,MNP,1997,0
Northern Mariana Islands,MNP,1998,0
Northern Mariana Islands,MNP,1999,0
Northern Mariana Islands,MNP,2000,0
Northern Mariana Islands,MNP,2001,0
Northern Mariana Islands,MNP,2002,0
Northern Mariana Islands,MNP,2003,0
Northern Mariana Islands,MNP,2004,0
Northern Mariana Islands,MNP,2005,0
Northern Mariana Islands,MNP,2006,0
Northern Mariana Islands,MNP,2007,0
Northern Mariana Islands,MNP,2008,0
Northern Mariana Islands,MNP,2009,0
Northern Mariana Islands,MNP,2010,0
Northern Mariana Islands,MNP,2011,0
Northern Mariana Islands,MNP,2012,0
Northern Mariana Islands,MNP,2013,0
Northern Mariana Islands,MNP,2014,0
Northern Mariana Islands,MNP,2015,0
Northern Mariana Islands,MNP,2016,0
Northern Mariana Islands,MNP,2017,0
Northern Mariana Islands,MNP,2018,0
Northern Mariana Islands,MNP,2019,0
Northern Mariana Islands,MNP,2020,0
Northern Mariana Islands,MNP,2021,0
Northern Mariana Islands,MNP,2022,0
Northern Mariana Islands,MNP,2023,0
Northern Mariana Islands,MNP,2024,0
Norway,NOR,1965,118.64594
Norway,NOR,1966,125.00219
Norway,NOR,1967,132.37257
Norway,NOR,1968,147.34604
Norway,NOR,1969,153.29207
Norway,NOR,1970,164.77202
Norway,NOR,1971,168.59384
Norway,NOR,1972,178.11905
Norway,NOR,1973,185.945
Norway,NOR,1974,181.65202
Norway,NOR,1975,185.06487
Norway,NOR,1976,199.47177
Norway,NOR,1977,190.42595
Norway,NOR,1978,213.9091
Norway,NOR,1979,224.62808
Norway,NOR,1980,215.27202
Norway,NOR,1981,218.49635
Norway,NOR,1982,214.45786
Norway,NOR,1983,227.93375
Norway,NOR,1984,232.96571
Norway,NOR,1985,235.08182
Norway,NOR,1986,236.57436
Norway,NOR,1987,244.24306
Norway,NOR,1988,247.06065
Norway,NOR,1989,258.47556
Norway,NOR,1990,262.2174
Norway,NOR,1991,245.06145
Norway,NOR,1992,254.00584
Norway,NOR,1993,260.81982
Norway,NOR,1994,261.18622
Norway,NOR,1995,273.58292
Norway,NOR,1996,269.2524
Norway,NOR,1997,279.56577
Norway,NOR,1998,288.67276
Norway,NOR,1999,292.23376
Norway,NOR,2000,307.81738
Norway,NOR,2001,291.57483
Norway,NOR,2002,298.17023
Norway,NOR,2003,283.78204
Norway,NOR,2004,286.26895
Norway,NOR,2005,310.0579
Norway,NOR,2006,295.4106
Norway,NOR,2007,312.67065
Norway,NOR,2008,311.98083
Norway,NOR,2009,293.42838
Norway,NOR,2010,293.9087
Norway,NOR,2011,298.1068
Norway,NOR,2012,319.05014
Norway,NOR,2013,303.62582
Norway,NOR,2014,308.76337
Norway,NOR,2015,309.47363
Norway,NOR,2016,314.8415
Norway,NOR,2017,326.01724
Norway,NOR,2018,317.7039
Norway,NOR,2019,305.9431
Norway,NOR,2020,313.75687
Norway,NOR,2021,317.70093
Norway,NOR,2022,305.1458
Norway,NOR,2023,310.9726
Norway,NOR,2024,305.24106
Norway,NOR,2025,312.80756
OECD (EI),,1965,29244.818
OECD (EI),,1966,30725.582
OECD (EI),,1967,31919.031
OECD (EI),,1968,34054.098
OECD (EI),,1969,36397.082
OECD (EI),,1970,38552.01
OECD (EI),,1971,39519.207
OECD (EI),,1972,41622.223
OECD (EI),,1973,44061.273
OECD (EI),,1974,43267.6
OECD (EI),,1975,42506.34
OECD (EI),,1976,44953.047
OECD (EI),,1977,45989.74
OECD (EI),,1978,47254.727
OECD (EI),,1979,48423.164
OECD (EI),,1980,47105.42
OECD (EI),,1981,46019.88
OECD (EI),,1982,44592.203
OECD (EI),,1983,44741.906
OECD (EI),,1984,46725.516
OECD (EI),,1985,48034.004
OECD (EI),,1986,48711.55
OECD (EI),,1987,50291.523
OECD (EI),,1988,52010.695
OECD (EI),,1989,53117.03
OECD (EI),,1990,53344
OECD (EI),,1991,53887.26
OECD (EI),,1992,54459.113
OECD (EI),,1993,55177.938
OECD (EI),,1994,56271.133
OECD (EI),,1995,57547.21
OECD (EI),,1996,59489.906
OECD (EI),,1997,60047.58
OECD (EI),,1998,60309.793
OECD (EI),,1999,61179.477
OECD (EI),,2000,62426.39
OECD (EI),,2001,62194.42
OECD (EI),,2002,62831.664
OECD (EI),,2003,63462.266
OECD (EI),,2004,64731.688
OECD (EI),,2005,65124.156
OECD (EI),,2006,65310.32
OECD (EI),,2007,65793.02
OECD (EI),,2008,64948.395
OECD (EI),,2009,61678.87
OECD (EI),,2010,63992.04
OECD (EI),,2011,63085.695
OECD (EI),,2012,62302.348
OECD (EI),,2013,62851.56
OECD (EI),,2014,62346.47
OECD (EI),,2015,62423.12
OECD (EI),,2016,62632.723
OECD (EI),,2017,63205.266
OECD (EI),,2018,64098.18
OECD (EI),,2019,63379.027
OECD (EI),,2020,58452.816
OECD (EI),,2021,61310.863
OECD (EI),,2022,61267.04
OECD (EI),,2023,60054.69
OECD (EI),,2024,60601.125
OECD (EI),,2025,61079.2
Oceania,OWID_OCE,1965,485.92966
Oceania,OWID_OCE,1966,510.8183
Oceania,OWID_OCE,1967,535.6657
Oceania,OWID_OCE,1968,565.79956
Oceania,OWID_OCE,1969,587.19775
Oceania,OWID_OCE,1970,640.2861
Oceania,OWID_OCE,1971,667.87366
Oceania,OWID_OCE,1972,700.8091
Oceania,OWID_OCE,1973,747.5931
Oceania,OWID_OCE,1974,789.7323
Oceania,OWID_OCE,1975,798.7565
Oceania,OWID_OCE,1976,831.4502
Oceania,OWID_OCE,1977,873.21375
Oceania,OWID_OCE,1978,893.2556
Oceania,OWID_OCE,1979,919.7878
Oceania,OWID_OCE,1980,923.39905
Oceania,OWID_OCE,1981,935.5372
Oceania,OWID_OCE,1982,937.07776
Oceania,OWID_OCE,1983,932.77594
Oceania,OWID_OCE,1984,968.9476
Oceania,OWID_OCE,1985,993.9045
Oceania,OWID_OCE,1986,1017.75696
Oceania,OWID_OCE,1987,1045.7445
Oceania,OWID_OCE,1988,1092.7228
Oceania,OWID_OCE,1989,1149.5164
Oceania,OWID_OCE,1990,1178.862
Oceania,OWID_OCE,1991,1174.6945
Oceania,OWID_OCE,1992,1194.2455
Oceania,OWID_OCE,1993,1219.3047
Oceania,OWID_OCE,1994,1266.0618
Oceania,OWID_OCE,1995,1299.7689
Oceania,OWID_OCE,1996,1338.6396
Oceania,OWID_OCE,1997,1374.2437
Oceania,OWID_OCE,1998,1401.4203
Oceania,OWID_OCE,1999,1459.8864
Oceania,OWID_OCE,2000,1474.6831
Oceania,OWID_OCE,2001,1488.6771
Oceania,OWID_OCE,2002,1516.812
Oceania,OWID_OCE,2003,1530.8594
Oceania,OWID_OCE,2004,1575.5219
Oceania,OWID_OCE,2005,1585.1217
Oceania,OWID_OCE,2006,1648.2648
Oceania,OWID_OCE,2007,1686.3534
Oceania,OWID_OCE,2008,1721.3602
Oceania,OWID_OCE,2009,1696.6527
Oceania,OWID_OCE,2010,1704.5724
Oceania,OWID_OCE,2011,1742.7616
Oceania,OWID_OCE,2012,1729.6792
Oceania,OWID_OCE,2013,1745.8115
Oceania,OWID_OCE,2014,1774.8423
Oceania,OWID_OCE,2015,1811.0658
Oceania,OWID_OCE,2016,1810.7563
Oceania,OWID_OCE,2017,1817.1924
Oceania,OWID_OCE,2018,1821.6981
Oceania,OWID_OCE,2019,1873.7367
Oceania,OWID_OCE,2020,1742.9749
Oceania,OWID_OCE,2021,1723.7816
Oceania,OWID_OCE,2022,1773.2306
Oceania,OWID_OCE,2023,1762.855
Oceania,OWID_OCE,2024,1800.1045
Oceania,OWID_OCE,2025,1796.656
Oman,OMN,1965,0.09738055
Oman,OMN,1966,0.12186111
Oman,OMN,1967,0.5409833
Oman,OMN,1968,0.65190834
Oman,OMN,1969,0.9285111
Oman,OMN,1970,0.9359056
Oman,OMN,1971,15.471503
Oman,OMN,1972,17.677216
Oman,OMN,1973,15.375915
Oman,OMN,1974,14.127883
Oman,OMN,1975,12.904697
Oman,OMN,1976,14.856398
Oman,OMN,1977,14.312169
Oman,OMN,1978,16.642376
Oman,OMN,1979,19.173227
Oman,OMN,1980,17.058378
Oman,OMN,1981,18.027998
Oman,OMN,1982,19.471884
Oman,OMN,1983,22.45057
Oman,OMN,1984,27.837906
Oman,OMN,1985,32.92347
Oman,OMN,1986,35.490032
Oman,OMN,1987,36.987133
Oman,OMN,1988,37.99528
Oman,OMN,1989,39.7679
Oman,OMN,1990,46.61988
Oman,OMN,1991,60.837784
Oman,OMN,1992,60.324944
Oman,OMN,1993,58.185627
Oman,OMN,1994,54.529453
Oman,OMN,1995,63.867676
Oman,OMN,1996,65.5171
Oman,OMN,1997,67.49086
Oman,OMN,1998,69.23555
Oman,OMN,1999,78.67438
Oman,OMN,2000,110.95965
Oman,OMN,2001,123.19215
Oman,OMN,2002,131.16112
Oman,OMN,2003,136.12859
Oman,OMN,2004,141.45142
Oman,OMN,2005,156.12288
Oman,OMN,2006,170.58696
Oman,OMN,2007,172.05458
Oman,OMN,2008,201.00546
Oman,OMN,2009,199.422
Oman,OMN,2010,237.08284
Oman,OMN,2011,259.86414
Oman,OMN,2012,283.45047
Oman,OMN,2013,317.6178
Oman,OMN,2014,315.9664
Oman,OMN,2015,337.41818
Oman,OMN,2016,339.45868
Oman,OMN,2017,351.25693
Oman,OMN,2018,377.9267
Oman,OMN,2019,373.81897
Oman,OMN,2020,361.29318
Oman,OMN,2021,395.73584
Oman,OMN,2022,422.24905
Oman,OMN,2023,432.8452
Oman,OMN,2024,452.4117
Oman,OMN,2025,480.58408
Pakistan,PAK,1965,77.92605
Pakistan,PAK,1966,78.542305
Pakistan,PAK,1967,86.625465
Pakistan,PAK,1968,98.007744
Pakistan,PAK,1969,98.171196
Pakistan,PAK,1970,97.234726
Pakistan,PAK,1971,90.05033
Pakistan,PAK,1972,81.71344
Pakistan,PAK,1973,87.4439
Pakistan,PAK,1974,95.39835
Pakistan,PAK,1975,99.31425
Pakistan,PAK,1976,100.16098
Pakistan,PAK,1977,107.25519
Pakistan,PAK,1978,112.69805
Pakistan,PAK,1979,122.96617
Pakistan,PAK,1980,137.37144
Pakistan,PAK,1981,148.2492
Pakistan,PAK,1982,163.09315
Pakistan,PAK,1983,172.53397
Pakistan,PAK,1984,183.1175
Pakistan,PAK,1985,192.75099
Pakistan,PAK,1986,206.9691
Pakistan,PAK,1987,227.40182
Pakistan,PAK,1988,242.00677
Pakistan,PAK,1989,258.13135
Pakistan,PAK,1990,272.14294
Pakistan,PAK,1991,288.00186
Pakistan,PAK,1992,301.10342
Pakistan,PAK,1993,333.46838
Pakistan,PAK,1994,347.36734
Pakistan,PAK,1995,366.2651
Pakistan,PAK,1996,388.9616
Pakistan,PAK,1997,386.8717
Pakistan,PAK,1998,406.74594
Pakistan,PAK,1999,431.65274
Pakistan,PAK,2000,449.42523
Pakistan,PAK,2001,460.00372
Pakistan,PAK,2002,475.21063
Pakistan,PAK,2003,507.79535
Pakistan,PAK,2004,570.0414
Pakistan,PAK,2005,584.84973
Pakistan,PAK,2006,624.5612
Pakistan,PAK,2007,659.8928
Pakistan,PAK,2008,669.7723
Pakistan,PAK,2009,694.7033
Pakistan,PAK,2010,697.4487
Pakistan,PAK,2011,700.98596
Pakistan,PAK,2012,709.0283
Pakistan,PAK,2013,722.31055
Pakistan,PAK,2014,732.0419
Pakistan,PAK,2015,774.06525
Pakistan,PAK,2016,842.7477
Pakistan,PAK,2017,901.74274
Pakistan,PAK,2018,917.6915
Pakistan,PAK,2019,914.6404
Pakistan,PAK,2020,897.60223
Pakistan,PAK,2021,1011.15704
Pakistan,PAK,2022,934.9863
Pakistan,PAK,2023,854.0013
Pakistan,PAK,2024,849.8231
Pakistan,PAK,2025,867.84644
Palestine,PSE,1997,2.7217612
Palestine,PSE,1998,4.313506
Palestine,PSE,1999,4.390881
Palestine,PSE,2000,5.764321
Palestine,PSE,2001,7.821104
Palestine,PSE,2002,7.241899
Palestine,PSE,2003,7.7683463
Palestine,PSE,2004,11.815106
Palestine,PSE,2005,14.479837
Palestine,PSE,2006,12.785172
Palestine,PSE,2007,13.1676035
Palestine,PSE,2008,12.629551
Palestine,PSE,2009,12.953757
Palestine,PSE,2010,12.947434
Palestine,PSE,2011,14.3964815
Palestine,PSE,2012,14.4028425
Palestine,PSE,2013,15.29597
Palestine,PSE,2014,16.499172
Palestine,PSE,2015,18.307076
Palestine,PSE,2016,19.166162
Palestine,PSE,2017,19.235853
Palestine,PSE,2018,18.46045
Palestine,PSE,2019,20.571781
Palestine,PSE,2020,21.138771
Palestine,PSE,2021,22.641844
Palestine,PSE,2022,27.151709
Palestine,PSE,2023,26.805424
Palestine,PSE,2024,27.040026
Panama,PAN,1980,51.93117
Panama,PAN,1981,51.82238
Panama,PAN,1982,49.66707
Panama,PAN,1983,50.702812
Panama,PAN,1984,50.811134
Panama,PAN,1985,44.48747
Panama,PAN,1986,45.653152
Panama,PAN,1987,47.670296
Panama,PAN,1988,46.85727
Panama,PAN,1989,45.489983
Panama,PAN,1990,48.28252
Panama,PAN,1991,48.021282
Panama,PAN,1992,49.288567
Panama,PAN,1993,48.714016
Panama,PAN,1994,54.59057
Panama,PAN,1995,57.67899
Panama,PAN,1996,50.224686
Panama,PAN,1997,52.108276
Panama,PAN,1998,56.713238
Panama,PAN,1999,36.276524
Panama,PAN,2000,60.303936
Panama,PAN,2001,63.16986
Panama,PAN,2002,60.70636
Panama,PAN,2003,62.443054
Panama,PAN,2004,61.973606
Panama,PAN,2005,62.052547
Panama,PAN,2006,68.23152
Panama,PAN,2007,63.929752
Panama,PAN,2008,75.670235
Panama,PAN,2009,73.326195
Panama,PAN,2010,83.60769
Panama,PAN,2011,84.62403
Panama,PAN,2012,92.73046
Panama,PAN,2013,91.4808
Panama,PAN,2014,93.80626
Panama,PAN,2015,100.95552
Panama,PAN,2016,106.607254
Panama,PAN,2017,114.446335
Panama,PAN,2018,111.639595
Panama,PAN,2019,125.02516
Panama,PAN,2020,85.134
Panama,PAN,2021,92.74478
Panama,PAN,2022,102.472336
Panama,PAN,2023,104.205444
Panama,PAN,2024,104.35548
Papua New Guinea,PNG,1980,7.868356
Papua New Guinea,PNG,1981,7.8427105
Papua New Guinea,PNG,1982,7.8367105
Papua New Guinea,PNG,1983,7.9167104
Papua New Guinea,PNG,1984,9.221749
Papua New Guinea,PNG,1985,9.207663
Papua New Guinea,PNG,1986,9.494852
Papua New Guinea,PNG,1987,10.5436535
Papua New Guinea,PNG,1988,9.87656
Papua New Guinea,PNG,1989,10.116702
Papua New Guinea,PNG,1990,10.251266
Papua New Guinea,PNG,1991,10.126644
Papua New Guinea,PNG,1992,10.736102
Papua New Guinea,PNG,1993,10.926291
Papua New Guinea,PNG,1994,10.417293
Papua New Guinea,PNG,1995,11.425098
Papua New Guinea,PNG,1996,11.848504
Papua New Guinea,PNG,1997,11.625816
Papua New Guinea,PNG,1998,11.412393
Papua New Guinea,PNG,1999,11.463396
Papua New Guinea,PNG,2000,13.261888
Papua New Guinea,PNG,2001,15.400113
Papua New Guinea,PNG,2002,16.251263
Papua New Guinea,PNG,2003,18.61665
Papua New Guinea,PNG,2004,21.14325
Papua New Guinea,PNG,2005,19.897886
Papua New Guinea,PNG,2006,20.528765
Papua New Guinea,PNG,2007,22.117071
Papua New Guinea,PNG,2008,19.432575
Papua New Guinea,PNG,2009,21.625868
Papua New Guinea,PNG,2010,19.363543
Papua New Guinea,PNG,2011,20.193491
Papua New Guinea,PNG,2012,19.474957
Papua New Guinea,PNG,2013,19.979355
Papua New Guinea,PNG,2014,21.264826
Papua New Guinea,PNG,2015,25.040426
Papua New Guinea,PNG,2016,26.775097
Papua New Guinea,PNG,2017,26.148066
Papua New Guinea,PNG,2018,30.526829
Papua New Guinea,PNG,2019,30.25866
Papua New Guinea,PNG,2020,28.140394
Papua New Guinea,PNG,2021,27.603998
Papua New Guinea,PNG,2022,35.06386
Papua New Guinea,PNG,2023,29.855463
Papua New Guinea,PNG,2024,32.74736
Paraguay,PRY,1980,6.743289
Paraguay,PRY,1981,6.3977532
Paraguay,PRY,1982,6.379915
Paraguay,PRY,1983,6.747494
Paraguay,PRY,1984,7.1962314
Paraguay,PRY,1985,8.166201
Paraguay,PRY,1986,8.562168
Paraguay,PRY,1987,11.210027
Paraguay,PRY,1988,10.8230915
Paraguay,PRY,1989,13.722376
Paraguay,PRY,1990,11.982044
Paraguay,PRY,1991,11.315925
Paraguay,PRY,1992,12.530516
Paraguay,PRY,1993,13.54043
Paraguay,PRY,1994,15.340833
Paraguay,PRY,1995,17.499437
Paraguay,PRY,1996,15.476854
Paraguay,PRY,1997,16.988834
Paraguay,PRY,1998,19.361053
Paraguay,PRY,1999,22.32992
Paraguay,PRY,2000,19.863989
Paraguay,PRY,2001,20.341469
Paraguay,PRY,2002,21.451885
Paraguay,PRY,2003,22.178268
Paraguay,PRY,2004,22.610048
Paraguay,PRY,2005,21.862349
Paraguay,PRY,2006,23.717604
Paraguay,PRY,2007,24.913523
Paraguay,PRY,2008,26.084421
Paraguay,PRY,2009,27.354542
Paraguay,PRY,2010,30.518085
Paraguay,PRY,2011,31.608965
Paraguay,PRY,2012,33.95192
Paraguay,PRY,2013,34.457005
Paraguay,PRY,2014,36.414875
Paraguay,PRY,2015,42.12088
Paraguay,PRY,2016,47.862114
Paraguay,PRY,2017,49.088394
Paraguay,PRY,2018,51.829502
Paraguay,PRY,2019,51.456055
Paraguay,PRY,2020,49.92861
Paraguay,PRY,2021,54.570335
Paraguay,PRY,2022,52.276337
Paraguay,PRY,2023,45.373974
Paraguay,PRY,2024,54.79534
Peru,PER,1965,49.86957
Peru,PER,1966,61.61224
Peru,PER,1967,62.168385
Peru,PER,1968,62.97736
Peru,PER,1969,62.897575
Peru,PER,1970,65.41984
Peru,PER,1971,67.393234
Peru,PER,1972,59.2303
Peru,PER,1973,67.62066
Peru,PER,1974,78.39331
Peru,PER,1975,82.92499
Peru,PER,1976,84.163155
Peru,PER,1977,84.48339
Peru,PER,1978,83.966934
Peru,PER,1979,86.66193
Peru,PER,1980,93.11847
Peru,PER,1981,96.65571
Peru,PER,1982,96.63282
Peru,PER,1983,83.02946
Peru,PER,1984,87.239525
Peru,PER,1985,84.188965
Peru,PER,1986,90.77206
Peru,PER,1987,99.3248
Peru,PER,1988,96.772285
Peru,PER,1989,87.36925
Peru,PER,1990,86.50723
Peru,PER,1991,83.63805
Peru,PER,1992,84.37203
Peru,PER,1993,89.845764
Peru,PER,1994,97.84621
Peru,PER,1995,107.98018
Peru,PER,1996,111.34049
Peru,PER,1997,108.8816
Peru,PER,1998,112.00004
Peru,PER,1999,114.15371
Peru,PER,2000,115.67555
Peru,PER,2001,111.91342
Peru,PER,2002,114.92852
Peru,PER,2003,112.4213
Peru,PER,2004,124.392525
Peru,PER,2005,130.1727
Peru,PER,2006,129.375
Peru,PER,2007,144.48703
Peru,PER,2008,160.06848
Peru,PER,2009,162.68166
Peru,PER,2010,189.57121
Peru,PER,2011,210.53284
Peru,PER,2012,218.133
Peru,PER,2013,223.57408
Peru,PER,2014,229.89445
Peru,PER,2015,239.9188
Peru,PER,2016,256.21902
Peru,PER,2017,253.07494
Peru,PER,2018,263.99048
Peru,PER,2019,270.9504
Peru,PER,2020,233.84993
Peru,PER,2021,271.41626
Peru,PER,2022,284.28516
Peru,PER,2023,290.7831
Peru,PER,2024,312.9369
Peru,PER,2025,316.5332
Philippines,PHL,1965,59.467625
Philippines,PHL,1966,65.948715
Philippines,PHL,1967,71.64112
Philippines,PHL,1968,84.28837
Philippines,PHL,1969,90.88461
Philippines,PHL,1970,92.33053
Philippines,PHL,1971,99.62665
Philippines,PHL,1972,105.31835
Philippines,PHL,1973,117.45047
Philippines,PHL,1974,109.93289
Philippines,PHL,1975,119.54171
Philippines,PHL,1976,123.24892
Philippines,PHL,1977,133.97113
Philippines,PHL,1978,139.13554
Philippines,PHL,1979,149.92514
Philippines,PHL,1980,156.0956
Philippines,PHL,1981,165.99304
Philippines,PHL,1982,165.60976
Philippines,PHL,1983,175.24626
Philippines,PHL,1984,162.25583
Philippines,PHL,1985,159.91243
Philippines,PHL,1986,158.18842
Philippines,PHL,1987,171.03514
Philippines,PHL,1988,186.67949
Philippines,PHL,1989,206.65077
Philippines,PHL,1990,214.69702
Philippines,PHL,1991,215.51053
Philippines,PHL,1992,230.24026
Philippines,PHL,1993,247.96461
Philippines,PHL,1994,260.08627
Philippines,PHL,1995,290.207
Philippines,PHL,1996,310.0823
Philippines,PHL,1997,342.19928
Philippines,PHL,1998,353.99948
Philippines,PHL,1999,365.73322
Philippines,PHL,2000,375.72354
Philippines,PHL,2001,362.0676
Philippines,PHL,2002,362.5256
Philippines,PHL,2003,367.81912
Philippines,PHL,2004,377.4793
Philippines,PHL,2005,375.49472
Philippines,PHL,2006,362.9446
Philippines,PHL,2007,375.47098
Philippines,PHL,2008,387.93304
Philippines,PHL,2009,389.30777
Philippines,PHL,2010,399.90424
Philippines,PHL,2011,403.70932
Philippines,PHL,2012,416.64868
Philippines,PHL,2013,438.42767
Philippines,PHL,2014,465.00467
Philippines,PHL,2015,509.49017
Philippines,PHL,2016,549.6876
Philippines,PHL,2017,588.39453
Philippines,PHL,2018,604.62225
Philippines,PHL,2019,626.14105
Philippines,PHL,2020,574.80237
Philippines,PHL,2021,599.58563
Philippines,PHL,2022,629.3029
Philippines,PHL,2023,691.8865
Philippines,PHL,2024,729.79517
Philippines,PHL,2025,714.9647
Poland,POL,1965,774.2956
Poland,POL,1966,789.4186
Poland,POL,1967,812.4199
Poland,POL,1968,874.3924
Poland,POL,1969,934.4673
Poland,POL,1970,984.4458
Poland,POL,1971,1016.05664
Poland,POL,1972,1071.9475
Poland,POL,1973,1092.1785
Poland,POL,1974,1127.0656
Poland,POL,1975,1216.3889
Poland,POL,1976,1282.2728
Poland,POL,1977,1336.5426
Poland,POL,1978,1403.5018
Poland,POL,1979,1424.6774
Poland,POL,1980,1490.9929
Poland,POL,1981,1344.247
Poland,POL,1982,1369.9951
Poland,POL,1983,1376.0376
Poland,POL,1984,1431.1056
Poland,POL,1985,1462.7538
Poland,POL,1986,1504.6691
Poland,POL,1987,1553.3528
Poland,POL,1988,1523.3812
Poland,POL,1989,1466.3578
Poland,POL,1990,1184.3767
Poland,POL,1991,1163.4609
Poland,POL,1992,1136.5819
Poland,POL,1993,1136.5219
Poland,POL,1994,1090.0457
Poland,POL,1995,1118.63
Poland,POL,1996,1163.6995
Poland,POL,1997,1154.8069
Poland,POL,1998,1083.3036
Poland,POL,1999,1058.5773
Poland,POL,2000,1015.45526
Poland,POL,2001,1005.4945
Poland,POL,2002,991.2013
Poland,POL,2003,1026.4625
Poland,POL,2004,1032.1138
Poland,POL,2005,1057.339
Poland,POL,2006,1105.7955
Poland,POL,2007,1098.9778
Poland,POL,2008,1118.4303
Poland,POL,2009,1078.1564
Poland,POL,2010,1148.0905
Poland,POL,2011,1151.697
Poland,POL,2012,1114.4735
Poland,POL,2013,1115.3519
Poland,POL,2014,1070.8738
Poland,POL,2015,1079.8561
Poland,POL,2016,1124.0511
Poland,POL,2017,1177.9434
Poland,POL,2018,1196.2228
Poland,POL,2019,1156.9431
Poland,POL,2020,1105.5577
Poland,POL,2021,1187.4391
Poland,POL,2022,1138.5332
Poland,POL,2023,1071.3373
Poland,POL,2024,1058.9658
Poland,POL,2025,1089.8734
Portugal,PRT,1965,42.016747
Portugal,PRT,1966,44.199112
Portugal,PRT,1967,47.576553
Portugal,PRT,1968,49.207565
Portugal,PRT,1969,51.9594
Portugal,PRT,1970,65.49395
Portugal,PRT,1971,72.5533
Portugal,PRT,1972,78.14159
Portugal,PRT,1973,87.35622
Portugal,PRT,1974,91.13377
Portugal,PRT,1975,93.24461
Portugal,PRT,1976,95.324905
Portugal,PRT,1977,99.18155
Portugal,PRT,1978,103.84329
Portugal,PRT,1979,110.622955
Portugal,PRT,1980,113.07494
Portugal,PRT,1981,116.58961
Portugal,PRT,1982,123.25805
Portugal,PRT,1983,125.94425
Portugal,PRT,1984,128.4781
Portugal,PRT,1985,129.6484
Portugal,PRT,1986,142.69
Portugal,PRT,1987,145.15776
Portugal,PRT,1988,157.01
Portugal,PRT,1989,183.97325
Portugal,PRT,1990,184.64757
Portugal,PRT,1991,192.69353
Portugal,PRT,1992,205.44318
Portugal,PRT,1993,203.27034
Portugal,PRT,1994,209.11855
Portugal,PRT,1995,228.59384
Portugal,PRT,1996,223.62633
Portugal,PRT,1997,230.85025
Portugal,PRT,1998,254.15909
Portugal,PRT,1999,270.9597
Portugal,PRT,2000,271.9012
Portugal,PRT,2001,271.6196
Portugal,PRT,2002,281.67914
Portugal,PRT,2003,274.77753
Portugal,PRT,2004,278.99777
Portugal,PRT,2005,286.384
Portugal,PRT,2006,270.6594
Portugal,PRT,2007,272.90347
Portugal,PRT,2008,263.80597
Portugal,PRT,2009,260.51993
Portugal,PRT,2010,259.76953
Portugal,PRT,2011,254.00497
Portugal,PRT,2012,236.71483
Portugal,PRT,2013,245.37225
Portugal,PRT,2014,244.4192
Portugal,PRT,2015,254.86804
Portugal,PRT,2016,261.98187
Portugal,PRT,2017,271.1803
Portugal,PRT,2018,262.48132
Portugal,PRT,2019,255.13802
Portugal,PRT,2020,223.81723
Portugal,PRT,2021,222.94559
Portugal,PRT,2022,225.91202
Portugal,PRT,2023,218.43703
Portugal,PRT,2024,214.47261
Portugal,PRT,2025,218.04865
Puerto Rico,PRI,1980,65.89092
Puerto Rico,PRI,1981,65.63145
Puerto Rico,PRI,1982,65.61145
Puerto Rico,PRI,1983,66.90747
Puerto Rico,PRI,1984,66.576324
Puerto Rico,PRI,1985,66.44485
Puerto Rico,PRI,1986,67.48065
Puerto Rico,PRI,1987,67.604355
Puerto Rico,PRI,1988,67.81626
Puerto Rico,PRI,1989,67.79736
Puerto Rico,PRI,1990,66.517746
Puerto Rico,PRI,1991,66.289246
Puerto Rico,PRI,1992,66.61362
Puerto Rico,PRI,1993,66.610214
Puerto Rico,PRI,1994,66.846596
Puerto Rico,PRI,1995,66.80618
Puerto Rico,PRI,1996,66.82442
Puerto Rico,PRI,1997,66.850746
Puerto Rico,PRI,1998,66.89782
Puerto Rico,PRI,1999,66.46666
Puerto Rico,PRI,2000,129.0828
Puerto Rico,PRI,2001,140.561
Puerto Rico,PRI,2002,144.35661
Puerto Rico,PRI,2003,150.2907
Puerto Rico,PRI,2004,155.1705
Puerto Rico,PRI,2005,150.2981
Puerto Rico,PRI,2006,136.46405
Puerto Rico,PRI,2007,131.65056
Puerto Rico,PRI,2008,123.23829
Puerto Rico,PRI,2009,115.31334
Puerto Rico,PRI,2010,97.748825
Puerto Rico,PRI,2011,105.89169
Puerto Rico,PRI,2012,111.6207
Puerto Rico,PRI,2013,97.93691
Puerto Rico,PRI,2014,93.20551
Puerto Rico,PRI,2015,93.1763
Puerto Rico,PRI,2016,87.16306
Puerto Rico,PRI,2017,84.629456
Puerto Rico,PRI,2018,85.51338
Puerto Rico,PRI,2019,80.31308
Puerto Rico,PRI,2020,69.796165
Puerto Rico,PRI,2021,78.37398
Puerto Rico,PRI,2022,73.091805
Puerto Rico,PRI,2023,88.16235
Puerto Rico,PRI,2024,89.29642
Qatar,QAT,1965,1.4110831
Qatar,QAT,1966,1.4206978
Qatar,QAT,1967,2.0353773
Qatar,QAT,1968,6.439564
Qatar,QAT,1969,10.11864
Qatar,QAT,1970,11.525687
Qatar,QAT,1971,11.481248
Qatar,QAT,1972,12.700935
Qatar,QAT,1973,18.021015
Qatar,QAT,1974,15.712179
Qatar,QAT,1975,23.445349
Qatar,QAT,1976,15.06014
Qatar,QAT,1977,20.98321
Qatar,QAT,1978,20.12846
Qatar,QAT,1979,50.366066
Qatar,QAT,1980,53.36981
Qatar,QAT,1981,51.059208
Qatar,QAT,1982,59.33301
Qatar,QAT,1983,61.85436
Qatar,QAT,1984,70.41024
Qatar,QAT,1985,66.110016
Qatar,QAT,1986,72.07098
Qatar,QAT,1987,69.8531
Qatar,QAT,1988,73.53971
Qatar,QAT,1989,77.74553
Qatar,QAT,1990,78.83766
Qatar,QAT,1991,90.81282
Qatar,QAT,1992,144.29259
Qatar,QAT,1993,154.35905
Qatar,QAT,1994,156.66765
Qatar,QAT,1995,156.14798
Qatar,QAT,1996,115.15913
Qatar,QAT,1997,125.89062
Qatar,QAT,1998,135.5558
Qatar,QAT,1999,150.8979
Qatar,QAT,2000,134.84448
Qatar,QAT,2001,129.62796
Qatar,QAT,2002,161.89944
Qatar,QAT,2003,163.61983
Qatar,QAT,2004,197.56996
Qatar,QAT,2005,223.67255
Qatar,QAT,2006,245.36476
Qatar,QAT,2007,279.86014
Qatar,QAT,2008,288.55722
Qatar,QAT,2009,288.3623
Qatar,QAT,2010,335.3958
Qatar,QAT,2011,393.15094
Qatar,QAT,2012,448.44565
Qatar,QAT,2013,483.7084
Qatar,QAT,2014,517.1439
Qatar,QAT,2015,595.38416
Qatar,QAT,2016,586.4813
Qatar,QAT,2017,564.036
Qatar,QAT,2018,573.31726
Qatar,QAT,2019,582.9876
Qatar,QAT,2020,515.02185
Qatar,QAT,2021,546.11804
Qatar,QAT,2022,568.5948
Qatar,QAT,2023,610.35944
Qatar,QAT,2024,632.0596
Qatar,QAT,2025,620.8599
Reunion,REU,1980,2.7966805
Reunion,REU,1981,2.8578646
Reunion,REU,1982,3.141294
Reunion,REU,1983,3.552295
Reunion,REU,1984,3.88495
Reunion,REU,1985,3.8965814
Reunion,REU,1986,3.7983558
Reunion,REU,1987,4.2603316
Reunion,REU,1988,4.8812685
Reunion,REU,1989,5.3319964
Reunion,REU,1990,5.6078186
Reunion,REU,1991,6.4184923
Reunion,REU,1992,6.647169
Reunion,REU,1993,8.310715
Reunion,REU,1994,8.612565
Reunion,REU,1995,8.498062
Reunion,REU,1996,8.522984
Reunion,REU,1997,8.540062
Reunion,REU,1998,10.841669
Reunion,REU,1999,10.843669
Reunion,REU,2000,10.269797
Reunion,REU,2001,10.291321
Reunion,REU,2002,10.484358
Reunion,REU,2003,10.602525
Reunion,REU,2004,11.909056
Reunion,REU,2005,11.260041
Reunion,REU,2006,10.582189
Reunion,REU,2007,10.222006
Reunion,REU,2008,11.256151
Reunion,REU,2009,11.646469
Reunion,REU,2010,12.669588
Reunion,REU,2011,10.986897
Reunion,REU,2012,0
Reunion,REU,2013,0
Reunion,REU,2014,0
Reunion,REU,2015,0
Reunion,REU,2016,0
Reunion,REU,2017,0
Reunion,REU,2018,0
Reunion,REU,2019,0
Reunion,REU,2020,0
Reunion,REU,2021,0
Reunion,REU,2022,0
Reunion,REU,2023,0
Reunion,REU,2024,0
Romania,ROU,1965,276.75412
Romania,ROU,1966,295.2444
Romania,ROU,1967,328.84497
Romania,ROU,1968,349.92294
Romania,ROU,1969,401.4732
Romania,ROU,1970,426.58408
Romania,ROU,1971,449.76883
Romania,ROU,1972,468.90567
Romania,ROU,1973,511.05435
Romania,ROU,1974,512.90784
Romania,ROU,1975,559.19147
Romania,ROU,1976,606.47723
Romania,ROU,1977,641.65247
Romania,ROU,1978,689.9824
Romania,ROU,1979,702.62604
Romania,ROU,1980,707.11615
Romania,ROU,1981,708.661
Romania,ROU,1982,704.07556
Romania,ROU,1983,702.55945
Romania,ROU,1984,694.8336
Romania,ROU,1985,690.0248
Romania,ROU,1986,708.9278
Romania,ROU,1987,735.1811
Romania,ROU,1988,742.2189
Romania,ROU,1989,745.7096
Romania,ROU,1990,709.54504
Romania,ROU,1991,588.8792
Romania,ROU,1992,525.10583
Romania,ROU,1993,507.79822
Romania,ROU,1994,483.9567
Romania,ROU,1995,510.19135
Romania,ROU,1996,528.0867
Romania,ROU,1997,494.12225
Romania,ROU,1998,445.8187
Romania,ROU,1999,393.80017
Romania,ROU,2000,395.99988
Romania,ROU,2001,410.5147
Romania,ROU,2002,417.35992
Romania,ROU,2003,431.6135
Romania,ROU,2004,429.88446
Romania,ROU,2005,424.43948
Romania,ROU,2006,435.48492
Romania,ROU,2007,424.76
Romania,ROU,2008,422.55862
Romania,ROU,2009,368.53687
Romania,ROU,2010,364.84442
Romania,ROU,2011,384.46692
Romania,ROU,2012,372.269
Romania,ROU,2013,340.34662
Romania,ROU,2014,342.1679
Romania,ROU,2015,342.84732
Romania,ROU,2016,341.9449
Romania,ROU,2017,353.93967
Romania,ROU,2018,355.3242
Romania,ROU,2019,350.1741
Romania,ROU,2020,336.45947
Romania,ROU,2021,354.5717
Romania,ROU,2022,329.2831
Romania,ROU,2023,321.00534
Romania,ROU,2024,322.4309
Romania,ROU,2025,316.8238
Russia,RUS,1985,9261.703
Russia,RUS,1986,9423.146
Russia,RUS,1987,9748.601
Russia,RUS,1988,9929.126
Russia,RUS,1989,9969.532
Russia,RUS,1990,9772.595
Russia,RUS,1991,9633.019
Russia,RUS,1992,9252.12
Russia,RUS,1993,8601.222
Russia,RUS,1994,7813.215
Russia,RUS,1995,7376.5024
Russia,RUS,1996,7132.436
Russia,RUS,1997,6724.0293
Russia,RUS,1998,6707.976
Russia,RUS,1999,6796.148
Russia,RUS,2000,6918.5967
Russia,RUS,2001,7020.8545
Russia,RUS,2002,7020.8755
Russia,RUS,2003,7192.1763
Russia,RUS,2004,7224.814
Russia,RUS,2005,7227.443
Russia,RUS,2006,7567.4043
Russia,RUS,2007,7608.9023
Russia,RUS,2008,7674.179
Russia,RUS,2009,7270.61
Russia,RUS,2010,7584.8096
Russia,RUS,2011,7863.8667
Russia,RUS,2012,7917.8486
Russia,RUS,2013,7794.8047
Russia,RUS,2014,7842.6777
Russia,RUS,2015,7735.876
Russia,RUS,2016,7869.2227
Russia,RUS,2017,7927.029
Russia,RUS,2018,8220.81
Russia,RUS,2019,8157.778
Russia,RUS,2020,7838.581
Russia,RUS,2021,8095.162
Russia,RUS,2022,8420.002
Russia,RUS,2023,8541.159
Russia,RUS,2024,8716.719
Russia,RUS,2025,8663.982
Rwanda,RWA,1980,0.8342045
Rwanda,RWA,1981,1.6873652
Rwanda,RWA,1982,1.6291516
Rwanda,RWA,1983,1.8127965
Rwanda,RWA,1984,2.8718257
Rwanda,RWA,1985,2.9336607
Rwanda,RWA,1986,2.9561634
Rwanda,RWA,1987,2.9423702
Rwanda,RWA,1988,2.928274
Rwanda,RWA,1989,3.0146806
Rwanda,RWA,1990,3.1834664
Rwanda,RWA,1991,3.2501187
Rwanda,RWA,1992,3.2575305
Rwanda,RWA,1993,2.9887817
Rwanda,RWA,1994,3.0558248
Rwanda,RWA,1995,3.1120167
Rwanda,RWA,1996,3.110085
Rwanda,RWA,1997,3.1220164
Rwanda,RWA,1998,3.1740143
Rwanda,RWA,1999,3.1310146
Rwanda,RWA,2000,2.6773636
Rwanda,RWA,2001,2.6767044
Rwanda,RWA,2002,2.7270136
Rwanda,RWA,2003,2.6779318
Rwanda,RWA,2004,2.6389906
Rwanda,RWA,2005,2.6220315
Rwanda,RWA,2006,2.6490066
Rwanda,RWA,2007,2.6903858
Rwanda,RWA,2008,2.7933617
Rwanda,RWA,2009,2.8639355
Rwanda,RWA,2010,3.1469722
Rwanda,RWA,2011,3.5009649
Rwanda,RWA,2012,3.888193
Rwanda,RWA,2013,4.07082
Rwanda,RWA,2014,4.2100787
Rwanda,RWA,2015,4.5482874
Rwanda,RWA,2016,4.622319
Rwanda,RWA,2017,4.9292145
Rwanda,RWA,2018,4.891637
Rwanda,RWA,2019,5.497759
Rwanda,RWA,2020,5.7506037
Rwanda,RWA,2021,6.51918
Rwanda,RWA,2022,6.800304
Rwanda,RWA,2023,7.862937
Rwanda,RWA,2024,7.862991
Saint Helena,SHN,1980,0.013574701
Saint Helena,SHN,1981,0.012462115
Saint Helena,SHN,1982,0.012462115
Saint Helena,SHN,1983,0.012462115
Saint Helena,SHN,1984,0.012496257
Saint Helena,SHN,1985,0.012736281
Saint Helena,SHN,1986,0.01273005
Saint Helena,SHN,1987,0.025903778
Saint Helena,SHN,1988,0.025907015
Saint Helena,SHN,1989,0.025903778
Saint Helena,SHN,1990,0.025903778
Saint Helena,SHN,1991,0.01273005
Saint Helena,SHN,1992,0.012733686
Saint Helena,SHN,1993,0.01273005
Saint Helena,SHN,1994,0.01273005
Saint Helena,SHN,1995,0.01273005
Saint Helena,SHN,1996,0.012733686
Saint Helena,SHN,1997,0.01273005
Saint Helena,SHN,1998,0.01273005
Saint Helena,SHN,1999,0.012735257
Saint Helena,SHN,2000,0.051447507
Saint Helena,SHN,2001,0.051372137
Saint Helena,SHN,2002,0.053568866
Saint Helena,SHN,2003,0.05299995
Saint Helena,SHN,2004,0.03459544
Saint Helena,SHN,2005,0.04317923
Saint Helena,SHN,2006,0.039768886
Saint Helena,SHN,2007,0.05038675
Saint Helena,SHN,2008,0.041006707
Saint Helena,SHN,2009,0.038560074
Saint Helena,SHN,2010,0.043716818
Saint Helena,SHN,2011,0.04276981
Saint Helena,SHN,2012,0.0473783
Saint Helena,SHN,2013,0.04544818
Saint Helena,SHN,2014,0.04314393
Saint Helena,SHN,2015,0.039271526
Saint Helena,SHN,2016,0.039564595
Saint Helena,SHN,2017,0.042304035
Saint Helena,SHN,2018,0.05097385
Saint Helena,SHN,2019,0.057225056
Saint Helena,SHN,2020,0.044517495
Saint Helena,SHN,2021,0.0375512
Saint Helena,SHN,2022,0.04389032
Saint Helena,SHN,2023,0.044286013
Saint Helena,SHN,2024,0.044285968
Saint Kitts and Nevis,KNA,1980,0.24193378
Saint Kitts and Nevis,KNA,1981,0.24127276
Saint Kitts and Nevis,KNA,1982,0.24127276
Saint Kitts and Nevis,KNA,1983,0.24127276
Saint Kitts and Nevis,KNA,1984,0.24193378
Saint Kitts and Nevis,KNA,1985,0.24127276
Saint Kitts and Nevis,KNA,1986,0.20649932
Saint Kitts and Nevis,KNA,1987,0.20649932
Saint Kitts and Nevis,KNA,1988,0.21984309
Saint Kitts and Nevis,KNA,1989,0.21934554
Saint Kitts and Nevis,KNA,1990,0.21934554
Saint Kitts and Nevis,KNA,1991,0.2945023
Saint Kitts and Nevis,KNA,1992,0.29516926
Saint Kitts and Nevis,KNA,1993,0.35996792
Saint Kitts and Nevis,KNA,1994,0.42227846
Saint Kitts and Nevis,KNA,1995,0.35996792
Saint Kitts and Nevis,KNA,1996,0.4234354
Saint Kitts and Nevis,KNA,1997,0.42227846
Saint Kitts and Nevis,KNA,1998,0.42227846
Saint Kitts and Nevis,KNA,1999,0.42227846
Saint Kitts and Nevis,KNA,2000,0.7712413
Saint Kitts and Nevis,KNA,2001,0.7972201
Saint Kitts and Nevis,KNA,2002,0.8721584
Saint Kitts and Nevis,KNA,2003,0.8735624
Saint Kitts and Nevis,KNA,2004,0.9447932
Saint Kitts and Nevis,KNA,2005,0.88021934
Saint Kitts and Nevis,KNA,2006,0.91214526
Saint Kitts and Nevis,KNA,2007,0.964404
Saint Kitts and Nevis,KNA,2008,0.96331036
Saint Kitts and Nevis,KNA,2009,0.9857586
Saint Kitts and Nevis,KNA,2010,0.9927406
Saint Kitts and Nevis,KNA,2011,1.0310194
Saint Kitts and Nevis,KNA,2012,1.0207766
Saint Kitts and Nevis,KNA,2013,1.0169971
Saint Kitts and Nevis,KNA,2014,1.0299306
Saint Kitts and Nevis,KNA,2015,1.0551758
Saint Kitts and Nevis,KNA,2016,1.0836376
Saint Kitts and Nevis,KNA,2017,1.0882577
Saint Kitts and Nevis,KNA,2018,1.1095135
Saint Kitts and Nevis,KNA,2019,1.1265204
Saint Kitts and Nevis,KNA,2020,1.0502425
Saint Kitts and Nevis,KNA,2021,1.0435556
Saint Kitts and Nevis,KNA,2022,1.1327134
Saint Kitts and Nevis,KNA,2023,1.1471955
Saint Kitts and Nevis,KNA,2024,1.1714094
Saint Lucia,LCA,1980,0.4683577
Saint Lucia,LCA,1981,0.35030854
Saint Lucia,LCA,1982,0.46707803
Saint Lucia,LCA,1983,0.40869328
Saint Lucia,LCA,1984,0.409813
Saint Lucia,LCA,1985,0.5254628
Saint Lucia,LCA,1986,0.5271968
Saint Lucia,LCA,1987,0.5748212
Saint Lucia,LCA,1988,0.7337702
Saint Lucia,LCA,1989,0.73197705
Saint Lucia,LCA,1990,0.73197705
Saint Lucia,LCA,1991,0.73197705
Saint Lucia,LCA,1992,0.7337702
Saint Lucia,LCA,1993,0.73197705
Saint Lucia,LCA,1994,0.8645196
Saint Lucia,LCA,1995,0.8645196
Saint Lucia,LCA,1996,0.8666403
Saint Lucia,LCA,1997,0.8645196
Saint Lucia,LCA,1998,0.8645196
Saint Lucia,LCA,1999,0.86453
Saint Lucia,LCA,2000,1.4649984
Saint Lucia,LCA,2001,1.5886995
Saint Lucia,LCA,2002,1.4355019
Saint Lucia,LCA,2003,1.5884622
Saint Lucia,LCA,2004,1.5941045
Saint Lucia,LCA,2005,1.644353
Saint Lucia,LCA,2006,1.6587405
Saint Lucia,LCA,2007,1.7149497
Saint Lucia,LCA,2008,1.7625866
Saint Lucia,LCA,2009,1.7193571
Saint Lucia,LCA,2010,1.7970564
Saint Lucia,LCA,2011,1.8239789
Saint Lucia,LCA,2012,1.8154924
Saint Lucia,LCA,2013,1.8108124
Saint Lucia,LCA,2014,1.828423
Saint Lucia,LCA,2015,1.8392124
Saint Lucia,LCA,2016,1.8589386
Saint Lucia,LCA,2017,2.0152793
Saint Lucia,LCA,2018,2.544101
Saint Lucia,LCA,2019,2.5132768
Saint Lucia,LCA,2020,2.3961864
Saint Lucia,LCA,2021,2.4900863
Saint Lucia,LCA,2022,2.5339034
Saint Lucia,LCA,2023,2.5952373
Saint Lucia,LCA,2024,2.64514
Saint Pierre and Miquelon,SPM,1980,0.62395734
Saint Pierre and Miquelon,SPM,1981,0.62225246
Saint Pierre and Miquelon,SPM,1982,0.56002724
Saint Pierre and Miquelon,SPM,1983,0.62225246
Saint Pierre and Miquelon,SPM,1984,0.62395734
Saint Pierre and Miquelon,SPM,1985,0.56002724
Saint Pierre and Miquelon,SPM,1986,0.6893998
Saint Pierre and Miquelon,SPM,1987,0.88626677
Saint Pierre and Miquelon,SPM,1988,0.8901046
Saint Pierre and Miquelon,SPM,1989,1.074621
Saint Pierre and Miquelon,SPM,1990,1.0112433
Saint Pierre and Miquelon,SPM,1991,0.9499879
Saint Pierre and Miquelon,SPM,1992,0.87473804
Saint Pierre and Miquelon,SPM,1993,0.4984846
Saint Pierre and Miquelon,SPM,1994,0.50878376
Saint Pierre and Miquelon,SPM,1995,0.321852
Saint Pierre and Miquelon,SPM,1996,0.3227027
Saint Pierre and Miquelon,SPM,1997,0.18693171
Saint Pierre and Miquelon,SPM,1998,0.2492423
Saint Pierre and Miquelon,SPM,1999,0.2492423
Saint Pierre and Miquelon,SPM,2000,0.28136575
Saint Pierre and Miquelon,SPM,2001,0.28136575
Saint Pierre and Miquelon,SPM,2002,0.30683625
Saint Pierre and Miquelon,SPM,2003,0.34543875
Saint Pierre and Miquelon,SPM,2004,0.33270347
Saint Pierre and Miquelon,SPM,2005,0.34543875
Saint Pierre and Miquelon,SPM,2006,0.34543875
Saint Pierre and Miquelon,SPM,2007,0.358174
Saint Pierre and Miquelon,SPM,2008,0.358174
Saint Pierre and Miquelon,SPM,2009,0.358174
Saint Pierre and Miquelon,SPM,2010,0.37290925
Saint Pierre and Miquelon,SPM,2011,0.3754563
Saint Pierre and Miquelon,SPM,2012,0.37036216
Saint Pierre and Miquelon,SPM,2013,0.37927687
Saint Pierre and Miquelon,SPM,2014,0.39900616
Saint Pierre and Miquelon,SPM,2015,0.39900616
Saint Pierre and Miquelon,SPM,2016,0.40624097
Saint Pierre and Miquelon,SPM,2017,0.39900616
Saint Pierre and Miquelon,SPM,2018,0.28608045
Saint Pierre and Miquelon,SPM,2019,0.30580503
Saint Pierre and Miquelon,SPM,2020,0.28751516
Saint Pierre and Miquelon,SPM,2021,0.2571185
Saint Pierre and Miquelon,SPM,2022,0.2478678
Saint Pierre and Miquelon,SPM,2023,0.29704803
Saint Pierre and Miquelon,SPM,2024,0.3017747
Saint Vincent and the Grenadines,VCT,1980,0.18989696
Saint Vincent and the Grenadines,VCT,1981,0.18942456
Saint Vincent and the Grenadines,VCT,1982,0.19042455
Saint Vincent and the Grenadines,VCT,1983,0.19042455
Saint Vincent and the Grenadines,VCT,1984,0.19489695
Saint Vincent and the Grenadines,VCT,1985,0.19842455
Saint Vincent and the Grenadines,VCT,1986,0.17338264
Saint Vincent and the Grenadines,VCT,1987,0.17638263
Saint Vincent and the Grenadines,VCT,1988,0.20867959
Saint Vincent and the Grenadines,VCT,1989,0.31392515
Saint Vincent and the Grenadines,VCT,1990,0.31705126
Saint Vincent and the Grenadines,VCT,1991,0.29092512
Saint Vincent and the Grenadines,VCT,1992,0.3610577
Saint Vincent and the Grenadines,VCT,1993,0.30092514
Saint Vincent and the Grenadines,VCT,1994,0.5343296
Saint Vincent and the Grenadines,VCT,1995,0.59052145
Saint Vincent and the Grenadines,VCT,1996,0.5354846
Saint Vincent and the Grenadines,VCT,1997,0.62463856
Saint Vincent and the Grenadines,VCT,1998,0.686224
Saint Vincent and the Grenadines,VCT,1999,0.6862304
Saint Vincent and the Grenadines,VCT,2000,0.65133035
Saint Vincent and the Grenadines,VCT,2001,0.77282155
Saint Vincent and the Grenadines,VCT,2002,0.8336138
Saint Vincent and the Grenadines,VCT,2003,0.8779205
Saint Vincent and the Grenadines,VCT,2004,0.9631157
Saint Vincent and the Grenadines,VCT,2005,0.9690738
Saint Vincent and the Grenadines,VCT,2006,0.96734726
Saint Vincent and the Grenadines,VCT,2007,0.9876646
Saint Vincent and the Grenadines,VCT,2008,0.98710686
Saint Vincent and the Grenadines,VCT,2009,1.3441164
Saint Vincent and the Grenadines,VCT,2010,0.97673786
Saint Vincent and the Grenadines,VCT,2011,0.904046
Saint Vincent and the Grenadines,VCT,2012,1.1072698
Saint Vincent and the Grenadines,VCT,2013,0.90105087
Saint Vincent and the Grenadines,VCT,2014,0.9490452
Saint Vincent and the Grenadines,VCT,2015,0.9644317
Saint Vincent and the Grenadines,VCT,2016,0.96475524
Saint Vincent and the Grenadines,VCT,2017,1.1086113
Saint Vincent and the Grenadines,VCT,2018,1.0645465
Saint Vincent and the Grenadines,VCT,2019,0.9771727
Saint Vincent and the Grenadines,VCT,2020,1.0463387
Saint Vincent and the Grenadines,VCT,2021,1.0295953
Saint Vincent and the Grenadines,VCT,2022,1.0729318
Saint Vincent and the Grenadines,VCT,2023,1.1305213
Saint Vincent and the Grenadines,VCT,2024,1.1392366
Samoa,WSM,1980,0.42429993
Samoa,WSM,1981,0.42315975
Samoa,WSM,1982,0.48761114
Samoa,WSM,1983,0.48761114
Samoa,WSM,1984,0.61214274
Samoa,WSM,1985,0.49261114
Samoa,WSM,1986,0.43615973
Samoa,WSM,1987,0.43415976
Samoa,WSM,1988,0.43529993
Samoa,WSM,1989,0.55466217
Samoa,WSM,1990,0.55466217
Samoa,WSM,1991,0.55466217
Samoa,WSM,1992,0.5047812
Samoa,WSM,1993,0.55966216
Samoa,WSM,1994,0.55966216
Samoa,WSM,1995,0.56066215
Samoa,WSM,1996,0.566127
Samoa,WSM,1997,0.5676622
Samoa,WSM,1998,0.5726622
Samoa,WSM,1999,0.57766217
Samoa,WSM,2000,0.8598545
Samoa,WSM,2001,0.8957913
Samoa,WSM,2002,0.925816
Samoa,WSM,2003,0.9516559
Samoa,WSM,2004,0.96116376
Samoa,WSM,2005,0.9746542
Samoa,WSM,2006,1.0095947
Samoa,WSM,2007,1.0822549
Samoa,WSM,2008,1.1113191
Samoa,WSM,2009,1.1695951
Samoa,WSM,2010,1.168333
Samoa,WSM,2011,1.1789306
Samoa,WSM,2012,1.1733701
Samoa,WSM,2013,1.1455619
Samoa,WSM,2014,1.165588
Samoa,WSM,2015,1.3513669
Samoa,WSM,2016,1.4326727
Samoa,WSM,2017,1.373943
Samoa,WSM,2018,1.4059078
Samoa,WSM,2019,1.511493
Samoa,WSM,2020,1.3103726
Samoa,WSM,2021,1.3058369
Samoa,WSM,2022,1.3491608
Samoa,WSM,2023,1.4171841
Samoa,WSM,2024,1.4546034
Sao Tome and Principe,STP,1980,0.12609607
Sao Tome and Principe,STP,1981,0.12577067
Sao Tome and Principe,STP,1982,0.12677068
Sao Tome and Principe,STP,1983,0.12477067
Sao Tome and Principe,STP,1984,0.12709607
Sao Tome and Principe,STP,1985,0.12677068
Sao Tome and Principe,STP,1986,0.13834254
Sao Tome and Principe,STP,1987,0.13934255
Sao Tome and Principe,STP,1988,0.13967198
Sao Tome and Principe,STP,1989,0.13934255
Sao Tome and Principe,STP,1990,0.2639637
Sao Tome and Principe,STP,1991,0.2790898
Sao Tome and Principe,STP,1992,0.27975857
Sao Tome and Principe,STP,1993,0.2790898
Sao Tome and Principe,STP,1994,0.34140038
Sao Tome and Principe,STP,1995,0.34140038
Sao Tome and Principe,STP,1996,0.34223986
Sao Tome and Principe,STP,1997,0.34140038
Sao Tome and Principe,STP,1998,0.3404004
Sao Tome and Principe,STP,1999,0.3424075
Sao Tome and Principe,STP,2000,0.2721719
Sao Tome and Principe,STP,2001,0.26480922
Sao Tome and Principe,STP,2002,0.29699773
Sao Tome and Principe,STP,2003,0.33034813
Sao Tome and Principe,STP,2004,0.37767178
Sao Tome and Principe,STP,2005,0.40377
Sao Tome and Principe,STP,2006,0.42238364
Sao Tome and Principe,STP,2007,0.43641636
Sao Tome and Principe,STP,2008,0.47625443
Sao Tome and Principe,STP,2009,0.50937974
Sao Tome and Principe,STP,2010,0.5535919
Sao Tome and Principe,STP,2011,0.57146686
Sao Tome and Principe,STP,2012,0.6047879
Sao Tome and Principe,STP,2013,0.6047879
Sao Tome and Principe,STP,2014,0.6067879
Sao Tome and Principe,STP,2015,0.628822
Sao Tome and Principe,STP,2016,0.65202117
Sao Tome and Principe,STP,2017,0.66236055
Sao Tome and Principe,STP,2018,0.63050157
Sao Tome and Principe,STP,2019,0.6633291
Sao Tome and Principe,STP,2020,0.6363607
Sao Tome and Principe,STP,2021,0.65902394
Sao Tome and Principe,STP,2022,0.58189636
Sao Tome and Principe,STP,2023,0.6647652
Sao Tome and Principe,STP,2024,0.74188036
Saudi Arabia,SAU,1965,235.13954
Saudi Arabia,SAU,1966,238.3216
Saudi Arabia,SAU,1967,241.76488
Saudi Arabia,SAU,1968,245.51805
Saudi Arabia,SAU,1969,249.66277
Saudi Arabia,SAU,1970,262.85547
Saudi Arabia,SAU,1971,263.27188
Saudi Arabia,SAU,1972,282.1691
Saudi Arabia,SAU,1973,301.00034
Saudi Arabia,SAU,1974,319.35376
Saudi Arabia,SAU,1975,253.26085
Saudi Arabia,SAU,1976,292.7943
Saudi Arabia,SAU,1977,345.7625
Saudi Arabia,SAU,1978,385.33572
Saudi Arabia,SAU,1979,466.8433
Saudi Arabia,SAU,1980,419.91632
Saudi Arabia,SAU,1981,501.23676
Saudi Arabia,SAU,1982,551.85297
Saudi Arabia,SAU,1983,597.982
Saudi Arabia,SAU,1984,715.29803
Saudi Arabia,SAU,1985,729.73376
Saudi Arabia,SAU,1986,784.659
Saudi Arabia,SAU,1987,831.73804
Saudi Arabia,SAU,1988,870.2746
Saudi Arabia,SAU,1989,856.5452
Saudi Arabia,SAU,1990,928.33704
Saudi Arabia,SAU,1991,972.4522
Saudi Arabia,SAU,1992,981.7563
Saudi Arabia,SAU,1993,1002.85034
Saudi Arabia,SAU,1994,1159.5804
Saudi Arabia,SAU,1995,1130.0059
Saudi Arabia,SAU,1996,1168.5529
Saudi Arabia,SAU,1997,1190.249
Saudi Arabia,SAU,1998,1252.577
Saudi Arabia,SAU,1999,1275.4304
Saudi Arabia,SAU,2000,1334.8796
Saudi Arabia,SAU,2001,1422.3324
Saudi Arabia,SAU,2002,1481.3827
Saudi Arabia,SAU,2003,1569.1909
Saudi Arabia,SAU,2004,1702.4476
Saudi Arabia,SAU,2005,1811.106
Saudi Arabia,SAU,2006,1900.1699
Saudi Arabia,SAU,2007,1944.057
Saudi Arabia,SAU,2008,2128.463
Saudi Arabia,SAU,2009,2205.1372
Saudi Arabia,SAU,2010,2451.0996
Saudi Arabia,SAU,2011,2557.2817
Saudi Arabia,SAU,2012,2714.1658
Saudi Arabia,SAU,2013,2731.147
Saudi Arabia,SAU,2014,2931.639
Saudi Arabia,SAU,2015,3056.5479
Saudi Arabia,SAU,2016,3179.767
Saudi Arabia,SAU,2017,3181.7034
Saudi Arabia,SAU,2018,3101.4072
Saudi Arabia,SAU,2019,2968.497
Saudi Arabia,SAU,2020,2886.7622
Saudi Arabia,SAU,2021,2980.729
Saudi Arabia,SAU,2022,3127.6433
Saudi Arabia,SAU,2023,3173.824
Saudi Arabia,SAU,2024,3279.6926
Saudi Arabia,SAU,2025,3340.2634
Senegal,SEN,1980,10.245535
Senegal,SEN,1981,10.217542
Senegal,SEN,1982,10.217542
Senegal,SEN,1983,9.616509
Senegal,SEN,1984,12.053571
Senegal,SEN,1985,11.419605
Senegal,SEN,1986,11.720121
Senegal,SEN,1987,11.861569
Senegal,SEN,1988,10.167631
Senegal,SEN,1989,10.51104
Senegal,SEN,1990,10.639019
Senegal,SEN,1991,9.823525
Senegal,SEN,1992,11.899446
Senegal,SEN,1993,12.407202
Senegal,SEN,1994,14.96541
Senegal,SEN,1995,16.197666
Senegal,SEN,1996,16.336254
Senegal,SEN,1997,14.921141
Senegal,SEN,1998,15.875785
Senegal,SEN,1999,17.482018
Senegal,SEN,2000,19.90346
Senegal,SEN,2001,21.690767
Senegal,SEN,2002,22.127882
Senegal,SEN,2003,22.037933
Senegal,SEN,2004,23.443073
Senegal,SEN,2005,24.395617
Senegal,SEN,2006,24.018076
Senegal,SEN,2007,26.040335
Senegal,SEN,2008,26.609432
Senegal,SEN,2009,25.44075
Senegal,SEN,2010,26.388908
Senegal,SEN,2011,27.69361
Senegal,SEN,2012,27.109943
Senegal,SEN,2013,28.244722
Senegal,SEN,2014,31.419304
Senegal,SEN,2015,36.498035
Senegal,SEN,2016,35.215954
Senegal,SEN,2017,37.26055
Senegal,SEN,2018,39.673042
Senegal,SEN,2019,41.79974
Senegal,SEN,2020,38.546352
Senegal,SEN,2021,44.54943
Senegal,SEN,2022,46.79995
Senegal,SEN,2023,49.635353
Senegal,SEN,2024,49.955856
Serbia,SRB,2006,184.02528
Serbia,SRB,2007,185.16159
Serbia,SRB,2008,185.88312
Serbia,SRB,2009,175.12471
Serbia,SRB,2010,178.85359
Serbia,SRB,2011,187.00969
Serbia,SRB,2012,174.61992
Serbia,SRB,2013,172.2979
Serbia,SRB,2014,150.17957
Serbia,SRB,2015,170.5282
Serbia,SRB,2016,174.13907
Serbia,SRB,2017,181.35506
Serbia,SRB,2018,181.0747
Serbia,SRB,2019,181.05606
Serbia,SRB,2020,178.16061
Serbia,SRB,2021,186.38683
Serbia,SRB,2022,178.31561
Serbia,SRB,2023,175.97652
Serbia,SRB,2024,169.88072
Serbia and Montenegro,OWID_SRM,1992,227.26474
Serbia and Montenegro,OWID_SRM,1993,190.16783
Serbia and Montenegro,OWID_SRM,1994,186.11005
Serbia and Montenegro,OWID_SRM,1995,206.7908
Serbia and Montenegro,OWID_SRM,1996,241.58942
Serbia and Montenegro,OWID_SRM,1997,261.61368
Serbia and Montenegro,OWID_SRM,1998,266.00757
Serbia and Montenegro,OWID_SRM,1999,207.78362
Serbia and Montenegro,OWID_SRM,2000,212.82965
Serbia and Montenegro,OWID_SRM,2001,220.65533
Serbia and Montenegro,OWID_SRM,2002,247.63411
Serbia and Montenegro,OWID_SRM,2003,254.10341
Serbia and Montenegro,OWID_SRM,2004,259.64688
Serbia and Montenegro,OWID_SRM,2005,241.98323
Seychelles,SYC,1980,0.9391766
Seychelles,SYC,1981,0.74928844
Seychelles,SYC,1982,0.68684775
Seychelles,SYC,1983,1.1863735
Seychelles,SYC,1984,1.2522355
Seychelles,SYC,1985,1.3112547
Seychelles,SYC,1986,1.2456359
Seychelles,SYC,1987,1.3155034
Seychelles,SYC,1988,1.9421709
Seychelles,SYC,1989,2.0209935
Seychelles,SYC,1990,1.8049726
Seychelles,SYC,1991,2.0465672
Seychelles,SYC,1992,2.0292149
Seychelles,SYC,1993,2.0861154
Seychelles,SYC,1994,2.0861154
Seychelles,SYC,1995,2.159614
Seychelles,SYC,1996,2.1653597
Seychelles,SYC,1997,2.2935088
Seychelles,SYC,1998,2.2935088
Seychelles,SYC,1999,2.293514
Seychelles,SYC,2000,3.7609556
Seychelles,SYC,2001,4.0456696
Seychelles,SYC,2002,3.5229077
Seychelles,SYC,2003,3.5142403
Seychelles,SYC,2004,4.9049377
Seychelles,SYC,2005,4.46787
Seychelles,SYC,2006,4.7467804
Seychelles,SYC,2007,3.9024446
Seychelles,SYC,2008,4.254021
Seychelles,SYC,2009,4.6369734
Seychelles,SYC,2010,4.1934
Seychelles,SYC,2011,3.6006186
Seychelles,SYC,2012,4.143042
Seychelles,SYC,2013,3.7297227
Seychelles,SYC,2014,4.362126
Seychelles,SYC,2015,4.520126
Seychelles,SYC,2016,5.0349736
Seychelles,SYC,2017,5.249588
Seychelles,SYC,2018,4.2319245
Seychelles,SYC,2019,3.8371065
Seychelles,SYC,2020,3.5946424
Seychelles,SYC,2021,3.406338
Seychelles,SYC,2022,3.606451
Seychelles,SYC,2023,3.9693403
Seychelles,SYC,2024,4.1224236
Sierra Leone,SLE,1980,3.1388664
Sierra Leone,SLE,1981,3.1302903
Sierra Leone,SLE,1982,3.3807135
Sierra Leone,SLE,1983,3.1302903
Sierra Leone,SLE,1984,3.1388664
Sierra Leone,SLE,1985,3.4433193
Sierra Leone,SLE,1986,3.635325
Sierra Leone,SLE,1987,3.9834497
Sierra Leone,SLE,1988,4.334058
Sierra Leone,SLE,1989,4.214711
Sierra Leone,SLE,1990,4.277035
Sierra Leone,SLE,1991,4.530813
Sierra Leone,SLE,1992,3.274965
Sierra Leone,SLE,1993,3.2696078
Sierra Leone,SLE,1994,3.1036975
Sierra Leone,SLE,1995,3.5694616
Sierra Leone,SLE,1996,3.5170188
Sierra Leone,SLE,1997,3.697415
Sierra Leone,SLE,1998,3.6974328
Sierra Leone,SLE,1999,3.697433
Sierra Leone,SLE,2000,1.8462673
Sierra Leone,SLE,2001,2.323792
Sierra Leone,SLE,2002,2.337019
Sierra Leone,SLE,2003,2.4019606
Sierra Leone,SLE,2004,2.397233
Sierra Leone,SLE,2005,2.1644316
Sierra Leone,SLE,2006,2.6532369
Sierra Leone,SLE,2007,2.478917
Sierra Leone,SLE,2008,2.4385335
Sierra Leone,SLE,2009,2.4489725
Sierra Leone,SLE,2010,2.7210867
Sierra Leone,SLE,2011,3.4566474
Sierra Leone,SLE,2012,3.9384518
Sierra Leone,SLE,2013,4.635932
Sierra Leone,SLE,2014,5.080726
Sierra Leone,SLE,2015,4.1210117
Sierra Leone,SLE,2016,4.2188725
Sierra Leone,SLE,2017,4.1761413
Sierra Leone,SLE,2018,4.587371
Sierra Leone,SLE,2019,4.9996705
Sierra Leone,SLE,2020,5.247653
Sierra Leone,SLE,2021,6.471743
Sierra Leone,SLE,2022,6.3478885
Sierra Leone,SLE,2023,6.750129
Sierra Leone,SLE,2024,6.9657664
Singapore,SGP,1965,47.88801
Singapore,SGP,1966,54.743725
Singapore,SGP,1967,65.75602
Singapore,SGP,1968,81.73454
Singapore,SGP,1969,80.31852
Singapore,SGP,1970,87.20537
Singapore,SGP,1971,75.697876
Singapore,SGP,1972,94.78758
Singapore,SGP,1973,89.32662
Singapore,SGP,1974,88.05852
Singapore,SGP,1975,85.98597
Singapore,SGP,1976,101.99188
Singapore,SGP,1977,102.374626
Singapore,SGP,1978,105.37364
Singapore,SGP,1979,112.33331
Singapore,SGP,1980,111.57115
Singapore,SGP,1981,128.3598
Singapore,SGP,1982,124.893654
Singapore,SGP,1983,132.31157
Singapore,SGP,1984,139.10254
Singapore,SGP,1985,141.89365
Singapore,SGP,1986,164.7423
Singapore,SGP,1987,173.22293
Singapore,SGP,1988,200.41585
Singapore,SGP,1989,228.52379
Singapore,SGP,1990,273.08984
Singapore,SGP,1991,278.27527
Singapore,SGP,1992,298.54782
Singapore,SGP,1993,326.17227
Singapore,SGP,1994,373.04385
Singapore,SGP,1995,388.90125
Singapore,SGP,1996,392.43747
Singapore,SGP,1997,412.761
Singapore,SGP,1998,418.4696
Singapore,SGP,1999,414.28653
Singapore,SGP,2000,442.97476
Singapore,SGP,2001,500.64395
Singapore,SGP,2002,482.16357
Singapore,SGP,2003,454.1937
Singapore,SGP,2004,513.4431
Singapore,SGP,2005,542.2251
Singapore,SGP,2006,598.74786
Singapore,SGP,2007,648.40686
Singapore,SGP,2008,690.51483
Singapore,SGP,2009,741.91455
Singapore,SGP,2010,815.8391
Singapore,SGP,2011,847.7537
Singapore,SGP,2012,853.6904
Singapore,SGP,2013,853.22925
Singapore,SGP,2014,870.5577
Singapore,SGP,2015,934.242
Singapore,SGP,2016,969.85614
Singapore,SGP,2017,1009.9853
Singapore,SGP,2018,1016.157
Singapore,SGP,2019,992.8131
Singapore,SGP,2020,929.8198
Singapore,SGP,2021,929.74225
Singapore,SGP,2022,914.1516
Singapore,SGP,2023,968.2949
Singapore,SGP,2024,1021.8284
Singapore,SGP,2025,1023.75555
Slovakia,SVK,1965,102.485916
Slovakia,SVK,1966,106.41491
Slovakia,SVK,1967,107.59183
Slovakia,SVK,1968,119.4072
Slovakia,SVK,1969,125.56498
Slovakia,SVK,1970,137.88483
Slovakia,SVK,1971,149.03159
Slovakia,SVK,1972,156.74115
Slovakia,SVK,1973,163.67375
Slovakia,SVK,1974,170.68132
Slovakia,SVK,1975,179.20369
Slovakia,SVK,1976,186.07184
Slovakia,SVK,1977,194.94922
Slovakia,SVK,1978,205.03333
Slovakia,SVK,1979,212.21808
Slovakia,SVK,1980,215.50615
Slovakia,SVK,1981,214.4847
Slovakia,SVK,1982,212.76605
Slovakia,SVK,1983,213.23987
Slovakia,SVK,1984,230.64983
Slovakia,SVK,1985,237.33298
Slovakia,SVK,1986,236.57423
Slovakia,SVK,1987,241.39586
Slovakia,SVK,1988,242.94879
Slovakia,SVK,1989,246.18013
Slovakia,SVK,1990,247.02255
Slovakia,SVK,1991,219.94554
Slovakia,SVK,1992,208.37065
Slovakia,SVK,1993,200.1569
Slovakia,SVK,1994,197.57294
Slovakia,SVK,1995,203.17464
Slovakia,SVK,1996,203.35971
Slovakia,SVK,1997,201.99986
Slovakia,SVK,1998,197.83496
Slovakia,SVK,1999,200.35062
Slovakia,SVK,2000,205.60925
Slovakia,SVK,2001,220.2045
Slovakia,SVK,2002,223.61116
Slovakia,SVK,2003,220.12476
Slovakia,SVK,2004,214.88518
Slovakia,SVK,2005,220.38309
Slovakia,SVK,2006,218.26239
Slovakia,SVK,2007,204.16634
Slovakia,SVK,2008,211.01187
Slovakia,SVK,2009,189.35956
Slovakia,SVK,2010,201.38179
Slovakia,SVK,2011,196.20251
Slovakia,SVK,2012,188.02968
Slovakia,SVK,2013,191.58586
Slovakia,SVK,2014,179.35338
Slovakia,SVK,2015,182.07843
Slovakia,SVK,2016,183.68776
Slovakia,SVK,2017,193.51746
Slovakia,SVK,2018,191.44673
Slovakia,SVK,2019,184.12888
Slovakia,SVK,2020,180.30225
Slovakia,SVK,2021,195.11731
Slovakia,SVK,2022,181.10336
Slovakia,SVK,2023,185.49898
Slovakia,SVK,2024,178.18225
Slovakia,SVK,2025,179.90155
Slovenia,SVN,1990,64.80921
Slovenia,SVN,1991,63.776623
Slovenia,SVN,1992,59.30492
Slovenia,SVN,1993,61.716362
Slovenia,SVN,1994,65.33091
Slovenia,SVN,1995,69.63958
Slovenia,SVN,1996,73.18097
Slovenia,SVN,1997,75.74356
Slovenia,SVN,1998,74.42262
Slovenia,SVN,1999,73.05994
Slovenia,SVN,2000,72.19496
Slovenia,SVN,2001,75.97287
Slovenia,SVN,2002,76.694435
Slovenia,SVN,2003,75.8869
Slovenia,SVN,2004,78.865295
Slovenia,SVN,2005,80.50428
Slovenia,SVN,2006,80.8513
Slovenia,SVN,2007,81.198235
Slovenia,SVN,2008,88.428055
Slovenia,SVN,2009,79.93151
Slovenia,SVN,2010,80.56112
Slovenia,SVN,2011,79.9988
Slovenia,SVN,2012,76.74657
Slovenia,SVN,2013,74.57104
Slovenia,SVN,2014,74.70453
Slovenia,SVN,2015,70.271194
Slovenia,SVN,2016,74.43983
Slovenia,SVN,2017,76.760994
Slovenia,SVN,2018,77.24808
Slovenia,SVN,2019,75.38272
Slovenia,SVN,2020,71.964874
Slovenia,SVN,2021,71.28402
Slovenia,SVN,2022,67.41338
Slovenia,SVN,2023,67.12106
Slovenia,SVN,2024,70.92401
Slovenia,SVN,2025,68.88574
Solomon Islands,SLB,1980,0.4318388
Solomon Islands,SLB,1981,0.61522704
Solomon Islands,SLB,1982,0.5537043
Solomon Islands,SLB,1983,0.61522704
Solomon Islands,SLB,1984,0.61691254
Solomon Islands,SLB,1985,0.5537043
Solomon Islands,SLB,1986,0.505206
Solomon Islands,SLB,1987,0.5888782
Solomon Islands,SLB,1988,0.7056485
Solomon Islands,SLB,1989,0.7039742
Solomon Islands,SLB,1990,0.7039742
Solomon Islands,SLB,1991,0.7039742
Solomon Islands,SLB,1992,0.7056485
Solomon Islands,SLB,1993,0.7039742
Solomon Islands,SLB,1994,0.7039742
Solomon Islands,SLB,1995,0.7039742
Solomon Islands,SLB,1996,0.7056485
Solomon Islands,SLB,1997,0.7039742
Solomon Islands,SLB,1998,0.7039742
Solomon Islands,SLB,1999,0.70398057
Solomon Islands,SLB,2000,1.0562663
Solomon Islands,SLB,2001,1.1048013
Solomon Islands,SLB,2002,1.1416957
Solomon Islands,SLB,2003,1.1932362
Solomon Islands,SLB,2004,1.2691125
Solomon Islands,SLB,2005,1.300733
Solomon Islands,SLB,2006,1.3493747
Solomon Islands,SLB,2007,1.4384217
Solomon Islands,SLB,2008,1.4597306
Solomon Islands,SLB,2009,1.5107042
Solomon Islands,SLB,2010,1.556493
Solomon Islands,SLB,2011,1.6141676
Solomon Islands,SLB,2012,1.6188295
Solomon Islands,SLB,2013,1.6122818
Solomon Islands,SLB,2014,1.5171127
Solomon Islands,SLB,2015,1.3857856
Solomon Islands,SLB,2016,1.330883
Solomon Islands,SLB,2017,1.3213356
Solomon Islands,SLB,2018,1.3532417
Solomon Islands,SLB,2019,1.331993
Solomon Islands,SLB,2020,1.3041724
Solomon Islands,SLB,2021,1.2899848
Solomon Islands,SLB,2022,1.2513224
Solomon Islands,SLB,2023,1.2780122
Solomon Islands,SLB,2024,1.3446352
Somalia,SOM,1980,4.825299
Somalia,SOM,1981,5.603982
Somalia,SOM,1982,5.54307
Somalia,SOM,1983,5.4212437
Somalia,SOM,1984,5.619335
Somalia,SOM,1985,5.54307
Somalia,SOM,1986,5.915064
Somalia,SOM,1987,4.370138
Somalia,SOM,1988,4.383528
Somalia,SOM,1989,4.4900975
Somalia,SOM,1990,4.0684986
Somalia,SOM,1991,2.4244936
Somalia,SOM,1992,2.2531505
Somalia,SOM,1993,2.3713613
Somalia,SOM,1994,2.3713613
Somalia,SOM,1995,2.3713613
Somalia,SOM,1996,2.3778582
Somalia,SOM,1997,2.3713613
Somalia,SOM,1998,2.3713613
Somalia,SOM,1999,2.371362
Somalia,SOM,2000,2.966189
Somalia,SOM,2001,3.0154185
Somalia,SOM,2002,3.2598057
Somalia,SOM,2003,3.2598057
Somalia,SOM,2004,3.26211
Somalia,SOM,2005,3.2936735
Somalia,SOM,2006,3.3188102
Somalia,SOM,2007,3.3664858
Somalia,SOM,2008,3.3308442
Somalia,SOM,2009,3.3219943
Somalia,SOM,2010,3.405021
Somalia,SOM,2011,3.405021
Somalia,SOM,2012,3.409021
Somalia,SOM,2013,3.409021
Somalia,SOM,2014,3.409121
Somalia,SOM,2015,3.5358272
Somalia,SOM,2016,3.6065166
Somalia,SOM,2017,3.5983646
Somalia,SOM,2018,5.0493035
Somalia,SOM,2019,5.229314
Somalia,SOM,2020,5.680109
Somalia,SOM,2021,5.8159695
Somalia,SOM,2022,6.403441
Somalia,SOM,2023,6.6239095
Somalia,SOM,2024,6.7928796
South Africa,ZAF,1965,354.1561
South Africa,ZAF,1966,356.3585
South Africa,ZAF,1967,371.10397
South Africa,ZAF,1968,391.66095
South Africa,ZAF,1969,403.27368
South Africa,ZAF,1970,421.429
South Africa,ZAF,1971,453.80725
South Africa,ZAF,1972,467.3972
South Africa,ZAF,1973,502.6772
South Africa,ZAF,1974,516.8793
South Africa,ZAF,1975,551.2158
South Africa,ZAF,1976,573.93054
South Africa,ZAF,1977,587.9557
South Africa,ZAF,1978,582.2751
South Africa,ZAF,1979,602.8592
South Africa,ZAF,1980,643.9229
South Africa,ZAF,1981,748.6913
South Africa,ZAF,1982,806.72723
South Africa,ZAF,1983,818.2887
South Africa,ZAF,1984,895.18243
South Africa,ZAF,1985,914.3596
South Africa,ZAF,1986,930.22205
South Africa,ZAF,1987,944.4754
South Africa,ZAF,1988,1038.1345
South Africa,ZAF,1989,992.4621
South Africa,ZAF,1990,1029.3212
South Africa,ZAF,1991,1020.13617
South Africa,ZAF,1992,1027.3572
South Africa,ZAF,1993,1026.371
South Africa,ZAF,1994,1069.0767
South Africa,ZAF,1995,1118.6598
South Africa,ZAF,1996,1139.4418
South Africa,ZAF,1997,1163.8632
South Africa,ZAF,1998,1144.4888
South Africa,ZAF,1999,1184.7668
South Africa,ZAF,2000,1185.6411
South Africa,ZAF,2001,1190.376
South Africa,ZAF,2002,1159.7782
South Africa,ZAF,2003,1203.1466
South Africa,ZAF,2004,1280.2996
South Africa,ZAF,2005,1325.6007
South Africa,ZAF,2006,1395.911
South Africa,ZAF,2007,1437.8826
South Africa,ZAF,2008,1467.8254
South Africa,ZAF,2009,1388.884
South Africa,ZAF,2010,1435.8195
South Africa,ZAF,2011,1391.316
South Africa,ZAF,2012,1447.3413
South Africa,ZAF,2013,1446.9426
South Africa,ZAF,2014,1408.5903
South Africa,ZAF,2015,1410.8322
South Africa,ZAF,2016,1428.1793
South Africa,ZAF,2017,1366.365
South Africa,ZAF,2018,1411.4144
South Africa,ZAF,2019,1483.6376
South Africa,ZAF,2020,1331.8547
South Africa,ZAF,2021,1343.3751
South Africa,ZAF,2022,1292.3031
South Africa,ZAF,2023,1347.5718
South Africa,ZAF,2024,1402.3671
South Africa,ZAF,2025,1398.0275
South America,OWID_SAM,1980,2298.0842
South America,OWID_SAM,1981,2297.6833
South America,OWID_SAM,1982,2311.8867
South America,OWID_SAM,1983,2256.7502
South America,OWID_SAM,1984,2374.8481
South America,OWID_SAM,1985,2416.5525
South America,OWID_SAM,1986,2601.2449
South America,OWID_SAM,1987,2622.6743
South America,OWID_SAM,1988,2695.2427
South America,OWID_SAM,1989,2776.078
South America,OWID_SAM,1990,2950.4016
South America,OWID_SAM,1991,2909.4373
South America,OWID_SAM,1992,3007.5825
South America,OWID_SAM,1993,3160.8801
South America,OWID_SAM,1994,3292.176
South America,OWID_SAM,1995,3455.2085
South America,OWID_SAM,1996,3659.2341
South America,OWID_SAM,1997,3846.6658
South America,OWID_SAM,1998,4000.6719
South America,OWID_SAM,1999,3993.925
South America,OWID_SAM,2000,4178.721
South America,OWID_SAM,2001,4247.1157
South America,OWID_SAM,2002,4200.507
South America,OWID_SAM,2003,4236.2275
South America,OWID_SAM,2004,4538.8384
South America,OWID_SAM,2005,4645.9185
South America,OWID_SAM,2006,4868.052
South America,OWID_SAM,2007,4997.2344
South America,OWID_SAM,2008,5265.6274
South America,OWID_SAM,2009,5163.16
South America,OWID_SAM,2010,5559.987
South America,OWID_SAM,2011,5755.777
South America,OWID_SAM,2012,6059.904
South America,OWID_SAM,2013,6198.2983
South America,OWID_SAM,2014,6315.8345
South America,OWID_SAM,2015,6296.4233
South America,OWID_SAM,2016,6226.867
South America,OWID_SAM,2017,6195.4375
South America,OWID_SAM,2018,6074.9546
South America,OWID_SAM,2019,5963.751
South America,OWID_SAM,2020,5391.1484
South America,OWID_SAM,2021,5943.9087
South America,OWID_SAM,2022,6084.232
South America,OWID_SAM,2023,6134.333
South America,OWID_SAM,2024,6349.6016
South Korea,KOR,1965,73.42677
South Korea,KOR,1966,88.84008
South Korea,KOR,1967,102.41918
South Korea,KOR,1968,117.70066
South Korea,KOR,1969,141.53596
South Korea,KOR,1970,165.07693
South Korea,KOR,1971,178.60701
South Korea,KOR,1972,185.17557
South Korea,KOR,1973,229.82362
South Korea,KOR,1974,237.83995
South Korea,KOR,1975,262.3039
South Korea,KOR,1976,293.6302
South Korea,KOR,1977,338.9374
South Korea,KOR,1978,379.6162
South Korea,KOR,1979,437.26578
South Korea,KOR,1980,450.9441
South Korea,KOR,1981,470.81393
South Korea,KOR,1982,472.92056
South Korea,KOR,1983,514.2836
South Korea,KOR,1984,563.0752
South Korea,KOR,1985,621.1649
South Korea,KOR,1986,699.84204
South Korea,KOR,1987,776.3065
South Korea,KOR,1988,870.54535
South Korea,KOR,1989,945.55273
South Korea,KOR,1990,1079.7695
South Korea,KOR,1991,1228.9666
South Korea,KOR,1992,1381.5687
South Korea,KOR,1993,1512.8981
South Korea,KOR,1994,1638.6044
South Korea,KOR,1995,1787.885
South Korea,KOR,1996,1974.9526
South Korea,KOR,1997,2156.432
South Korea,KOR,1998,1973.4532
South Korea,KOR,1999,2151.6084
South Korea,KOR,2000,2273.9028
South Korea,KOR,2001,2334.5952
South Korea,KOR,2002,2441.7642
South Korea,KOR,2003,2520.7297
South Korea,KOR,2004,2591.576
South Korea,KOR,2005,2677.2297
South Korea,KOR,2006,2731.1807
South Korea,KOR,2007,2804.5244
South Korea,KOR,2008,2860.706
South Korea,KOR,2009,2877.0354
South Korea,KOR,2010,3100.9695
South Korea,KOR,2011,3256.3252
South Korea,KOR,2012,3290.8438
South Korea,KOR,2013,3286.2097
South Korea,KOR,2014,3323.7153
South Korea,KOR,2015,3379.6667
South Korea,KOR,2016,3495.4124
South Korea,KOR,2017,3526.502
South Korea,KOR,2018,3598.85
South Korea,KOR,2019,3553.8242
South Korea,KOR,2020,3416.766
South Korea,KOR,2021,3597.958
South Korea,KOR,2022,3645.7886
South Korea,KOR,2023,3580.788
South Korea,KOR,2024,3660.2314
South Korea,KOR,2025,3603.5198
South Sudan,SSD,2012,5.9631734
South Sudan,SSD,2013,6.3077064
South Sudan,SSD,2014,6.525883
South Sudan,SSD,2015,7.998528
South Sudan,SSD,2016,7.7248573
South Sudan,SSD,2017,6.7675223
South Sudan,SSD,2018,7.863707
South Sudan,SSD,2019,7.4193354
South Sudan,SSD,2020,6.7181153
South Sudan,SSD,2021,7.2610836
South Sudan,SSD,2022,6.8123536
South Sudan,SSD,2023,7.1208115
South Sudan,SSD,2024,7.3000245
South and Central America (EI),,1965,1284.0378
South and Central America (EI),,1966,1357.1803
South and Central America (EI),,1967,1407.7207
South and Central America (EI),,1968,1489.8461
South and Central America (EI),,1969,1550.6357
South and Central America (EI),,1970,1660.3032
South and Central America (EI),,1971,1737.0378
South and Central America (EI),,1972,1870.4596
South and Central America (EI),,1973,2050.5935
South and Central America (EI),,1974,2154.7695
South and Central America (EI),,1975,2163.5505
South and Central America (EI),,1976,2296.378
South and Central America (EI),,1977,2427.7998
South and Central America (EI),,1978,2545.5679
South and Central America (EI),,1979,2687.9636
South and Central America (EI),,1980,2754.0466
South and Central America (EI),,1981,2737.2224
South and Central America (EI),,1982,2746.986
South and Central America (EI),,1983,2733.7664
South and Central America (EI),,1984,2821.4368
South and Central America (EI),,1985,2875.6968
South and Central America (EI),,1986,3032.258
South and Central America (EI),,1987,3126.6392
South and Central America (EI),,1988,3228.529
South and Central America (EI),,1989,3285.5479
South and Central America (EI),,1990,3284.1807
South and Central America (EI),,1991,3350.8088
South and Central America (EI),,1992,3484.6902
South and Central America (EI),,1993,3588.562
South and Central America (EI),,1994,3801.6584
South and Central America (EI),,1995,3998.172
South and Central America (EI),,1996,4168.6196
South and Central America (EI),,1997,4379.524
South and Central America (EI),,1998,4528.348
South and Central America (EI),,1999,4543.947
South and Central America (EI),,2000,4720.199
South and Central America (EI),,2001,4800.871
South and Central America (EI),,2002,4829.427
South and Central America (EI),,2003,4844.026
South and Central America (EI),,2004,5142.6597
South and Central America (EI),,2005,5278.44
South and Central America (EI),,2006,5571.932
South and Central America (EI),,2007,5829.7197
South and Central America (EI),,2008,6021.849
South and Central America (EI),,2009,5930.282
South and Central America (EI),,2010,6277.798
South and Central America (EI),,2011,6514.5713
South and Central America (EI),,2012,6778.911
South and Central America (EI),,2013,6961.945
South and Central America (EI),,2014,7087.928
South and Central America (EI),,2015,7080.308
South and Central America (EI),,2016,6991.731
South and Central America (EI),,2017,6981.541
South and Central America (EI),,2018,6877.1587
South and Central America (EI),,2019,6861.6846
South and Central America (EI),,2020,6212.394
South and Central America (EI),,2021,6762.3154
South and Central America (EI),,2022,6956.229
South and Central America (EI),,2023,7093.3613
South and Central America (EI),,2024,7217.077
South and Central America (EI),,2025,7267.7476
Spain,ESP,1965,298.87936
Spain,ESP,1966,328.45905
Spain,ESP,1967,367.2027
Spain,ESP,1968,385.30826
Spain,ESP,1969,430.4784
Spain,ESP,1970,474.58136
Spain,ESP,1971,520.4151
Spain,ESP,1972,561.0561
Spain,ESP,1973,633.91003
Spain,ESP,1974,658.9305
Spain,ESP,1975,687.25616
Spain,ESP,1976,747.7812
Spain,ESP,1977,739.916
Spain,ESP,1978,742.2819
Spain,ESP,1979,793.20447
Spain,ESP,1980,830.1283
Spain,ESP,1981,853.05304
Spain,ESP,1982,843.88257
Spain,ESP,1983,864.00757
Spain,ESP,1984,872.3325
Spain,ESP,1985,866.3622
Spain,ESP,1986,896.978
Spain,ESP,1987,930.6389
Spain,ESP,1988,960.42957
Spain,ESP,1989,1041.2554
Spain,ESP,1990,1029.3549
Spain,ESP,1991,1063.7119
Spain,ESP,1992,1132.5457
Spain,ESP,1993,1084.2651
Spain,ESP,1994,1129.7418
Spain,ESP,1995,1184.1495
Spain,ESP,1996,1198.6248
Spain,ESP,1997,1258.4802
Spain,ESP,1998,1319.4465
Spain,ESP,1999,1402.5944
Spain,ESP,2000,1469.945
Spain,ESP,2001,1507.6244
Spain,ESP,2002,1566.7002
Spain,ESP,2003,1608.541
Spain,ESP,2004,1671.5304
Spain,ESP,2005,1713.3209
Spain,ESP,2006,1709.6576
Spain,ESP,2007,1744.3188
Spain,ESP,2008,1686.8564
Spain,ESP,2009,1543.9971
Spain,ESP,2010,1549.5925
Spain,ESP,2011,1539.0449
Spain,ESP,2012,1528.4323
Spain,ESP,2013,1418.9137
Spain,ESP,2014,1398.814
Spain,ESP,2015,1443.1691
Spain,ESP,2016,1443.1166
Spain,ESP,2017,1492.908
Spain,ESP,2018,1493.8407
Spain,ESP,2019,1463.79
Spain,ESP,2020,1276.6892
Spain,ESP,2021,1368.1233
Spain,ESP,2022,1435.454
Spain,ESP,2023,1377.695
Spain,ESP,2024,1412.9535
Spain,ESP,2025,1443.575
Sri Lanka,LKA,1965,9.739515
Sri Lanka,LKA,1966,10.000323
Sri Lanka,LKA,1967,10.244314
Sri Lanka,LKA,1968,10.555402
Sri Lanka,LKA,1969,10.852509
Sri Lanka,LKA,1970,18.314821
Sri Lanka,LKA,1971,18.515594
Sri Lanka,LKA,1972,19.458723
Sri Lanka,LKA,1973,20.492739
Sri Lanka,LKA,1974,16.810024
Sri Lanka,LKA,1975,17.46858
Sri Lanka,LKA,1976,17.07705
Sri Lanka,LKA,1977,18.304592
Sri Lanka,LKA,1978,19.014051
Sri Lanka,LKA,1979,19.949352
Sri Lanka,LKA,1980,20.116886
Sri Lanka,LKA,1981,21.087181
Sri Lanka,LKA,1982,22.885048
Sri Lanka,LKA,1983,23.291073
Sri Lanka,LKA,1984,23.120613
Sri Lanka,LKA,1985,21.007748
Sri Lanka,LKA,1986,21.870989
Sri Lanka,LKA,1987,23.552801
Sri Lanka,LKA,1988,22.434452
Sri Lanka,LKA,1989,21.313574
Sri Lanka,LKA,1990,23.73265
Sri Lanka,LKA,1991,23.72741
Sri Lanka,LKA,1992,26.3234
Sri Lanka,LKA,1993,27.472122
Sri Lanka,LKA,1994,29.807146
Sri Lanka,LKA,1995,31.904182
Sri Lanka,LKA,1996,36.49092
Sri Lanka,LKA,1997,37.48739
Sri Lanka,LKA,1998,39.4941
Sri Lanka,LKA,1999,42.53712
Sri Lanka,LKA,2000,47.268524
Sri Lanka,LKA,2001,45.982708
Sri Lanka,LKA,2002,48.317696
Sri Lanka,LKA,2003,48.74462
Sri Lanka,LKA,2004,47.90807
Sri Lanka,LKA,2005,55.326405
Sri Lanka,LKA,2006,57.750652
Sri Lanka,LKA,2007,60.19392
Sri Lanka,LKA,2008,56.065292
Sri Lanka,LKA,2009,57.46203
Sri Lanka,LKA,2010,59.481106
Sri Lanka,LKA,2011,67.335915
Sri Lanka,LKA,2012,71.92355
Sri Lanka,LKA,2013,66.824455
Sri Lanka,LKA,2014,77.57271
Sri Lanka,LKA,2015,80.50362
Sri Lanka,LKA,2016,93.03459
Sri Lanka,LKA,2017,99.04085
Sri Lanka,LKA,2018,100.4754
Sri Lanka,LKA,2019,103.49635
Sri Lanka,LKA,2020,92.86373
Sri Lanka,LKA,2021,95.96184
Sri Lanka,LKA,2022,80.52642
Sri Lanka,LKA,2023,86.49638
Sri Lanka,LKA,2024,95.807625
Sri Lanka,LKA,2025,100.4353
Sudan,SDN,1980,14.186952
Sudan,SDN,1981,15.013853
Sudan,SDN,1982,16.279428
Sudan,SDN,1983,15.650917
Sudan,SDN,1984,14.433727
Sudan,SDN,1985,16.421204
Sudan,SDN,1986,18.28207
Sudan,SDN,1987,17.540579
Sudan,SDN,1988,19.15228
Sudan,SDN,1989,18.502567
Sudan,SDN,1990,16.686346
Sudan,SDN,1991,23.782324
Sudan,SDN,1992,21.720959
Sudan,SDN,1993,20.49331
Sudan,SDN,1994,18.59824
Sudan,SDN,1995,17.284128
Sudan,SDN,1996,17.390116
Sudan,SDN,1997,17.862886
Sudan,SDN,1998,17.915195
Sudan,SDN,1999,19.20183
Sudan,SDN,2000,28.769615
Sudan,SDN,2001,30.867027
Sudan,SDN,2002,37.032547
Sudan,SDN,2003,38.755005
Sudan,SDN,2004,42.859837
Sudan,SDN,2005,49.807808
Sudan,SDN,2006,59.670906
Sudan,SDN,2007,63.35883
Sudan,SDN,2008,69.29025
Sudan,SDN,2009,71.644165
Sudan,SDN,2010,76.453766
Sudan,SDN,2011,72.92818
Sudan,SDN,2012,70.12567
Sudan,SDN,2013,71.34884
Sudan,SDN,2014,72.67571
Sudan,SDN,2015,76.66604
Sudan,SDN,2016,92.58589
Sudan,SDN,2017,93.20285
Sudan,SDN,2018,95.545815
Sudan,SDN,2019,96.403275
Sudan,SDN,2020,80.28352
Sudan,SDN,2021,81.88894
Sudan,SDN,2022,91.55798
Sudan,SDN,2023,67.413994
Sudan,SDN,2024,64.65436
Suriname,SUR,1980,9.630483
Suriname,SUR,1981,8.302356
Suriname,SUR,1982,7.905243
Suriname,SUR,1983,5.698904
Suriname,SUR,1984,5.0322948
Suriname,SUR,1985,6.320772
Suriname,SUR,1986,6.081479
Suriname,SUR,1987,4.87604
Suriname,SUR,1988,5.518382
Suriname,SUR,1989,6.5230675
Suriname,SUR,1990,7.657673
Suriname,SUR,1991,7.454061
Suriname,SUR,1992,7.1545634
Suriname,SUR,1993,7.3961964
Suriname,SUR,1994,7.3831487
Suriname,SUR,1995,7.3436985
Suriname,SUR,1996,7.210469
Suriname,SUR,1997,7.46174
Suriname,SUR,1998,7.4517775
Suriname,SUR,1999,7.468778
Suriname,SUR,2000,6.950342
Suriname,SUR,2001,6.785881
Suriname,SUR,2002,7.6902575
Suriname,SUR,2003,6.6342483
Suriname,SUR,2004,7.717261
Suriname,SUR,2005,7.7732434
Suriname,SUR,2006,8.555403
Suriname,SUR,2007,7.8998117
Suriname,SUR,2008,9.651385
Suriname,SUR,2009,9.867324
Suriname,SUR,2010,11.55256
Suriname,SUR,2011,9.30717
Suriname,SUR,2012,10.661273
Suriname,SUR,2013,9.942857
Suriname,SUR,2014,9.99937
Suriname,SUR,2015,9.574217
Suriname,SUR,2016,9.163984
Suriname,SUR,2017,10.282017
Suriname,SUR,2018,8.478574
Suriname,SUR,2019,10.124675
Suriname,SUR,2020,9.390372
Suriname,SUR,2021,10.799623
Suriname,SUR,2022,11.41064
Suriname,SUR,2023,9.811641
Suriname,SUR,2024,9.849472
Sweden,SWE,1965,302.10782
Sweden,SWE,1966,330.02243
Sweden,SWE,1967,332.7747
Sweden,SWE,1968,362.97318
Sweden,SWE,1969,376.479
Sweden,SWE,1970,405.32486
Sweden,SWE,1971,393.52603
Sweden,SWE,1972,405.292
Sweden,SWE,1973,423.0151
Sweden,SWE,1974,387.81958
Sweden,SWE,1975,418.917
Sweden,SWE,1976,458.46588
Sweden,SWE,1977,454.46082
Sweden,SWE,1978,537.36066
Sweden,SWE,1979,565.57916
Sweden,SWE,1980,530.81464
Sweden,SWE,1981,526.26575
Sweden,SWE,1982,504.49814
Sweden,SWE,1983,484.66794
Sweden,SWE,1984,513.2852
Sweden,SWE,1985,563.6894
Sweden,SWE,1986,610.81555
Sweden,SWE,1987,573.9159
Sweden,SWE,1988,562.2127
Sweden,SWE,1989,542.6955
Sweden,SWE,1990,515.249
Sweden,SWE,1991,525.56146
Sweden,SWE,1992,493.7263
Sweden,SWE,1993,494.5677
Sweden,SWE,1994,538.3539
Sweden,SWE,1995,534.38995
Sweden,SWE,1996,550.17944
Sweden,SWE,1997,539.3418
Sweden,SWE,1998,559.71356
Sweden,SWE,1999,546.14636
Sweden,SWE,2000,494.72366
Sweden,SWE,2001,549.81415
Sweden,SWE,2002,540.93365
Sweden,SWE,2003,532.51685
Sweden,SWE,2004,580.3129
Sweden,SWE,2005,565.69293
Sweden,SWE,2006,544.92975
Sweden,SWE,2007,546.5511
Sweden,SWE,2008,538.1201
Sweden,SWE,2009,478.90326
Sweden,SWE,2010,520.61597
Sweden,SWE,2011,507.86664
Sweden,SWE,2012,526.5687
Sweden,SWE,2013,512.5385
Sweden,SWE,2014,504.09744
Sweden,SWE,2015,488.44974
Sweden,SWE,2016,504.8506
Sweden,SWE,2017,518.1815
Sweden,SWE,2018,514.5401
Sweden,SWE,2019,525.99677
Sweden,SWE,2020,462.26886
Sweden,SWE,2021,495.04855
Sweden,SWE,2022,481.12555
Sweden,SWE,2023,461.43088
Sweden,SWE,2024,468.7245
Sweden,SWE,2025,459.58582
Switzerland,CHE,1965,135.31018
Switzerland,CHE,1966,142.25056
Switzerland,CHE,1967,151.02713
Switzerland,CHE,1968,162.22578
Switzerland,CHE,1969,172.3961
Switzerland,CHE,1970,192.31563
Switzerland,CHE,1971,198.29344
Switzerland,CHE,1972,204.37599
Switzerland,CHE,1973,226.8378
Switzerland,CHE,1974,212.28745
Switzerland,CHE,1975,213.95085
Switzerland,CHE,1976,214.08066
Switzerland,CHE,1977,225.67915
Switzerland,CHE,1978,227.82855
Switzerland,CHE,1979,231.12709
Switzerland,CHE,1980,244.50703
Switzerland,CHE,1981,241.0852
Switzerland,CHE,1982,233.20065
Switzerland,CHE,1983,247.10211
Switzerland,CHE,1984,248.01942
Switzerland,CHE,1985,265.3106
Switzerland,CHE,1986,279.7171
Switzerland,CHE,1987,274.32428
Switzerland,CHE,1988,274.6675
Switzerland,CHE,1989,264.17987
Switzerland,CHE,1990,277.7635
Switzerland,CHE,1991,282.1115
Switzerland,CHE,1992,286.45917
Switzerland,CHE,1993,279.8337
Switzerland,CHE,1994,291.07645
Switzerland,CHE,1995,279.82642
Switzerland,CHE,1996,280.72986
Switzerland,CHE,1997,293.4281
Switzerland,CHE,1998,296.62662
Switzerland,CHE,1999,299.75708
Switzerland,CHE,2000,297.14676
Switzerland,CHE,2001,314.5002
Switzerland,CHE,2002,300.77393
Switzerland,CHE,2003,298.8549
Switzerland,CHE,2004,300.54364
Switzerland,CHE,2005,288.9191
Switzerland,CHE,2006,300.98434
Switzerland,CHE,2007,298.9786
Switzerland,CHE,2008,306.1893
Switzerland,CHE,2009,300.2552
Switzerland,CHE,2010,304.73743
Switzerland,CHE,2011,287.61954
Switzerland,CHE,2012,296.1261
Switzerland,CHE,2013,302.3649
Switzerland,CHE,2014,289.49747
Switzerland,CHE,2015,279.58173
Switzerland,CHE,2016,265.3037
Switzerland,CHE,2017,266.81927
Switzerland,CHE,2018,272.80453
Switzerland,CHE,2019,282.9449
Switzerland,CHE,2020,254.58466
Switzerland,CHE,2021,234.62813
Switzerland,CHE,2022,254.26822
Switzerland,CHE,2023,261.75272
Switzerland,CHE,2024,267.26453
Switzerland,CHE,2025,243.88394
Syria,SYR,1980,75.50859
Syria,SYR,1981,79.31257
Syria,SYR,1982,80.21993
Syria,SYR,1983,91.17397
Syria,SYR,1984,101.36774
Syria,SYR,1985,106.100044
Syria,SYR,1986,107.185524
Syria,SYR,1987,120.52686
Syria,SYR,1988,126.84688
Syria,SYR,1989,135.96358
Syria,SYR,1990,158.48817
Syria,SYR,1991,146.64055
Syria,SYR,1992,151.42744
Syria,SYR,1993,168.70726
Syria,SYR,1994,179.73128
Syria,SYR,1995,172.81665
Syria,SYR,1996,186.63658
Syria,SYR,1997,198.65735
Syria,SYR,1998,214.04958
Syria,SYR,1999,220.4279
Syria,SYR,2000,211.44377
Syria,SYR,2001,208.39253
Syria,SYR,2002,228.14468
Syria,SYR,2003,220.85371
Syria,SYR,2004,243.68594
Syria,SYR,2005,276.08044
Syria,SYR,2006,288.87772
Syria,SYR,2007,299.18423
Syria,SYR,2008,304.93967
Syria,SYR,2009,286.93448
Syria,SYR,2010,295.73798
Syria,SYR,2011,265.7485
Syria,SYR,2012,204.21463
Syria,SYR,2013,148.97769
Syria,SYR,2014,132.91504
Syria,SYR,2015,121.299416
Syria,SYR,2016,117.298775
Syria,SYR,2017,118.333855
Syria,SYR,2018,131.40633
Syria,SYR,2019,118.41222
Syria,SYR,2020,108.04977
Syria,SYR,2021,116.80687
Syria,SYR,2022,108.88599
Syria,SYR,2023,115.73757
Syria,SYR,2024,116.61496
Taiwan,TWN,1965,65.2969
Taiwan,TWN,1966,70.168526
Taiwan,TWN,1967,77.11295
Taiwan,TWN,1968,86.94589
Taiwan,TWN,1969,92.94986
Taiwan,TWN,1970,102.07138
Taiwan,TWN,1971,129.17209
Taiwan,TWN,1972,137.35481
Taiwan,TWN,1973,162.1826
Taiwan,TWN,1974,152.47581
Taiwan,TWN,1975,167.82469
Taiwan,TWN,1976,208.50468
Taiwan,TWN,1977,230.15012
Taiwan,TWN,1978,271.9626
Taiwan,TWN,1979,290.75266
Taiwan,TWN,1980,310.52408
Taiwan,TWN,1981,287.35086
Taiwan,TWN,1982,320.87445
Taiwan,TWN,1983,357.85294
Taiwan,TWN,1984,375.83408
Taiwan,TWN,1985,391.15802
Taiwan,TWN,1986,425.65533
Taiwan,TWN,1987,463.71936
Taiwan,TWN,1988,513.80536
Taiwan,TWN,1989,544.2235
Taiwan,TWN,1990,578.0662
Taiwan,TWN,1991,616.52527
Taiwan,TWN,1992,649.5072
Taiwan,TWN,1993,692.4678
Taiwan,TWN,1994,733.23785
Taiwan,TWN,1995,779.7961
Taiwan,TWN,1996,812.656
Taiwan,TWN,1997,858.89465
Taiwan,TWN,1998,907.6231
Taiwan,TWN,1999,952.62366
Taiwan,TWN,2000,1019.43286
Taiwan,TWN,2001,1051.1393
Taiwan,TWN,2002,1099.3756
Taiwan,TWN,2003,1148.9546
Taiwan,TWN,2004,1197.3684
Taiwan,TWN,2005,1211.9889
Taiwan,TWN,2006,1244.6969
Taiwan,TWN,2007,1296.4966
Taiwan,TWN,2008,1249.4178
Taiwan,TWN,2009,1214.4343
Taiwan,TWN,2010,1300.2035
Taiwan,TWN,2011,1296.2261
Taiwan,TWN,2012,1282.6068
Taiwan,TWN,2013,1308.9487
Taiwan,TWN,2014,1340.9849
Taiwan,TWN,2015,1337.3179
Taiwan,TWN,2016,1338.751
Taiwan,TWN,2017,1336.4822
Taiwan,TWN,2018,1343.2104
Taiwan,TWN,2019,1315.4802
Taiwan,TWN,2020,1277.4153
Taiwan,TWN,2021,1352.9476
Taiwan,TWN,2022,1287.9493
Taiwan,TWN,2023,1220.7831
Taiwan,TWN,2024,1200.437
Taiwan,TWN,2025,1184.0961
Tajikistan,TJK,1992,50.776814
Tajikistan,TJK,1993,42.227222
Tajikistan,TJK,1994,40.720493
Tajikistan,TJK,1995,32.010292
Tajikistan,TJK,1996,37.62243
Tajikistan,TJK,1997,37.041824
Tajikistan,TJK,1998,38.31939
Tajikistan,TJK,1999,44.23113
Tajikistan,TJK,2000,31.538706
Tajikistan,TJK,2001,33.328926
Tajikistan,TJK,2002,33.20192
Tajikistan,TJK,2003,34.953342
Tajikistan,TJK,2004,36.695118
Tajikistan,TJK,2005,37.10282
Tajikistan,TJK,2006,36.477432
Tajikistan,TJK,2007,32.009098
Tajikistan,TJK,2008,29.399385
Tajikistan,TJK,2009,26.228369
Tajikistan,TJK,2010,27.174948
Tajikistan,TJK,2011,27.018785
Tajikistan,TJK,2012,29.918667
Tajikistan,TJK,2013,31.646156
Tajikistan,TJK,2014,35.016037
Tajikistan,TJK,2015,34.28134
Tajikistan,TJK,2016,37.18805
Tajikistan,TJK,2017,37.74801
Tajikistan,TJK,2018,40.658264
Tajikistan,TJK,2019,44.148434
Tajikistan,TJK,2020,46.341423
Tajikistan,TJK,2021,46.50798
Tajikistan,TJK,2022,49.124966
Tajikistan,TJK,2023,50.064957
Tajikistan,TJK,2024,53.40183
Tanzania,TZA,1980,9.0235405
Tanzania,TZA,1981,10.883102
Tanzania,TZA,1982,10.275596
Tanzania,TZA,1983,9.078583
Tanzania,TZA,1984,10.366931
Tanzania,TZA,1985,10.361596
Tanzania,TZA,1986,12.178976
Tanzania,TZA,1987,10.9062605
Tanzania,TZA,1988,11.665064
Tanzania,TZA,1989,11.57026
Tanzania,TZA,1990,12.822829
Tanzania,TZA,1991,11.11651
Tanzania,TZA,1992,12.052895
Tanzania,TZA,1993,12.62528
Tanzania,TZA,1994,11.400488
Tanzania,TZA,1995,11.186646
Tanzania,TZA,1996,11.59297
Tanzania,TZA,1997,11.196019
Tanzania,TZA,1998,12.152157
Tanzania,TZA,1999,12.794149
Tanzania,TZA,2000,13.381573
Tanzania,TZA,2001,15.074674
Tanzania,TZA,2002,16.94509
Tanzania,TZA,2003,17.549484
Tanzania,TZA,2004,22.538147
Tanzania,TZA,2005,25.589325
Tanzania,TZA,2006,27.026228
Tanzania,TZA,2007,27.506863
Tanzania,TZA,2008,28.737507
Tanzania,TZA,2009,28.352245
Tanzania,TZA,2010,33.216602
Tanzania,TZA,2011,35.138107
Tanzania,TZA,2012,43.470055
Tanzania,TZA,2013,45.60185
Tanzania,TZA,2014,46.294476
Tanzania,TZA,2015,48.82784
Tanzania,TZA,2016,53.56961
Tanzania,TZA,2017,48.2241
Tanzania,TZA,2018,56.367825
Tanzania,TZA,2019,60.15745
Tanzania,TZA,2020,57.30314
Tanzania,TZA,2021,66.316216
Tanzania,TZA,2022,75.404274
Tanzania,TZA,2023,77.90195
Tanzania,TZA,2024,79.18616
Thailand,THA,1965,29.0607
Thailand,THA,1966,34.511414
Thailand,THA,1967,39.001232
Thailand,THA,1968,50.722126
Thailand,THA,1969,54.42739
Thailand,THA,1970,63.776413
Thailand,THA,1971,70.5091
Thailand,THA,1972,87.04513
Thailand,THA,1973,92.208664
Thailand,THA,1974,94.954765
Thailand,THA,1975,103.465485
Thailand,THA,1976,109.16675
Thailand,THA,1977,121.533134
Thailand,THA,1978,132.31328
Thailand,THA,1979,138.62161
Thailand,THA,1980,142.87018
Thailand,THA,1981,140.37779
Thailand,THA,1982,142.31546
Thailand,THA,1983,157.0863
Thailand,THA,1984,174.12967
Thailand,THA,1985,183.06853
Thailand,THA,1986,191.64551
Thailand,THA,1987,223.17047
Thailand,THA,1988,252.82642
Thailand,THA,1989,290.20688
Thailand,THA,1990,344.31168
Thailand,THA,1991,381.63855
Thailand,THA,1992,419.0705
Thailand,THA,1993,477.69424
Thailand,THA,1994,536.2174
Thailand,THA,1995,602.1475
Thailand,THA,1996,681.8164
Thailand,THA,1997,718.74475
Thailand,THA,1998,665.03937
Thailand,THA,1999,708.55194
Thailand,THA,2000,730.08844
Thailand,THA,2001,770.1544
Thailand,THA,2002,833.69366
Thailand,THA,2003,897.8072
Thailand,THA,2004,978.34753
Thailand,THA,2005,1010.2597
Thailand,THA,2006,1027.9508
Thailand,THA,2007,1063.6531
Thailand,THA,2008,1065.5558
Thailand,THA,2009,1095.9905
Thailand,THA,2010,1169.3085
Thailand,THA,2011,1197.7222
Thailand,THA,2012,1276.5321
Thailand,THA,2013,1299.8484
Thailand,THA,2014,1343.2867
Thailand,THA,2015,1384.8344
Thailand,THA,2016,1415.099
Thailand,THA,2017,1440.2992
Thailand,THA,2018,1485.4775
Thailand,THA,2019,1479.8983
Thailand,THA,2020,1376.6521
Thailand,THA,2021,1379.6649
Thailand,THA,2022,1380.0204
Thailand,THA,2023,1387.1963
Thailand,THA,2024,1436.9496
Thailand,THA,2025,1391.1868
Togo,TGO,1980,2.7249515
Togo,TGO,1981,2.5580146
Togo,TGO,1982,2.5209877
Togo,TGO,1983,2.6780677
Togo,TGO,1984,3.1141155
Togo,TGO,1985,2.9761758
Togo,TGO,1986,2.5029595
Togo,TGO,1987,2.3873136
Togo,TGO,1988,2.4734573
Togo,TGO,1989,2.8799796
Togo,TGO,1990,2.78201
Togo,TGO,1991,4.5311155
Togo,TGO,1992,3.3982232
Togo,TGO,1993,2.6786544
Togo,TGO,1994,2.9596994
Togo,TGO,1995,3.060309
Togo,TGO,1996,3.0421438
Togo,TGO,1997,3.0568097
Togo,TGO,1998,3.2118065
Togo,TGO,1999,4.6131525
Togo,TGO,2000,4.498152
Togo,TGO,2001,4.013176
Togo,TGO,2002,4.3908253
Togo,TGO,2003,5.445479
Togo,TGO,2004,5.4056864
Togo,TGO,2005,5.2734222
Togo,TGO,2006,4.5973682
Togo,TGO,2007,5.577457
Togo,TGO,2008,6.696121
Togo,TGO,2009,11.937066
Togo,TGO,2010,11.395164
Togo,TGO,2011,10.594143
Togo,TGO,2012,9.559545
Togo,TGO,2013,9.430178
Togo,TGO,2014,8.74033
Togo,TGO,2015,6.111901
Togo,TGO,2016,8.652537
Togo,TGO,2017,8.161248
Togo,TGO,2018,9.888445
Togo,TGO,2019,9.398054
Togo,TGO,2020,9.932596
Togo,TGO,2021,11.60273
Togo,TGO,2022,11.785109
Togo,TGO,2023,13.134695
Togo,TGO,2024,12.772912
Tonga,TON,1980,0.12342186
Tonga,TON,1981,0.18462695
Tonga,TON,1982,0.18462695
Tonga,TON,1983,0.18462695
Tonga,TON,1984,0.18513279
Tonga,TON,1985,0.18462695
Tonga,TON,1986,0.114677966
Tonga,TON,1987,0.25430563
Tonga,TON,1988,0.3180001
Tonga,TON,1989,0.39283487
Tonga,TON,1990,0.39283487
Tonga,TON,1991,0.399023
Tonga,TON,1992,0.37939608
Tonga,TON,1993,0.37856907
Tonga,TON,1994,0.5144775
Tonga,TON,1995,0.46501315
Tonga,TON,1996,0.52847743
Tonga,TON,1997,0.5530161
Tonga,TON,1998,0.5622899
Tonga,TON,1999,0.56229955
Tonga,TON,2000,0.4381675
Tonga,TON,2001,0.39465553
Tonga,TON,2002,0.4279255
Tonga,TON,2003,0.5272463
Tonga,TON,2004,0.4882951
Tonga,TON,2005,0.51998353
Tonga,TON,2006,0.5849014
Tonga,TON,2007,0.5007443
Tonga,TON,2008,0.5407515
Tonga,TON,2009,0.5869289
Tonga,TON,2010,0.55840397
Tonga,TON,2011,0.5208058
Tonga,TON,2012,0.6769747
Tonga,TON,2013,0.8097771
Tonga,TON,2014,0.8205939
Tonga,TON,2015,0.8183953
Tonga,TON,2016,0.95219165
Tonga,TON,2017,1.061509
Tonga,TON,2018,0.91472024
Tonga,TON,2019,0.886405
Tonga,TON,2020,0.7967968
Tonga,TON,2021,0.7996178
Tonga,TON,2022,0.75570637
Tonga,TON,2023,0.84784496
Tonga,TON,2024,0.9219276
Trinidad and Tobago,TTO,1965,33.625652
Trinidad and Tobago,TTO,1966,35.77738
Trinidad and Tobago,TTO,1967,38.137833
Trinidad and Tobago,TTO,1968,39.31429
Trinidad and Tobago,TTO,1969,40.542286
Trinidad and Tobago,TTO,1970,44.68058
Trinidad and Tobago,TTO,1971,45.15449
Trinidad and Tobago,TTO,1972,62.238472
Trinidad and Tobago,TTO,1973,61.73207
Trinidad and Tobago,TTO,1974,59.46067
Trinidad and Tobago,TTO,1975,47.911
Trinidad and Tobago,TTO,1976,53.870422
Trinidad and Tobago,TTO,1977,56.046505
Trinidad and Tobago,TTO,1978,56.430878
Trinidad and Tobago,TTO,1979,49.858925
Trinidad and Tobago,TTO,1980,47.94604
Trinidad and Tobago,TTO,1981,50.627693
Trinidad and Tobago,TTO,1982,59.4607
Trinidad and Tobago,TTO,1983,58.014725
Trinidad and Tobago,TTO,1984,57.184685
Trinidad and Tobago,TTO,1985,59.099472
Trinidad and Tobago,TTO,1986,61.447147
Trinidad and Tobago,TTO,1987,58.008747
Trinidad and Tobago,TTO,1988,63.74964
Trinidad and Tobago,TTO,1989,62.71721
Trinidad and Tobago,TTO,1990,69.59493
Trinidad and Tobago,TTO,1991,69.38482
Trinidad and Tobago,TTO,1992,73.44159
Trinidad and Tobago,TTO,1993,77.412994
Trinidad and Tobago,TTO,1994,82.03809
Trinidad and Tobago,TTO,1995,88.96662
Trinidad and Tobago,TTO,1996,100.7985
Trinidad and Tobago,TTO,1997,100.77226
Trinidad and Tobago,TTO,1998,102.28811
Trinidad and Tobago,TTO,1999,113.68614
Trinidad and Tobago,TTO,2000,119.02643
Trinidad and Tobago,TTO,2001,126.97305
Trinidad and Tobago,TTO,2002,141.27975
Trinidad and Tobago,TTO,2003,154.77863
Trinidad and Tobago,TTO,2004,169.74802
Trinidad and Tobago,TTO,2005,187.22275
Trinidad and Tobago,TTO,2006,216.93571
Trinidad and Tobago,TTO,2007,221.36705
Trinidad and Tobago,TTO,2008,218.05324
Trinidad and Tobago,TTO,2009,216.48195
Trinidad and Tobago,TTO,2010,233.51344
Trinidad and Tobago,TTO,2011,230.53188
Trinidad and Tobago,TTO,2012,225.89418
Trinidad and Tobago,TTO,2013,228.56822
Trinidad and Tobago,TTO,2014,228.82376
Trinidad and Tobago,TTO,2015,221.62547
Trinidad and Tobago,TTO,2016,195.73955
Trinidad and Tobago,TTO,2017,207.05658
Trinidad and Tobago,TTO,2018,194.02827
Trinidad and Tobago,TTO,2019,195.19296
Trinidad and Tobago,TTO,2020,169.31682
Trinidad and Tobago,TTO,2021,173.11421
Trinidad and Tobago,TTO,2022,173.04643
Trinidad and Tobago,TTO,2023,163.91269
Trinidad and Tobago,TTO,2024,161.54677
Trinidad and Tobago,TTO,2025,150.37047
Tunisia,TUN,1980,37.644386
Tunisia,TUN,1981,41.050793
Tunisia,TUN,1982,39.256508
Tunisia,TUN,1983,44.30405
Tunisia,TUN,1984,48.770603
Tunisia,TUN,1985,50.082672
Tunisia,TUN,1986,52.846962
Tunisia,TUN,1987,49.088306
Tunisia,TUN,1988,52.76105
Tunisia,TUN,1989,59.05118
Tunisia,TUN,1990,58.671314
Tunisia,TUN,1991,48.366333
Tunisia,TUN,1992,55.945168
Tunisia,TUN,1993,63.88186
Tunisia,TUN,1994,69.24894
Tunisia,TUN,1995,62.52813
Tunisia,TUN,1996,67.128975
Tunisia,TUN,1997,78.012276
Tunisia,TUN,1998,83.8653
Tunisia,TUN,1999,84.45722
Tunisia,TUN,2000,88.906624
Tunisia,TUN,2001,98.73297
Tunisia,TUN,2002,97.687584
Tunisia,TUN,2003,96.08681
Tunisia,TUN,2004,97.983665
Tunisia,TUN,2005,106.39842
Tunisia,TUN,2006,100.43779
Tunisia,TUN,2007,89.54114
Tunisia,TUN,2008,103.63197
Tunisia,TUN,2009,86.21893
Tunisia,TUN,2010,88.4491
Tunisia,TUN,2011,84.412224
Tunisia,TUN,2012,92.537384
Tunisia,TUN,2013,97.8247
Tunisia,TUN,2014,107.59385
Tunisia,TUN,2015,111.2163
Tunisia,TUN,2016,110.94501
Tunisia,TUN,2017,117.56488
Tunisia,TUN,2018,119.91847
Tunisia,TUN,2019,121.7755
Tunisia,TUN,2020,112.65486
Tunisia,TUN,2021,123.11793
Tunisia,TUN,2022,123.449936
Tunisia,TUN,2023,122.10907
Tunisia,TUN,2024,123.06697
Turkey,TUR,1965,87.15288
Turkey,TUR,1966,100.32082
Turkey,TUR,1967,103.85445
Turkey,TUR,1968,120.18459
Turkey,TUR,1969,131.25641
Turkey,TUR,1970,140.72083
Turkey,TUR,1971,157.2492
Turkey,TUR,1972,175.12697
Turkey,TUR,1973,200.47607
Turkey,TUR,1974,203.07564
Turkey,TUR,1975,222.0971
Turkey,TUR,1976,246.77945
Turkey,TUR,1977,271.2725
Turkey,TUR,1978,286.73584
Turkey,TUR,1979,267.10315
Turkey,TUR,1980,276.26743
Turkey,TUR,1981,276.48206
Turkey,TUR,1982,300.95715
Turkey,TUR,1983,317.51486
Turkey,TUR,1984,331.58707
Turkey,TUR,1985,362.56378
Turkey,TUR,1986,397.7806
Turkey,TUR,1987,443.57343
Turkey,TUR,1988,471.22052
Turkey,TUR,1989,482.95337
Turkey,TUR,1990,516.58
Turkey,TUR,1991,529.31396
Turkey,TUR,1992,551.2839
Turkey,TUR,1993,589.33356
Turkey,TUR,1994,575.20306
Turkey,TUR,1995,641.13354
Turkey,TUR,1996,695.99927
Turkey,TUR,1997,732.90735
Turkey,TUR,1998,748.6027
Turkey,TUR,1999,741.5727
Turkey,TUR,2000,803.5596
Turkey,TUR,2001,738.436
Turkey,TUR,2002,795.1926
Turkey,TUR,2003,842.7972
Turkey,TUR,2004,887.68134
Turkey,TUR,2005,922.96686
Turkey,TUR,2006,1023.80707
Turkey,TUR,2007,1108.7069
Turkey,TUR,2008,1116.0916
Turkey,TUR,2009,1128.7437
Turkey,TUR,2010,1160.8657
Turkey,TUR,2011,1241.7179
Turkey,TUR,2012,1316.5588
Turkey,TUR,2013,1306.5381
Turkey,TUR,2014,1387.6173
Turkey,TUR,2015,1480.4838
Turkey,TUR,2016,1564.2604
Turkey,TUR,2017,1701.3633
Turkey,TUR,2018,1698.5782
Turkey,TUR,2019,1719.4377
Turkey,TUR,2020,1710.9226
Turkey,TUR,2021,1866.9272
Turkey,TUR,2022,1860.4481
Turkey,TUR,2023,1851.3662
Turkey,TUR,2024,1945.9756
Turkey,TUR,2025,2033.3867
Turkmenistan,TKM,1985,143.0982
Turkmenistan,TKM,1986,178.10155
Turkmenistan,TKM,1987,177.17735
Turkmenistan,TKM,1988,178.37715
Turkmenistan,TKM,1989,183.28459
Turkmenistan,TKM,1990,156.90573
Turkmenistan,TKM,1991,140.60402
Turkmenistan,TKM,1992,146.07137
Turkmenistan,TKM,1993,120.4523
Turkmenistan,TKM,1994,128.70416
Turkmenistan,TKM,1995,105.55237
Turkmenistan,TKM,1996,154.17815
Turkmenistan,TKM,1997,118.73246
Turkmenistan,TKM,1998,145.80783
Turkmenistan,TKM,1999,137.44585
Turkmenistan,TKM,2000,119.21132
Turkmenistan,TKM,2001,152.73444
Turkmenistan,TKM,2002,128.77869
Turkmenistan,TKM,2003,176.54408
Turkmenistan,TKM,2004,178.63196
Turkmenistan,TKM,2005,179.57552
Turkmenistan,TKM,2006,181.2488
Turkmenistan,TKM,2007,175.91463
Turkmenistan,TKM,2008,144.97409
Turkmenistan,TKM,2009,233.90648
Turkmenistan,TKM,2010,252.59375
Turkmenistan,TKM,2011,279.87146
Turkmenistan,TKM,2012,304.5037
Turkmenistan,TKM,2013,270.2797
Turkmenistan,TKM,2014,280.01407
Turkmenistan,TKM,2015,331.64944
Turkmenistan,TKM,2016,323.90573
Turkmenistan,TKM,2017,324.02045
Turkmenistan,TKM,2018,357.11627
Turkmenistan,TKM,2019,353.59546
Turkmenistan,TKM,2020,414.4295
Turkmenistan,TKM,2021,429.43787
Turkmenistan,TKM,2022,456.20016
Turkmenistan,TKM,2023,429.96808
Turkmenistan,TKM,2024,384.41412
Turkmenistan,TKM,2025,427.7585
Turks and Caicos Islands,TCA,1980,0
Turks and Caicos Islands,TCA,1981,0
Turks and Caicos Islands,TCA,1982,0
Turks and Caicos Islands,TCA,1983,0
Turks and Caicos Islands,TCA,1984,0
Turks and Caicos Islands,TCA,1985,0
Turks and Caicos Islands,TCA,1986,0
Turks and Caicos Islands,TCA,1987,0
Turks and Caicos Islands,TCA,1988,0
Turks and Caicos Islands,TCA,1989,0
Turks and Caicos Islands,TCA,1990,0
Turks and Caicos Islands,TCA,1991,0
Turks and Caicos Islands,TCA,1992,0
Turks and Caicos Islands,TCA,1993,0
Turks and Caicos Islands,TCA,1994,0
Turks and Caicos Islands,TCA,1995,0.05541887
Turks and Caicos Islands,TCA,1996,0.055570703
Turks and Caicos Islands,TCA,1997,0.055418745
Turks and Caicos Islands,TCA,1998,0.060961127
Turks and Caicos Islands,TCA,1999,0.060961127
Turks and Caicos Islands,TCA,2000,0.28909034
Turks and Caicos Islands,TCA,2001,0.3069197
Turks and Caicos Islands,TCA,2002,0.40869984
Turks and Caicos Islands,TCA,2003,0.42026347
Turks and Caicos Islands,TCA,2004,0.43299872
Turks and Caicos Islands,TCA,2005,0.50941026
Turks and Caicos Islands,TCA,2006,0.5858218
Turks and Caicos Islands,TCA,2007,0.68770385
Turks and Caicos Islands,TCA,2008,0.7322773
Turks and Caicos Islands,TCA,2009,0.7386449
Turks and Caicos Islands,TCA,2010,0.7641154
Turks and Caicos Islands,TCA,2011,0.7641154
Turks and Caicos Islands,TCA,2012,0.7641154
Turks and Caicos Islands,TCA,2013,0.7704831
Turks and Caicos Islands,TCA,2014,0.8277917
Turks and Caicos Islands,TCA,2015,0.85312986
Turks and Caicos Islands,TCA,2016,0.882437
Turks and Caicos Islands,TCA,2017,0.9551442
Turks and Caicos Islands,TCA,2018,1.8646184
Turks and Caicos Islands,TCA,2019,1.8827829
Turks and Caicos Islands,TCA,2020,1.8516735
Turks and Caicos Islands,TCA,2021,1.8961518
Turks and Caicos Islands,TCA,2022,1.8875625
Turks and Caicos Islands,TCA,2023,1.8971988
Turks and Caicos Islands,TCA,2024,1.9074901
Tuvalu,TUV,1980,0
Tuvalu,TUV,1981,0
Tuvalu,TUV,1982,0
Tuvalu,TUV,1983,0
Tuvalu,TUV,1984,0
Tuvalu,TUV,1985,0
Tuvalu,TUV,1986,0
Tuvalu,TUV,1987,0
Tuvalu,TUV,1988,0
Tuvalu,TUV,1989,0
Tuvalu,TUV,1990,0
Tuvalu,TUV,1991,0
Tuvalu,TUV,1992,0
Tuvalu,TUV,1993,0
Tuvalu,TUV,1994,0
Tuvalu,TUV,1995,0
Tuvalu,TUV,1996,0
Tuvalu,TUV,1997,0
Tuvalu,TUV,1998,0
Tuvalu,TUV,1999,0
Tuvalu,TUV,2000,0
Tuvalu,TUV,2001,0
Tuvalu,TUV,2002,0
Tuvalu,TUV,2003,0
Tuvalu,TUV,2004,0
Tuvalu,TUV,2005,0
Tuvalu,TUV,2006,0
Tuvalu,TUV,2007,0
Tuvalu,TUV,2008,0
Tuvalu,TUV,2009,0
Tuvalu,TUV,2010,0
Tuvalu,TUV,2011,0
Tuvalu,TUV,2012,0
Tuvalu,TUV,2013,0
Tuvalu,TUV,2014,0
Tuvalu,TUV,2015,0
Tuvalu,TUV,2016,0
Tuvalu,TUV,2017,0
Tuvalu,TUV,2018,0
Tuvalu,TUV,2019,0
Tuvalu,TUV,2020,0
Tuvalu,TUV,2021,0
Tuvalu,TUV,2022,0
Tuvalu,TUV,2023,0
Tuvalu,TUV,2024,0
USSR,OWID_USS,1965,6757.868
USSR,OWID_USS,1966,7176.918
USSR,OWID_USS,1967,7558.09
USSR,OWID_USS,1968,7817.2256
USSR,OWID_USS,1969,8166.6016
USSR,OWID_USS,1970,8567.358
USSR,OWID_USS,1971,8996.617
USSR,OWID_USS,1972,9473.863
USSR,OWID_USS,1973,9973.353
USSR,OWID_USS,1974,10520.377
USSR,OWID_USS,1975,11065.325
USSR,OWID_USS,1976,11488.989
USSR,OWID_USS,1977,11996.486
USSR,OWID_USS,1978,12483.901
USSR,OWID_USS,1979,12831.363
USSR,OWID_USS,1980,13105.914
USSR,OWID_USS,1981,13389.586
USSR,OWID_USS,1982,13757.74
USSR,OWID_USS,1983,14045.622
USSR,OWID_USS,1984,14550.961
USSR,OWID_USS,1985,16731.18
USSR,OWID_USS,1986,17085.889
USSR,OWID_USS,1987,17675.906
USSR,OWID_USS,1988,18203.168
USSR,OWID_USS,1989,18182.377
USSR,OWID_USS,1990,17973.582
USSR,OWID_USS,1991,17691.9
Uganda,UGA,1980,3.3854475
Uganda,UGA,1981,2.275208
Uganda,UGA,1982,2.6471841
Uganda,UGA,1983,2.539522
Uganda,UGA,1984,2.7075
Uganda,UGA,1985,2.900172
Uganda,UGA,1986,3.072094
Uganda,UGA,1987,2.7734933
Uganda,UGA,1988,4.029177
Uganda,UGA,1989,3.8099544
Uganda,UGA,1990,4.1510777
Uganda,UGA,1991,4.4604425
Uganda,UGA,1992,4.8599443
Uganda,UGA,1993,4.9555025
Uganda,UGA,1994,5.111347
Uganda,UGA,1995,5.0935454
Uganda,UGA,1996,5.239422
Uganda,UGA,1997,5.4838195
Uganda,UGA,1998,6.017577
Uganda,UGA,1999,6.020582
Uganda,UGA,2000,7.265721
Uganda,UGA,2001,7.4191556
Uganda,UGA,2002,7.5151777
Uganda,UGA,2003,7.9630275
Uganda,UGA,2004,8.50117
Uganda,UGA,2005,10.232989
Uganda,UGA,2006,11.171413
Uganda,UGA,2007,13.493787
Uganda,UGA,2008,13.79324
Uganda,UGA,2009,14.642132
Uganda,UGA,2010,16.680948
Uganda,UGA,2011,17.554493
Uganda,UGA,2012,17.943941
Uganda,UGA,2013,19.11671
Uganda,UGA,2014,22.486734
Uganda,UGA,2015,22.982601
Uganda,UGA,2016,23.944508
Uganda,UGA,2017,25.916367
Uganda,UGA,2018,27.90823
Uganda,UGA,2019,28.523243
Uganda,UGA,2020,27.292316
Uganda,UGA,2021,30.121872
Uganda,UGA,2022,31.377901
Uganda,UGA,2023,31.171228
Uganda,UGA,2024,31.860119
Ukraine,UKR,1985,2769.972
Ukraine,UKR,1986,2780.3286
Ukraine,UKR,1987,2843.4312
Ukraine,UKR,1988,2845.88
Ukraine,UKR,1989,2725.0576
Ukraine,UKR,1990,3188.8079
Ukraine,UKR,1991,2986.136
Ukraine,UKR,1992,2529.3442
Ukraine,UKR,1993,2211.1812
Ukraine,UKR,1994,1885.41
Ukraine,UKR,1995,1843.8733
Ukraine,UKR,1996,1722.521
Ukraine,UKR,1997,1658.9147
Ukraine,UKR,1998,1588.3523
Ukraine,UKR,1999,1566.4391
Ukraine,UKR,2000,1578.2922
Ukraine,UKR,2001,1555.6417
Ukraine,UKR,2002,1552.614
Ukraine,UKR,2003,1594.4518
Ukraine,UKR,2004,1586.7627
Ukraine,UKR,2005,1607.4653
Ukraine,UKR,2006,1627.642
Ukraine,UKR,2007,1628.5457
Ukraine,UKR,2008,1571.0785
Ukraine,UKR,2009,1338.1191
Ukraine,UKR,2010,1436.15
Ukraine,UKR,2011,1489.8406
Ukraine,UKR,2012,1459.6105
Ukraine,UKR,2013,1378.1798
Ukraine,UKR,2014,1229.2606
Ukraine,UKR,2015,1030.7
Ukraine,UKR,2016,1069.9595
Ukraine,UKR,2017,994.91595
Ukraine,UKR,2018,1024.9463
Ukraine,UKR,2019,978.7094
Ukraine,UKR,2020,948.66907
Ukraine,UKR,2021,976.18524
Ukraine,UKR,2022,656.13275
Ukraine,UKR,2023,627.9176
Ukraine,UKR,2024,631.76324
Ukraine,UKR,2025,661.941
United Arab Emirates,ARE,1965,0.854533
United Arab Emirates,ARE,1966,0.91204107
United Arab Emirates,ARE,1967,5.406756
United Arab Emirates,ARE,1968,6.944713
United Arab Emirates,ARE,1969,6.9689255
United Arab Emirates,ARE,1970,9.605591
United Arab Emirates,ARE,1971,14.63803
United Arab Emirates,ARE,1972,15.65015
United Arab Emirates,ARE,1973,20.293112
United Arab Emirates,ARE,1974,22.295511
United Arab Emirates,ARE,1975,23.859207
United Arab Emirates,ARE,1976,30.190237
United Arab Emirates,ARE,1977,49.6315
United Arab Emirates,ARE,1978,57.500813
United Arab Emirates,ARE,1979,67.56039
United Arab Emirates,ARE,1980,108.15642
United Arab Emirates,ARE,1981,125.928375
United Arab Emirates,ARE,1982,135.96599
United Arab Emirates,ARE,1983,130.51527
United Arab Emirates,ARE,1984,162.54678
United Arab Emirates,ARE,1985,201.63354
United Arab Emirates,ARE,1986,244.38722
United Arab Emirates,ARE,1987,273.0771
United Arab Emirates,ARE,1988,301.88254
United Arab Emirates,ARE,1989,340.16495
United Arab Emirates,ARE,1990,344.9527
United Arab Emirates,ARE,1991,420.83743
United Arab Emirates,ARE,1992,406.69568
United Arab Emirates,ARE,1993,423.47034
United Arab Emirates,ARE,1994,464.67413
United Arab Emirates,ARE,1995,484.871
United Arab Emirates,ARE,1996,499.68793
United Arab Emirates,ARE,1997,521.4564
United Arab Emirates,ARE,1998,534.11285
United Arab Emirates,ARE,1999,538.36896
United Arab Emirates,ARE,2000,535.78186
United Arab Emirates,ARE,2001,541.56604
United Arab Emirates,ARE,2002,591.6931
United Arab Emirates,ARE,2003,631.15533
United Arab Emirates,ARE,2004,675.06537
United Arab Emirates,ARE,2005,704.5981
United Arab Emirates,ARE,2006,741.29297
United Arab Emirates,ARE,2007,818.3611
United Arab Emirates,ARE,2008,938.4006
United Arab Emirates,ARE,2009,925.56384
United Arab Emirates,ARE,2010,972.459
United Arab Emirates,ARE,2011,1020.8949
United Arab Emirates,ARE,2012,1074.0575
United Arab Emirates,ARE,2013,1131.7095
United Arab Emirates,ARE,2014,1134.6605
United Arab Emirates,ARE,2015,1222.57
United Arab Emirates,ARE,2016,1268.9923
United Arab Emirates,ARE,2017,1210.6504
United Arab Emirates,ARE,2018,1130.7534
United Arab Emirates,ARE,2019,1213.1655
United Arab Emirates,ARE,2020,1175.2014
United Arab Emirates,ARE,2021,1209.5424
United Arab Emirates,ARE,2022,1294.5344
United Arab Emirates,ARE,2023,1382.2583
United Arab Emirates,ARE,2024,1410.7559
United Arab Emirates,ARE,2025,1459.8329
United Kingdom,GBR,1965,2310.1167
United Kingdom,GBR,1966,2322.5208
United Kingdom,GBR,1967,2323.1418
United Kingdom,GBR,1968,2409.1895
United Kingdom,GBR,1969,2497.9734
United Kingdom,GBR,1970,2547.181
United Kingdom,GBR,1971,2502.5596
United Kingdom,GBR,1972,2539.7612
United Kingdom,GBR,1973,2664.9697
United Kingdom,GBR,1974,2531.6934
United Kingdom,GBR,1975,2386.5872
United Kingdom,GBR,1976,2435.452
United Kingdom,GBR,1977,2482.9263
United Kingdom,GBR,1978,2496.4023
United Kingdom,GBR,1979,2613.0032
United Kingdom,GBR,1980,2380.5254
United Kingdom,GBR,1981,2313.8638
United Kingdom,GBR,1982,2284.7695
United Kingdom,GBR,1983,2295.1577
United Kingdom,GBR,1984,2294.944
United Kingdom,GBR,1985,2394.7646
United Kingdom,GBR,1986,2459.1118
United Kingdom,GBR,1987,2455.3916
United Kingdom,GBR,1988,2488.3599
United Kingdom,GBR,1989,2493.1729
United Kingdom,GBR,1990,2510.9407
United Kingdom,GBR,1991,2565.8113
United Kingdom,GBR,1992,2549.4497
United Kingdom,GBR,1993,2582.9114
United Kingdom,GBR,1994,2549.9094
United Kingdom,GBR,1995,2559.5596
United Kingdom,GBR,1996,2686.653
United Kingdom,GBR,1997,2638.6702
United Kingdom,GBR,1998,2658.6365
United Kingdom,GBR,1999,2644.8972
United Kingdom,GBR,2000,2668.0808
United Kingdom,GBR,2001,2700.3716
United Kingdom,GBR,2002,2638.5623
United Kingdom,GBR,2003,2681.0857
United Kingdom,GBR,2004,2697.8943
United Kingdom,GBR,2005,2719.6582
United Kingdom,GBR,2006,2683.146
United Kingdom,GBR,2007,2603.714
United Kingdom,GBR,2008,2552.5896
United Kingdom,GBR,2009,2412.7476
United Kingdom,GBR,2010,2465.0166
United Kingdom,GBR,2011,2312.1174
United Kingdom,GBR,2012,2355.552
United Kingdom,GBR,2013,2356.6765
United Kingdom,GBR,2014,2206.9976
United Kingdom,GBR,2015,2218.251
United Kingdom,GBR,2016,2186.3716
United Kingdom,GBR,2017,2168.1228
United Kingdom,GBR,2018,2149.852
United Kingdom,GBR,2019,2079.5813
United Kingdom,GBR,2020,1847.6531
United Kingdom,GBR,2021,1874.1943
United Kingdom,GBR,2022,1865.0355
United Kingdom,GBR,2023,1781.1466
United Kingdom,GBR,2024,1770.6934
United Kingdom,GBR,2025,1747.7396
United States,USA,1965,14050.375
United States,USA,1966,14856.405
United States,USA,1967,15335.621
United States,USA,1968,16276.32
United States,USA,1969,17087.396
United States,USA,1970,17715.67
United States,USA,1971,18065.55
United States,USA,1972,18987.98
United States,USA,1973,19824.195
United States,USA,1974,19279.99
United States,USA,1975,18777.059
United States,USA,1976,19872.342
United States,USA,1977,20528.367
United States,USA,1978,20874.002
United States,USA,1979,21102.422
United States,USA,1980,20285.84
United States,USA,1981,19711.277
United States,USA,1982,18791.102
United States,USA,1983,18689.342
United States,USA,1984,19714.984
United States,USA,1985,19766.068
United States,USA,1986,19947.625
United States,USA,1987,20723.963
United States,USA,1988,21747.107
United States,USA,1989,22216.549
United States,USA,1990,22261.223
United States,USA,1991,22251.473
United States,USA,1992,22656.988
United States,USA,1993,23087.293
United States,USA,1994,23551.318
United States,USA,1995,23958.494
United States,USA,1996,24714.79
United States,USA,1997,24879.945
United States,USA,1998,25118.033
United States,USA,1999,25591.059
United States,USA,2000,26254.59
United States,USA,2001,25758.809
United States,USA,2002,26073.928
United States,USA,2003,26146.57
United States,USA,2004,26702.566
United States,USA,2005,26717.688
United States,USA,2006,26473.31
United States,USA,2007,26929.268
United States,USA,2008,26239.111
United States,USA,2009,24885.23
United States,USA,2010,25743.025
United States,USA,2011,25378.482
United States,USA,2012,24741.703
United States,USA,2013,25405.178
United States,USA,2014,25669.213
United States,USA,2015,25424.588
United States,USA,2016,25310.957
United States,USA,2017,25289.969
United States,USA,2018,26215.67
United States,USA,2019,25983.83
United States,USA,2020,23940.283
United States,USA,2021,25210.734
United States,USA,2022,25617.492
United States,USA,2023,25322.736
United States,USA,2024,25567.904
United States,USA,2025,26063.51
United States Virgin Islands,VIR,1980,12.497421
United States Virgin Islands,VIR,1981,12.463276
United States Virgin Islands,VIR,1982,12.463276
United States Virgin Islands,VIR,1983,12.463276
United States Virgin Islands,VIR,1984,12.497421
United States Virgin Islands,VIR,1985,12.463276
United States Virgin Islands,VIR,1986,12.463276
United States Virgin Islands,VIR,1987,12.514389
United States Virgin Islands,VIR,1988,12.235281
United States Virgin Islands,VIR,1989,12.187185
United States Virgin Islands,VIR,1990,12.1756935
United States Virgin Islands,VIR,1991,12.238759
United States Virgin Islands,VIR,1992,12.41218
United States Virgin Islands,VIR,1993,12.603332
United States Virgin Islands,VIR,1994,12.259019
United States Virgin Islands,VIR,1995,12.092308
United States Virgin Islands,VIR,1996,11.951786
United States Virgin Islands,VIR,1997,11.927001
United States Virgin Islands,VIR,1998,11.959655
United States Virgin Islands,VIR,1999,12.30287
United States Virgin Islands,VIR,2000,38.922974
United States Virgin Islands,VIR,2001,56.340748
United States Virgin Islands,VIR,2002,55.74785
United States Virgin Islands,VIR,2003,65.64431
United States Virgin Islands,VIR,2004,67.30146
United States Virgin Islands,VIR,2005,65.83307
United States Virgin Islands,VIR,2006,70.04831
United States Virgin Islands,VIR,2007,65.39197
United States Virgin Islands,VIR,2008,37.897533
United States Virgin Islands,VIR,2009,33.080082
United States Virgin Islands,VIR,2010,29.931154
United States Virgin Islands,VIR,2011,19.815695
United States Virgin Islands,VIR,2012,11.353548
United States Virgin Islands,VIR,2013,5.9485664
United States Virgin Islands,VIR,2014,12.149289
United States Virgin Islands,VIR,2015,12.032539
United States Virgin Islands,VIR,2016,9.957626
United States Virgin Islands,VIR,2017,9.926593
United States Virgin Islands,VIR,2018,9.9333935
United States Virgin Islands,VIR,2019,9.9333935
United States Virgin Islands,VIR,2020,9.278964
United States Virgin Islands,VIR,2021,9.7824
United States Virgin Islands,VIR,2022,9.280357
United States Virgin Islands,VIR,2023,9.713226
United States Virgin Islands,VIR,2024,9.860343
Upper-middle-income countries,OWID_UMC,1965,10047.734
Upper-middle-income countries,OWID_UMC,1966,10737.085
Upper-middle-income countries,OWID_UMC,1967,11042.828
Upper-middle-income countries,OWID_UMC,1968,11478.718
Upper-middle-income countries,OWID_UMC,1969,12310.772
Upper-middle-income countries,OWID_UMC,1970,13398.595
Upper-middle-income countries,OWID_UMC,1971,14415.555
Upper-middle-income countries,OWID_UMC,1972,15324.99
Upper-middle-income countries,OWID_UMC,1973,16277.935
Upper-middle-income countries,OWID_UMC,1974,17102.51
Upper-middle-income countries,OWID_UMC,1975,18266.502
Upper-middle-income countries,OWID_UMC,1976,19111.967
Upper-middle-income countries,OWID_UMC,1977,20254.271
Upper-middle-income countries,OWID_UMC,1978,21426.947
Upper-middle-income countries,OWID_UMC,1979,22236.527
Upper-middle-income countries,OWID_UMC,1980,22738.928
Upper-middle-income countries,OWID_UMC,1981,23153.527
Upper-middle-income countries,OWID_UMC,1982,24008.182
Upper-middle-income countries,OWID_UMC,1983,24811.727
Upper-middle-income countries,OWID_UMC,1984,25991.26
Upper-middle-income countries,OWID_UMC,1985,16494.076
Upper-middle-income countries,OWID_UMC,1986,17117.95
Upper-middle-income countries,OWID_UMC,1987,18034.984
Upper-middle-income countries,OWID_UMC,1988,18898.658
Upper-middle-income countries,OWID_UMC,1989,19351.871
Upper-middle-income countries,OWID_UMC,1990,20313.67
Upper-middle-income countries,OWID_UMC,1991,20735.654
Upper-middle-income countries,OWID_UMC,1992,21056.873
Upper-middle-income countries,OWID_UMC,1993,21391.762
Upper-middle-income countries,OWID_UMC,1994,22020.19
Upper-middle-income countries,OWID_UMC,1995,22589.506
Upper-middle-income countries,OWID_UMC,1996,23554.465
Upper-middle-income countries,OWID_UMC,1997,24002.145
Upper-middle-income countries,OWID_UMC,1998,23998.61
Upper-middle-income countries,OWID_UMC,1999,24578.062
Upper-middle-income countries,OWID_UMC,2000,25465.027
Upper-middle-income countries,OWID_UMC,2001,26280.732
Upper-middle-income countries,OWID_UMC,2002,27717.264
Upper-middle-income countries,OWID_UMC,2003,30533.754
Upper-middle-income countries,OWID_UMC,2004,33973.53
Upper-middle-income countries,OWID_UMC,2005,36974.96
Upper-middle-income countries,OWID_UMC,2006,39565.375
Upper-middle-income countries,OWID_UMC,2007,42283.516
Upper-middle-income countries,OWID_UMC,2008,43501.125
Upper-middle-income countries,OWID_UMC,2009,44417.06
Upper-middle-income countries,OWID_UMC,2010,47173.4
Upper-middle-income countries,OWID_UMC,2011,50264.598
Upper-middle-income countries,OWID_UMC,2012,51970.95
Upper-middle-income countries,OWID_UMC,2013,53283.016
Upper-middle-income countries,OWID_UMC,2014,54253.492
Upper-middle-income countries,OWID_UMC,2015,54591.793
Upper-middle-income countries,OWID_UMC,2016,55122.79
Upper-middle-income countries,OWID_UMC,2017,56841.086
Upper-middle-income countries,OWID_UMC,2018,59039.965
Upper-middle-income countries,OWID_UMC,2019,60674.57
Upper-middle-income countries,OWID_UMC,2020,60511.44
Upper-middle-income countries,OWID_UMC,2021,63507.305
Upper-middle-income countries,OWID_UMC,2022,64946.26
Upper-middle-income countries,OWID_UMC,2023,67973.52
Upper-middle-income countries,OWID_UMC,2024,70032.27
Upper-middle-income countries,OWID_UMC,2025,71435.44
Uruguay,URY,1980,27.05064
Uruguay,URY,1981,24.774977
Uruguay,URY,1982,23.420444
Uruguay,URY,1983,20.172857
Uruguay,URY,1984,19.877941
Uruguay,URY,1985,18.510298
Uruguay,URY,1986,18.500214
Uruguay,URY,1987,20.837046
Uruguay,URY,1988,24.271767
Uruguay,URY,1989,22.674524
Uruguay,URY,1990,25.218464
Uruguay,URY,1991,22.540018
Uruguay,URY,1992,24.464148
Uruguay,URY,1993,26.701426
Uruguay,URY,1994,25.85705
Uruguay,URY,1995,24.484787
Uruguay,URY,1996,26.256397
Uruguay,URY,1997,28.592573
Uruguay,URY,1998,33.7963
Uruguay,URY,1999,35.598087
Uruguay,URY,2000,34.25183
Uruguay,URY,2001,34.051105
Uruguay,URY,2002,28.160393
Uruguay,URY,2003,30.4103
Uruguay,URY,2004,36.1277
Uruguay,URY,2005,36.048214
Uruguay,URY,2006,37.691387
Uruguay,URY,2007,37.50418
Uruguay,URY,2008,47.596806
Uruguay,URY,2009,48.752895
Uruguay,URY,2010,45.053265
Uruguay,URY,2011,48.06075
Uruguay,URY,2012,50.385906
Uruguay,URY,2013,48.108963
Uruguay,URY,2014,46.39581
Uruguay,URY,2015,48.911915
Uruguay,URY,2016,49.1553
Uruguay,URY,2017,45.904736
Uruguay,URY,2018,46.86526
Uruguay,URY,2019,49.03962
Uruguay,URY,2020,45.47338
Uruguay,URY,2021,50.217308
Uruguay,URY,2022,50.2151
Uruguay,URY,2023,52.136047
Uruguay,URY,2024,53.510723
Uzbekistan,UZB,1985,455.43155
Uzbekistan,UZB,1986,448.2954
Uzbekistan,UZB,1987,463.34882
Uzbekistan,UZB,1988,465.77515
Uzbekistan,UZB,1989,485.73706
Uzbekistan,UZB,1990,506.67035
Uzbekistan,UZB,1991,500.37207
Uzbekistan,UZB,1992,477.99265
Uzbekistan,UZB,1993,495.1141
Uzbekistan,UZB,1994,492.03555
Uzbekistan,UZB,1995,494.79074
Uzbekistan,UZB,1996,509.36658
Uzbekistan,UZB,1997,505.89078
Uzbekistan,UZB,1998,507.63782
Uzbekistan,UZB,1999,571.2266
Uzbekistan,UZB,2000,580.2946
Uzbekistan,UZB,2001,580.91046
Uzbekistan,UZB,2002,593.74316
Uzbekistan,UZB,2003,553.37463
Uzbekistan,UZB,2004,547.51056
Uzbekistan,UZB,2005,543.2244
Uzbekistan,UZB,2006,507.21808
Uzbekistan,UZB,2007,536.0197
Uzbekistan,UZB,2008,507.79074
Uzbekistan,UZB,2009,509.2687
Uzbekistan,UZB,2010,505.0512
Uzbekistan,UZB,2011,532.8999
Uzbekistan,UZB,2012,510.5397
Uzbekistan,UZB,2013,514.66425
Uzbekistan,UZB,2014,481.15353
Uzbekistan,UZB,2015,463.5582
Uzbekistan,UZB,2016,490.40256
Uzbekistan,UZB,2017,513.25757
Uzbekistan,UZB,2018,542.1555
Uzbekistan,UZB,2019,555.4649
Uzbekistan,UZB,2020,530.0312
Uzbekistan,UZB,2021,581.0526
Uzbekistan,UZB,2022,562.081
Uzbekistan,UZB,2023,576.91583
Uzbekistan,UZB,2024,574.03125
Uzbekistan,UZB,2025,590.9477
Vanuatu,VUT,1980,0.51940644
Vanuatu,VUT,1981,0.4532389
Vanuatu,VUT,1982,0.4532389
Vanuatu,VUT,1983,0.4532389
Vanuatu,VUT,1984,0.45448065
Vanuatu,VUT,1985,0.5179873
Vanuatu,VUT,1986,0.48273182
Vanuatu,VUT,1987,0.42654
Vanuatu,VUT,1988,0.5525972
Vanuatu,VUT,1989,0.48390847
Vanuatu,VUT,1990,0.48390847
Vanuatu,VUT,1991,0.40459403
Vanuatu,VUT,1992,0.21218392
Vanuatu,VUT,1993,0.21166553
Vanuatu,VUT,1994,0.21166553
Vanuatu,VUT,1995,0.21166553
Vanuatu,VUT,1996,0.21218392
Vanuatu,VUT,1997,0.21166553
Vanuatu,VUT,1998,0.21166553
Vanuatu,VUT,1999,0.21167545
Vanuatu,VUT,2000,0.38192254
Vanuatu,VUT,2001,0.42538476
Vanuatu,VUT,2002,0.40593863
Vanuatu,VUT,2003,0.47634575
Vanuatu,VUT,2004,0.383381
Vanuatu,VUT,2005,0.3833859
Vanuatu,VUT,2006,0.35560426
Vanuatu,VUT,2007,0.57652485
Vanuatu,VUT,2008,0.5684747
Vanuatu,VUT,2009,0.6569943
Vanuatu,VUT,2010,0.66978353
Vanuatu,VUT,2011,0.7779862
Vanuatu,VUT,2012,0.64975953
Vanuatu,VUT,2013,0.62715167
Vanuatu,VUT,2014,0.7158131
Vanuatu,VUT,2015,0.6715913
Vanuatu,VUT,2016,0.678893
Vanuatu,VUT,2017,0.75676763
Vanuatu,VUT,2018,0.96714294
Vanuatu,VUT,2019,0.93144524
Vanuatu,VUT,2020,1.0851783
Vanuatu,VUT,2021,1.143598
Vanuatu,VUT,2022,1.1478738
Vanuatu,VUT,2023,1.2815706
Vanuatu,VUT,2024,1.3517419
Venezuela,VEN,1965,188.80566
Venezuela,VEN,1966,190.57674
Venezuela,VEN,1967,200.61421
Venezuela,VEN,1968,214.5551
Venezuela,VEN,1969,216.13043
Venezuela,VEN,1970,216.44391
Venezuela,VEN,1971,217.66371
Venezuela,VEN,1972,229.4607
Venezuela,VEN,1973,263.83487
Venezuela,VEN,1974,270.44128
Venezuela,VEN,1975,279.47104
Venezuela,VEN,1976,303.9898
Venezuela,VEN,1977,338.05783
Venezuela,VEN,1978,345.81055
Venezuela,VEN,1979,379.78625
Venezuela,VEN,1980,427.6773
Venezuela,VEN,1981,443.75507
Venezuela,VEN,1982,451.7266
Venezuela,VEN,1983,445.61725
Venezuela,VEN,1984,450.79858
Venezuela,VEN,1985,459.45102
Venezuela,VEN,1986,492.0104
Venezuela,VEN,1987,480.45758
Venezuela,VEN,1988,496.38928
Venezuela,VEN,1989,500.22037
Venezuela,VEN,1990,531.17944
Venezuela,VEN,1991,520.4731
Venezuela,VEN,1992,565.10583
Venezuela,VEN,1993,557.74335
Venezuela,VEN,1994,605.9661
Venezuela,VEN,1995,626.7101
Venezuela,VEN,1996,603.4846
Venezuela,VEN,1997,637.2827
Venezuela,VEN,1998,638.4025
Venezuela,VEN,1999,613.2605
Venezuela,VEN,2000,648.9192
Venezuela,VEN,2001,699.8798
Venezuela,VEN,2002,701.6058
Venezuela,VEN,2003,618.9966
Venezuela,VEN,2004,685.08234
Venezuela,VEN,2005,705.53845
Venezuela,VEN,2006,783.7269
Venezuela,VEN,2007,823.907
Venezuela,VEN,2008,843.3357
Venezuela,VEN,2009,856.89703
Venezuela,VEN,2010,820.8892
Venezuela,VEN,2011,863.673
Venezuela,VEN,2012,912.4702
Venezuela,VEN,2013,896.2333
Venezuela,VEN,2014,875.67957
Venezuela,VEN,2015,842.6299
Venezuela,VEN,2016,780.2424
Venezuela,VEN,2017,753.24677
Venezuela,VEN,2018,622.6802
Venezuela,VEN,2019,552.7118
Venezuela,VEN,2020,414.88254
Venezuela,VEN,2021,492.2363
Venezuela,VEN,2022,529.19995
Venezuela,VEN,2023,576.6314
Venezuela,VEN,2024,571.2969
Venezuela,VEN,2025,562.8432
Vietnam,VNM,1965,28.789587
Vietnam,VNM,1966,50.718624
Vietnam,VNM,1967,70.099335
Vietnam,VNM,1968,72.62673
Vietnam,VNM,1969,85.833405
Vietnam,VNM,1970,89.46928
Vietnam,VNM,1971,79.62317
Vietnam,VNM,1972,77.508606
Vietnam,VNM,1973,81.85509
Vietnam,VNM,1974,60.668236
Vietnam,VNM,1975,67.37218
Vietnam,VNM,1976,38.476547
Vietnam,VNM,1977,41.15087
Vietnam,VNM,1978,42.339577
Vietnam,VNM,1979,45.35991
Vietnam,VNM,1980,51.237823
Vietnam,VNM,1981,51.325253
Vietnam,VNM,1982,54.918423
Vietnam,VNM,1983,58.20852
Vietnam,VNM,1984,58.00849
Vietnam,VNM,1985,58.760235
Vietnam,VNM,1986,64.07862
Vietnam,VNM,1987,72.53995
Vietnam,VNM,1988,71.71116
Vietnam,VNM,1989,64.17608
Vietnam,VNM,1990,66.62095
Vietnam,VNM,1991,66.151886
Vietnam,VNM,1992,71.64768
Vietnam,VNM,1993,82.38498
Vietnam,VNM,1994,91.35688
Vietnam,VNM,1995,106.44386
Vietnam,VNM,1996,122.2732
Vietnam,VNM,1997,145.10568
Vietnam,VNM,1998,159.89737
Vietnam,VNM,1999,161.09341
Vietnam,VNM,2000,185.6728
Vietnam,VNM,2001,206.75777
Vietnam,VNM,2002,229.83632
Vietnam,VNM,2003,249.31741
Vietnam,VNM,2004,324.69757
Vietnam,VNM,2005,339.02795
Vietnam,VNM,2006,302.62195
Vietnam,VNM,2007,329.2958
Vietnam,VNM,2008,410.1858
Vietnam,VNM,2009,413.97357
Vietnam,VNM,2010,489.50287
Vietnam,VNM,2011,523.6806
Vietnam,VNM,2012,524.3686
Vietnam,VNM,2013,549.97095
Vietnam,VNM,2014,612.92426
Vietnam,VNM,2015,686.1128
Vietnam,VNM,2016,745.6878
Vietnam,VNM,2017,771.626
Vietnam,VNM,2018,911.30597
Vietnam,VNM,2019,1045.9154
Vietnam,VNM,2020,1055.3412
Vietnam,VNM,2021,998.4848
Vietnam,VNM,2022,1058.2787
Vietnam,VNM,2023,1170.0935
Vietnam,VNM,2024,1258.5677
Vietnam,VNM,2025,1305.2639
West Germany,OWID_GFR,1980,3315.1997
West Germany,OWID_GFR,1981,3168.6677
West Germany,OWID_GFR,1982,3114.5286
West Germany,OWID_GFR,1983,3102.5178
West Germany,OWID_GFR,1984,3117.7747
West Germany,OWID_GFR,1985,3281.7878
West Germany,OWID_GFR,1986,3368.0046
West Germany,OWID_GFR,1987,3394.195
West Germany,OWID_GFR,1988,3418.334
West Germany,OWID_GFR,1989,3337.8186
West Germany,OWID_GFR,1990,3363.037
Western Sahara,ESH,1980,0.69326997
Western Sahara,ESH,1981,0.6913758
Western Sahara,ESH,1982,0.7542282
Western Sahara,ESH,1983,0.7542282
Western Sahara,ESH,1984,0.75629455
Western Sahara,ESH,1985,0.8170805
Western Sahara,ESH,1986,0.789262
Western Sahara,ESH,1987,0.80243576
Western Sahara,ESH,1988,0.80434656
Western Sahara,ESH,1989,0.80243576
Western Sahara,ESH,1990,0.8647464
Western Sahara,ESH,1991,0.8647464
Western Sahara,ESH,1992,0.86682785
Western Sahara,ESH,1993,0.8262138
Western Sahara,ESH,1994,0.8262138
Western Sahara,ESH,1995,0.93199897
Western Sahara,ESH,1996,0.9342647
Western Sahara,ESH,1997,0.93199897
Western Sahara,ESH,1998,0.93199897
Western Sahara,ESH,1999,0.9320109
Western Sahara,ESH,2000,1.0689286
Western Sahara,ESH,2001,1.0689286
Western Sahara,ESH,2002,1.0689286
Western Sahara,ESH,2003,1.0689286
Western Sahara,ESH,2004,1.0689286
Western Sahara,ESH,2005,1.0689286
Western Sahara,ESH,2006,1.0689286
Western Sahara,ESH,2007,1.0689286
Western Sahara,ESH,2008,1.0689286
Western Sahara,ESH,2009,1.0689286
Western Sahara,ESH,2010,1.0689286
Western Sahara,ESH,2011,1.0689286
Western Sahara,ESH,2012,1.0718571
Western Sahara,ESH,2013,1.0689286
Western Sahara,ESH,2014,1.0689286
Western Sahara,ESH,2015,1.0680213
Western Sahara,ESH,2016,1.0656115
Western Sahara,ESH,2017,1.0879078
Western Sahara,ESH,2018,1.0879078
Western Sahara,ESH,2019,1.0879078
Western Sahara,ESH,2020,1.0387679
Western Sahara,ESH,2021,1.0960758
Western Sahara,ESH,2022,1.130543
Western Sahara,ESH,2023,1.1712292
Western Sahara,ESH,2024,1.2425328
World,OWID_WRL,1800,97
World,OWID_WRL,1810,128
World,OWID_WRL,1820,153
World,OWID_WRL,1830,264
World,OWID_WRL,1840,356
World,OWID_WRL,1850,569
World,OWID_WRL,1860,1061
World,OWID_WRL,1870,1648
World,OWID_WRL,1880,2575
World,OWID_WRL,1890,3992
World,OWID_WRL,1900,5990
World,OWID_WRL,1910,9228
World,OWID_WRL,1920,11019
World,OWID_WRL,1930,12615
World,OWID_WRL,1940,15306
World,OWID_WRL,1950,20472
World,OWID_WRL,1960,31700
World,OWID_WRL,1965,41582.246
World,OWID_WRL,1966,43837.54
World,OWID_WRL,1967,45473.027
World,OWID_WRL,1968,48208.855
World,OWID_WRL,1969,51544.086
World,OWID_WRL,1970,54920.645
World,OWID_WRL,1971,57083.62
World,OWID_WRL,1972,60252.566
World,OWID_WRL,1973,63863.63
World,OWID_WRL,1974,63990.723
World,OWID_WRL,1975,64449.473
World,OWID_WRL,1976,68065.65
World,OWID_WRL,1977,70552.125
World,OWID_WRL,1978,73202.484
World,OWID_WRL,1979,75585.836
World,OWID_WRL,1980,74853.17
World,OWID_WRL,1981,74467.47
World,OWID_WRL,1982,74034.875
World,OWID_WRL,1983,75248.914
World,OWID_WRL,1984,78716.16
World,OWID_WRL,1985,80897.07
World,OWID_WRL,1986,82756
World,OWID_WRL,1987,85859.484
World,OWID_WRL,1988,89101.08
World,OWID_WRL,1989,90982.4
World,OWID_WRL,1990,92013.34
World,OWID_WRL,1991,92694.4
World,OWID_WRL,1992,93291.91
World,OWID_WRL,1993,93835.24
World,OWID_WRL,1994,95088.98
World,OWID_WRL,1995,96974.42
World,OWID_WRL,1996,99857.12
World,OWID_WRL,1997,100798.19
World,OWID_WRL,1998,101386.03
World,OWID_WRL,1999,103176.266
World,OWID_WRL,2000,105981.39
World,OWID_WRL,2001,107306.336
World,OWID_WRL,2002,109732.8
World,OWID_WRL,2003,113737.06
World,OWID_WRL,2004,119386.78
World,OWID_WRL,2005,123361.98
World,OWID_WRL,2006,126974.52
World,OWID_WRL,2007,130948.94
World,OWID_WRL,2008,132169.69
World,OWID_WRL,2009,129923.805
World,OWID_WRL,2010,136245.19
World,OWID_WRL,2011,139303.88
World,OWID_WRL,2012,140985.67
World,OWID_WRL,2013,143116.42
World,OWID_WRL,2014,144408.34
World,OWID_WRL,2015,145499.62
World,OWID_WRL,2016,146893.38
World,OWID_WRL,2017,149727.25
World,OWID_WRL,2018,153618.12
World,OWID_WRL,2019,154620.7
World,OWID_WRL,2020,147985.3
World,OWID_WRL,2021,155558.44
World,OWID_WRL,2022,157938.77
World,OWID_WRL,2023,160876.92
World,OWID_WRL,2024,164494.1
World,OWID_WRL,2025,166753.6
Yemen,YEM,1980,27.98602
Yemen,YEM,1981,28.529768
Yemen,YEM,1982,33.491467
Yemen,YEM,1983,31.010618
Yemen,YEM,1984,38.558517
Yemen,YEM,1985,42.79465
Yemen,YEM,1986,41.182102
Yemen,YEM,1987,40.838615
Yemen,YEM,1988,42.12204
Yemen,YEM,1989,44.990585
Yemen,YEM,1990,47.05994
Yemen,YEM,1991,48.70098
Yemen,YEM,1992,51.04823
Yemen,YEM,1993,42.061832
Yemen,YEM,1994,39.833626
Yemen,YEM,1995,44.170975
Yemen,YEM,1996,44.43369
Yemen,YEM,1997,45.844643
Yemen,YEM,1998,49.638474
Yemen,YEM,1999,37.269745
Yemen,YEM,2000,60.137375
Yemen,YEM,2001,64.71264
Yemen,YEM,2002,65.27977
Yemen,YEM,2003,74.84437
Yemen,YEM,2004,79.02325
Yemen,YEM,2005,83.28513
Yemen,YEM,2006,83.21375
Yemen,YEM,2007,88.35376
Yemen,YEM,2008,92.7769
Yemen,YEM,2009,102.77994
Yemen,YEM,2010,99.73314
Yemen,YEM,2011,83.797066
Yemen,YEM,2012,72.608246
Yemen,YEM,2013,102.471664
Yemen,YEM,2014,96.989075
Yemen,YEM,2015,52.187027
Yemen,YEM,2016,41.672176
Yemen,YEM,2017,53.754486
Yemen,YEM,2018,62.903248
Yemen,YEM,2019,67.09765
Yemen,YEM,2020,61.72488
Yemen,YEM,2021,60.55528
Yemen,YEM,2022,63.259953
Yemen,YEM,2023,58.460022
Yemen,YEM,2024,61.599396
Yugoslavia,OWID_YGS,1980,542.64667
Yugoslavia,OWID_YGS,1981,610.9956
Yugoslavia,OWID_YGS,1982,632.0882
Yugoslavia,OWID_YGS,1983,654.4234
Yugoslavia,OWID_YGS,1984,746.49207
Yugoslavia,OWID_YGS,1985,783.17676
Yugoslavia,OWID_YGS,1986,772.9649
Yugoslavia,OWID_YGS,1987,792.5578
Yugoslavia,OWID_YGS,1988,799.0417
Yugoslavia,OWID_YGS,1989,809.0424
Yugoslavia,OWID_YGS,1990,802.24164
Yugoslavia,OWID_YGS,1991,713.3273
Zambia,ZMB,1980,20.592382
Zambia,ZMB,1981,18.859386
Zambia,ZMB,1982,19.220467
Zambia,ZMB,1983,18.827414
Zambia,ZMB,1984,18.086966
Zambia,ZMB,1985,17.562151
Zambia,ZMB,1986,17.711042
Zambia,ZMB,1987,17.787031
Zambia,ZMB,1988,18.848398
Zambia,ZMB,1989,16.868128
Zambia,ZMB,1990,17.11238
Zambia,ZMB,1991,15.82402
Zambia,ZMB,1992,16.958498
Zambia,ZMB,1993,15.592146
Zambia,ZMB,1994,15.410614
Zambia,ZMB,1995,13.957006
Zambia,ZMB,1996,13.966056
Zambia,ZMB,1997,15.019955
Zambia,ZMB,1998,15.09765
Zambia,ZMB,1999,13.79759
Zambia,ZMB,2000,13.790452
Zambia,ZMB,2001,14.649318
Zambia,ZMB,2002,15.54916
Zambia,ZMB,2003,16.457878
Zambia,ZMB,2004,17.068136
Zambia,ZMB,2005,18.013748
Zambia,ZMB,2006,18.269785
Zambia,ZMB,2007,16.535206
Zambia,ZMB,2008,18.010319
Zambia,ZMB,2009,18.164179
Zambia,ZMB,2010,18.886011
Zambia,ZMB,2011,21.697756
Zambia,ZMB,2012,24.018942
Zambia,ZMB,2013,25.06145
Zambia,ZMB,2014,27.598228
Zambia,ZMB,2015,28.403206
Zambia,ZMB,2016,29.224466
Zambia,ZMB,2017,34.15767
Zambia,ZMB,2018,37.213737
Zambia,ZMB,2019,36.32912
Zambia,ZMB,2020,38.494797
Zambia,ZMB,2021,41.29172
Zambia,ZMB,2022,40.039883
Zambia,ZMB,2023,50.95608
Zambia,ZMB,2024,50.972034
Zimbabwe,ZWE,1980,33.353275
Zimbabwe,ZWE,1981,33.321144
Zimbabwe,ZWE,1982,32.173836
Zimbabwe,ZWE,1983,33.13263
Zimbabwe,ZWE,1984,33.789783
Zimbabwe,ZWE,1985,36.59522
Zimbabwe,ZWE,1986,41.56519
Zimbabwe,ZWE,1987,49.107304
Zimbabwe,ZWE,1988,48.094116
Zimbabwe,ZWE,1989,50.987
Zimbabwe,ZWE,1990,53.57916
Zimbabwe,ZWE,1991,55.381153
Zimbabwe,ZWE,1992,51.74769
Zimbabwe,ZWE,1993,52.002243
Zimbabwe,ZWE,1994,49.897346
Zimbabwe,ZWE,1995,49.041496
Zimbabwe,ZWE,1996,49.80487
Zimbabwe,ZWE,1997,49.24186
Zimbabwe,ZWE,1998,50.155315
Zimbabwe,ZWE,1999,56.20451
Zimbabwe,ZWE,2000,51.767464
Zimbabwe,ZWE,2001,48.945663
Zimbabwe,ZWE,2002,47.18624
Zimbabwe,ZWE,2003,42.70381
Zimbabwe,ZWE,2004,38.649708
Zimbabwe,ZWE,2005,41.51562
Zimbabwe,ZWE,2006,41.307877
Zimbabwe,ZWE,2007,40.20587
Zimbabwe,ZWE,2008,31.116522
Zimbabwe,ZWE,2009,31.267088
Zimbabwe,ZWE,2010,35.43938
Zimbabwe,ZWE,2011,40.72422
Zimbabwe,ZWE,2012,44.849285
Zimbabwe,ZWE,2013,46.430004
Zimbabwe,ZWE,2014,44.677433
Zimbabwe,ZWE,2015,45.892387
Zimbabwe,ZWE,2016,41.841312
Zimbabwe,ZWE,2017,38.491558
Zimbabwe,ZWE,2018,42.891735
Zimbabwe,ZWE,2019,39.03368
Zimbabwe,ZWE,2020,33.16595
Zimbabwe,ZWE,2021,36.87101
Zimbabwe,ZWE,2022,57.510273
Zimbabwe,ZWE,2023,53.66193
Zimbabwe,ZWE,2024,67.522835